# Blender 5.2.0 LTS
# www.blender.org
mtllib ESCALA HUMANA.mtl
o Redhead_Girl_in_а_red_dress
v -0.111408 0.989432 0.042251
v -0.112144 0.989554 0.041472
v -0.112481 0.988984 0.041639
v -0.202354 0.513552 -0.103625
v 0.243668 1.339886 -0.126863
v 0.215382 1.442620 -0.121764
v -0.009272 1.510875 0.086735
v -0.040495 1.474899 0.079974
v 0.196012 1.452227 -0.109667
v 0.197112 1.393217 -0.094455
v -0.111919 1.126961 0.026865
v 0.234941 1.278945 -0.049003
v 0.208737 1.321601 0.032016
v 0.081667 1.569881 -0.113331
v -0.141376 0.737005 -0.042570
v -0.141489 0.799816 0.074950
v -0.189892 0.776952 -0.020699
v -0.118831 0.956164 0.069961
v -0.218613 0.411862 -0.106858
v -0.159444 0.737270 -0.000818
v -0.132946 0.904527 -0.009685
v -0.159312 0.755372 -0.001503
v -0.205128 0.541033 0.061259
v 0.014434 1.473432 0.131654
v 0.135209 1.547943 -0.065216
v -0.247714 0.466611 -0.036380
v -0.243903 0.401615 -0.091567
v -0.152633 0.783123 0.002022
v -0.162015 0.656442 0.012237
v 0.183934 1.460623 -0.091697
v 0.166880 1.491879 -0.082852
v 0.252919 1.212405 -0.078632
v -0.006046 1.447090 -0.011563
v -0.169667 0.737741 0.005724
v -0.109347 1.002057 0.038402
v 0.204037 1.547775 -0.090999
v 0.144948 1.552670 -0.079641
v 0.033924 1.350491 0.037074
v -0.203171 0.543487 0.056562
v -0.075608 0.819319 0.181179
v 0.110306 0.681078 0.219963
v 0.206315 1.465486 -0.072748
v 0.196782 1.518651 -0.043410
v 0.267993 1.239999 -0.069888
v -0.173805 0.320838 -0.115652
v 0.070475 1.469865 0.135802
v -0.217810 0.496248 -0.111202
v 0.181392 1.544002 -0.054803
v 0.206935 1.358957 -0.076813
v -0.114819 0.980880 0.047508
v -0.220622 0.404441 -0.019383
v 0.124969 0.894740 0.214456
v 0.015940 1.124712 0.175187
v 0.093927 1.421668 0.163445
v 0.169702 1.262572 0.044158
v 0.215416 1.218907 0.005992
v -0.227793 0.407116 0.040792
v -0.223879 0.393417 -0.069800
v -0.240679 0.441946 0.078575
v 0.069473 1.171258 -0.028060
v 0.014305 1.094137 -0.034264
v -0.027549 1.142019 -0.031028
v -0.216406 0.468759 0.074498
v -0.099146 1.168199 0.172897
v -0.111068 1.166311 0.167860
v -0.200730 0.498780 0.059630
v -0.134662 1.378504 0.088547
v -0.093502 1.243367 0.149785
v 0.077943 0.526126 0.099158
v -0.098532 1.308961 -0.008426
v -0.097596 1.009858 0.012478
v -0.071597 1.072099 0.023248
v 0.154266 1.409793 0.059995
v -0.056226 0.402580 0.193905
v -0.074234 0.342594 0.196787
v -0.008108 0.533634 0.207016
v 0.029995 1.495556 -0.080876
v -0.007925 1.599757 -0.019402
v 0.148382 0.942414 0.010757
v 0.096341 0.936101 0.216724
v 0.068465 0.374830 0.242839
v 0.120412 1.455645 0.114312
v 0.149461 1.456082 0.075226
v -0.133700 0.833939 -0.039161
v 0.225176 0.735545 0.123795
v 0.249629 0.595249 0.096279
v 0.011561 1.419639 -0.010718
v 0.129155 1.495383 0.004329
v 0.066591 1.418020 0.029143
v 0.099550 1.442474 0.011952
v -0.067381 1.174679 0.130298
v -0.061437 1.142859 0.180610
v -0.223107 0.306402 -0.098903
v -0.123801 0.393971 -0.063788
v -0.124344 0.977669 0.058380
v 0.132377 1.563455 -0.079615
v 0.112790 1.592463 -0.034203
v -0.258607 0.073603 -0.148800
v -0.175962 0.297403 -0.011114
v -0.167652 0.375845 0.018949
v 0.132946 1.531560 -0.047975
v 0.114275 1.523113 -0.041535
v 0.045335 0.432477 0.203130
v -0.070140 1.410908 0.114083
v -0.079833 1.379580 0.147738
v 0.183109 1.564014 -0.046732
v 0.182629 1.545792 -0.044404
v -0.129253 0.339512 -0.113171
v 0.275738 0.285112 0.097298
v 0.251515 0.523124 0.074969
v 0.208355 0.504929 0.175992
v -0.104494 0.436329 0.005782
v -0.169326 0.635683 -0.029587
v -0.182688 0.528933 0.002183
v 0.146299 1.508259 0.086678
v -0.071316 1.044635 0.102586
v 0.123534 0.175455 0.115811
v 0.054071 0.049288 0.082002
v 0.130304 0.632889 -0.039825
v -0.096218 1.164388 0.065419
v -0.101393 1.061547 0.077703
v -0.133653 0.265730 0.108441
v -0.008921 1.562295 -0.050843
v 0.118103 0.000821 0.119576
v 0.004615 1.607281 0.100943
v -0.242744 0.300820 -0.079720
v -0.256244 0.182812 -0.113841
v -0.159634 0.359468 -0.086509
v 0.126737 0.664451 0.215878
v 0.206558 0.615416 0.199137
v 0.194962 0.279488 0.232153
v 0.136976 0.314508 0.193547
v 0.076376 1.132498 0.231759
v 0.091480 1.428037 0.083973
v 0.070375 0.447419 0.130269
v 0.118529 1.411337 0.076965
v 0.116442 1.445001 0.050333
v 0.101534 0.983417 -0.034125
v -0.212008 0.085610 -0.145288
v -0.220528 0.181213 -0.122862
v -0.210855 0.002480 -0.115486
v 0.205837 1.540629 -0.108865
v 0.113243 1.613471 0.086881
v 0.122182 1.605659 0.080945
v -0.207610 0.464101 -0.110217
v -0.040450 0.476548 0.125017
v 0.175491 0.495456 0.136660
v 0.138184 1.161746 0.015114
v 0.053575 0.512561 0.137839
v -0.000760 0.462108 0.169755
v -0.172658 1.048108 0.029656
v -0.164543 0.849547 -0.022876
v -0.161109 0.932228 -0.007895
v -0.011304 1.090421 0.132392
v 0.055077 1.102631 0.152638
v -0.233557 0.274260 -0.005338
v -0.194813 0.317813 0.000972
v 0.118438 1.296643 0.015954
v -0.251099 0.129954 -0.145457
v -0.228992 0.040655 -0.093786
v 0.087356 1.562784 -0.099802
v 0.166234 1.013165 0.028621
v -0.194791 0.056454 -0.116051
v 0.197624 0.804820 0.024780
v 0.225314 1.330096 -0.133492
v 0.201608 1.248961 -0.079742
v 0.202943 0.420204 0.004658
v -0.131907 0.329722 -0.042906
v 0.168112 0.281404 0.207774
v 0.147923 0.291035 0.181321
v -0.134344 1.217463 0.022518
v -0.147018 1.309375 0.018521
v 0.013793 1.581632 -0.076660
v -0.000905 1.220458 0.211535
v -0.026011 1.143366 0.182328
v 0.226861 0.866520 0.071401
v 0.062244 1.547522 -0.089688
v 0.173850 1.264992 0.087173
v 0.191651 1.287730 0.166185
v -0.169473 1.230945 0.099896
v -0.115183 0.874379 0.114752
v -0.094334 0.744588 0.130940
v -0.048139 0.514864 0.008208
v -0.058684 0.506458 0.063537
v -0.018855 0.433636 -0.044425
v -0.192186 0.050843 -0.129025
v -0.041928 1.599819 -0.092456
v -0.165408 0.735688 -0.059047
v -0.061466 1.432078 0.020188
v -0.071935 1.390539 0.041611
v -0.040561 1.428924 -0.023398
v 0.122241 0.352380 0.210941
v 0.144276 1.313277 0.213602
v 0.215562 1.356761 0.157285
v 0.174261 1.378568 0.190885
v 0.213988 0.341865 0.113971
v 0.208107 1.300588 0.162167
v 0.058640 0.450300 0.272636
v -0.050457 1.482102 0.030681
v 0.162844 1.283878 0.036969
v 0.052417 1.097386 0.204634
v 0.071280 0.159003 0.170893
v 0.173242 1.398474 0.123844
v 0.118094 0.729548 -0.055387
v 0.211145 1.547874 -0.090587
v -0.070314 0.255770 0.156915
v -0.093419 0.591373 0.135206
v 0.032454 0.106326 0.170703
v 0.052619 0.083781 0.178929
v 0.082529 0.097768 0.186749
v -0.055235 1.201944 0.206262
v 0.005554 1.047431 -0.038131
v 0.035472 1.031852 -0.041062
v 0.223331 0.666006 0.069321
v -0.233315 0.235404 -0.110852
v 0.112842 0.034243 0.052579
v 0.103452 0.057191 0.064403
v 0.074025 0.051258 0.059634
v 0.216284 0.281461 0.104014
v 0.058356 1.390056 0.048751
v 0.080605 1.399515 0.066954
v 0.054986 1.397999 -0.014785
v 0.121601 0.413709 0.016480
v 0.112142 0.673423 0.000895
v 0.058196 1.154007 0.236175
v 0.037332 1.187433 0.233193
v -0.148246 1.373369 0.062229
v -0.157015 0.839650 0.009771
v -0.182118 0.752851 0.001681
v 0.210123 0.313371 0.029080
v -0.275771 0.057150 -0.130860
v -0.259140 0.000842 -0.166175
v -0.147357 0.826016 0.086980
v -0.005971 1.274840 -0.031533
v -0.014972 1.418097 0.070139
v 0.000174 1.396326 0.054788
v 0.185516 0.343058 0.232482
v 0.220736 1.205690 -0.090004
v 0.198677 1.221414 -0.047492
v 0.216883 0.826882 0.063167
v 0.224728 1.228866 0.027297
v -0.239835 0.489365 -0.007984
v -0.226653 0.517390 0.057529
v -0.226327 0.490237 -0.102001
v 0.154669 0.505312 0.101186
v 0.132119 0.418219 0.108266
v 0.212077 0.836185 0.154464
v 0.126869 1.609683 0.032331
v 0.143212 1.554399 -0.061934
v 0.241751 1.211124 -0.120648
v 0.258634 1.262145 -0.118738
v 0.260190 1.224402 -0.103432
v 0.033874 0.379767 0.232487
v -0.000030 0.388038 0.202658
v -0.180838 0.017021 -0.196284
v 0.095875 0.420355 -0.001207
v 0.108020 0.514022 0.061145
v 0.159336 1.283278 0.195288
v 0.143686 1.241110 0.197121
v 0.034439 1.130664 0.179708
v 0.026359 1.133469 0.160565
v -0.052136 0.434773 0.172762
v 0.177657 0.470958 0.182700
v 0.121353 0.855650 -0.011328
v 0.114864 0.948798 -0.014967
v 0.216674 0.412961 0.174159
v 0.032893 1.483689 -0.055354
v -0.060546 0.460669 0.100085
v -0.178136 0.010192 -0.153032
v -0.187137 0.000275 -0.134480
v 0.161649 1.226044 0.009466
v 0.049908 0.344725 0.281147
v -0.092720 0.888353 0.157684
v 0.078056 0.286645 0.120172
v 0.125319 0.505096 -0.060050
v -0.278961 0.102832 -0.035334
v -0.278280 0.079538 -0.064166
v -0.262200 0.065370 -0.052018
v -0.020210 0.798453 -0.076581
v 0.009432 0.699574 -0.057279
v 0.031827 1.632592 0.025670
v -0.071239 1.381653 0.052901
v -0.279125 0.145424 -0.108341
v 0.169882 1.478518 0.023423
v 0.136752 -0.000871 0.006310
v -0.176993 0.486954 0.129541
v 0.079154 1.314144 0.222416
v 0.115702 1.378262 0.195384
v 0.113470 1.541429 0.083946
v -0.003725 1.136563 0.208220
v -0.095205 1.070363 0.050941
v 0.157187 1.361922 0.069206
v -0.167002 0.384282 0.143747
v -0.191274 0.246331 0.125784
v -0.056721 1.243660 -0.042664
v 0.168987 0.434982 0.154246
v 0.194736 0.482746 0.136533
v -0.003889 1.625664 0.077444
v -0.023696 1.206397 -0.055409
v 0.124070 0.254470 0.114512
v 0.007541 1.495782 0.117662
v 0.190819 0.891009 0.171330
v 0.195834 0.814201 0.191874
v 0.049338 1.509902 0.110457
v 0.092006 1.510922 0.102792
v 0.061380 1.500208 0.134384
v 0.162157 1.158452 0.079111
v 0.162564 1.191830 0.114234
v 0.192476 1.391088 0.156784
v 0.241672 0.269095 0.068685
v -0.002094 1.447411 0.047396
v 0.069377 -0.000320 0.090396
v 0.046012 0.079469 0.144755
v 0.157451 1.518164 0.000198
v -0.027316 1.442928 0.003758
v -0.252166 0.106617 -0.022216
v 0.205962 0.746056 0.058229
v 0.201841 0.613433 0.061997
v 0.053844 0.063730 0.160640
v -0.253880 0.438411 0.032494
v -0.243542 0.398055 -0.044410
v -0.018060 0.869490 -0.058344
v 0.000484 0.858875 -0.047625
v -0.103465 0.948355 0.115319
v 0.068436 1.496851 0.135056
v 0.166512 1.285908 0.199196
v 0.004872 1.488437 -0.059570
v -0.131887 1.377039 0.045303
v -0.134279 1.362740 0.025032
v 0.230243 0.404348 0.134909
v 0.122049 1.169936 -0.006116
v 0.151332 1.403962 0.082329
v 0.142706 1.434889 0.030873
v -0.058053 1.557140 -0.030919
v -0.061059 1.530782 0.047386
v 0.002398 1.471388 -0.071085
v -0.133149 0.272404 0.068180
v 0.185992 0.591353 0.185226
v 0.189564 0.622753 0.168435
v 0.197899 0.830219 0.169522
v 0.050102 1.480988 -0.071095
v 0.192983 1.351367 0.070597
v 0.178642 1.366225 0.072751
v 0.162982 1.331666 0.044809
v 0.072638 1.169481 0.226115
v 0.111249 1.180451 0.197764
v 0.117977 1.188028 0.222898
v 0.106416 1.493629 -0.038443
v 0.087799 1.475380 -0.053134
v -0.163036 1.108609 0.064605
v 0.088179 0.520577 0.005217
v 0.271415 0.341985 0.104536
v 0.236409 0.690983 0.068800
v -0.137194 0.719192 -0.053805
v -0.146916 0.772601 -0.047903
v -0.185602 0.247540 0.153875
v 0.096155 1.549183 -0.069605
v -0.146810 0.790874 0.062207
v 0.187139 0.306435 0.095769
v 0.119072 1.193680 0.203105
v 0.128235 1.197355 0.187954
v 0.099632 1.189686 0.180485
v -0.015824 0.737730 -0.060170
v 0.186551 0.292493 0.091995
v -0.019941 1.366915 0.039130
v -0.144417 0.923326 -0.015652
v 0.111524 0.525089 0.076306
v 0.159685 0.495104 0.093404
v 0.006325 1.318732 0.199085
v -0.006406 1.243438 0.212776
v 0.032678 1.273356 0.218656
v 0.005093 1.294522 0.209621
v 0.014351 1.236022 -0.052432
v -0.194288 0.370676 0.024225
v -0.155216 0.281233 0.040171
v 0.052381 1.254252 -0.017377
v 0.042524 1.227413 -0.035900
v 0.110100 1.082153 0.136255
v 0.073651 1.063424 0.150711
v -0.181728 0.301863 0.018631
v 0.176965 1.253142 0.123370
v -0.206407 0.044112 -0.166187
v 0.188136 1.526024 -0.054545
v -0.166854 1.294998 0.096139
v 0.110423 0.210570 0.167724
v 0.095140 0.133315 0.168731
v -0.133190 1.271947 0.113239
v 0.096533 1.252168 0.239325
v 0.281110 0.268691 0.082591
v -0.101487 1.256160 0.021379
v -0.101316 1.206136 0.031745
v -0.020207 1.578430 -0.030287
v 0.012506 1.593291 -0.056068
v 0.025436 1.148297 0.218763
v -0.001588 1.078365 0.177625
v 0.067525 1.361145 0.207482
v 0.040919 1.312916 0.208712
v -0.038557 1.493658 -0.009037
v -0.211849 0.124306 -0.121924
v 0.090194 0.188084 0.167691
v -0.088941 1.403816 0.065195
v 0.253136 0.430711 0.112091
v 0.235736 0.298236 0.140242
v 0.002125 1.126267 0.168932
v -0.245095 0.190571 -0.052768
v -0.008316 1.098566 0.204052
v 0.009359 1.066496 0.216598
v -0.007200 1.061097 0.221630
v 0.040893 1.596505 -0.069077
v 0.057191 1.584171 -0.089286
v -0.101207 0.256003 0.207110
v 0.214512 0.709427 0.070328
v -0.060358 0.379618 0.146800
v 0.039901 1.601353 -0.131380
v 0.110519 0.799740 -0.004237
v 0.126442 0.052756 0.091618
v -0.081403 1.181488 0.185071
v 0.024413 1.546623 -0.082646
v 0.006969 1.518497 -0.087156
v 0.033601 0.834134 0.214140
v 0.019400 0.910287 0.203346
v 0.102859 1.459687 -0.037139
v 0.122339 1.499986 -0.006110
v -0.041450 1.529126 0.048388
v 0.005880 0.769386 0.204402
v -0.005379 1.544633 0.088254
v -0.001375 1.518369 0.093671
v 0.053873 1.412143 -0.028583
v 0.034284 1.399950 -0.015975
v -0.218014 0.399199 -0.072561
v -0.155456 0.578015 -0.073296
v 0.112472 1.562148 -0.060106
v -0.010468 0.574962 -0.054575
v 0.035663 0.505935 -0.036131
v 0.201384 1.440484 -0.074208
v 0.060841 0.000059 0.057468
v 0.010165 1.151908 0.223535
v 0.015477 1.196884 0.222320
v 0.093338 0.052501 0.145973
v -0.144974 0.246095 0.053272
v 0.072468 1.068176 0.222142
v -0.071567 1.215502 -0.025574
v -0.048429 1.178738 -0.028566
v 0.183104 1.317232 0.206535
v 0.024460 1.434205 -0.039958
v 0.037376 1.178012 0.206368
v 0.023935 1.187942 0.222079
v 0.039411 0.464247 0.186035
v 0.056951 0.468786 0.174562
v 0.109421 0.526858 0.090503
v -0.089373 1.228183 0.166964
v -0.093545 1.197170 0.172316
v -0.087885 0.473922 -0.083551
v -0.101867 0.395879 -0.068170
v -0.199650 0.496841 -0.072564
v 0.151476 0.263445 0.173200
v 0.090134 1.655031 0.018170
v 0.067283 0.134817 0.187918
v 0.013403 0.502233 0.224802
v 0.048471 0.574010 0.258428
v 0.201349 0.288133 0.102151
v 0.199905 0.350709 0.096878
v 0.104392 1.168988 0.219298
v 0.063563 1.268443 0.216322
v 0.188872 1.452514 -0.077018
v -0.058906 1.153462 0.202946
v 0.065012 1.654930 -0.041526
v -0.108594 0.459608 0.035948
v 0.122924 1.486065 0.028229
v -0.135344 1.024205 0.004238
v -0.083280 0.260084 0.226266
v 0.075199 0.184854 0.115419
v 0.143632 0.635260 0.008689
v -0.041448 1.140528 0.162895
v -0.024765 1.048682 -0.032788
v 0.121233 1.395352 0.085035
v 0.137537 1.380379 0.104300
v -0.039024 0.261393 0.217985
v 0.147311 1.107503 0.074643
v -0.036796 1.170326 0.149356
v -0.140693 1.089010 0.021438
v 0.141060 0.325740 0.186976
v 0.228608 0.532446 0.061699
v 0.124322 1.213148 0.180412
v 0.042530 1.600787 0.119681
v 0.050366 1.596984 0.099363
v 0.004988 1.622681 0.081565
v -0.044110 1.327971 0.188751
v -0.063162 1.279566 0.200535
v 0.057032 1.631345 0.063355
v 0.037667 1.440245 -0.070555
v 0.048030 1.339826 0.219296
v -0.143205 0.975353 0.063168
v 0.020236 1.606338 0.081260
v 0.084190 1.119783 0.201240
v 0.099674 1.185892 0.197491
v 0.187019 1.255050 -0.026332
v 0.203213 1.275889 -0.037620
v 0.128025 0.005332 -0.012203
v 0.134697 0.011923 -0.010546
v -0.170248 1.315809 0.047186
v -0.177391 1.250906 0.074119
v -0.169808 1.324408 0.031331
v -0.176064 1.318362 0.048983
v -0.058545 1.065586 -0.003562
v -0.163576 1.046798 0.010713
v 0.142059 1.510238 0.000926
v -0.237222 0.281337 -0.025933
v 0.217502 1.464303 -0.089637
v 0.130944 1.399386 0.057630
v -0.127619 0.722879 -0.056358
v 0.158111 0.264970 0.197761
v 0.180361 0.397182 0.195384
v -0.011645 1.234509 -0.055513
v -0.213071 0.111278 -0.085213
v -0.249721 0.060516 -0.045733
v -0.121729 1.284333 0.139887
v -0.136557 1.322010 0.122071
v 0.238870 1.339271 -0.073306
v -0.083218 0.253740 0.105306
v 0.169529 1.386588 0.106883
v 0.195798 0.937921 0.055566
v -0.021108 1.565151 -0.041871
v 0.146061 0.283169 0.204542
v -0.061222 1.329783 0.171713
v -0.071375 1.344434 0.173342
v -0.136954 0.397504 0.090573
v -0.129544 0.362765 0.069012
v -0.138234 0.464616 0.060655
v -0.006137 1.138847 0.163936
v -0.134571 0.546116 0.082677
v -0.169662 0.565877 0.094890
v -0.021640 1.514222 0.100129
v -0.253503 0.014723 -0.174154
v -0.014504 1.155134 0.183936
v -0.021791 1.168812 0.205124
v 0.061392 1.496926 -0.082680
v -0.224037 0.062608 -0.159013
v 0.033618 1.569082 -0.098968
v -0.001019 1.525060 -0.072552
v 0.132133 0.266819 0.217340
v 0.136076 0.323744 0.206333
v 0.044817 1.649849 -0.047666
v -0.273024 0.053554 -0.096818
v 0.019145 1.564519 -0.082731
v -0.158530 0.723896 -0.053186
v -0.190037 0.222451 -0.059424
v -0.053996 1.413261 0.019699
v 0.057664 1.312069 0.209051
v 0.056576 1.297541 0.218784
v 0.007943 1.113366 0.201082
v -0.006446 1.152680 0.185307
v 0.123356 0.496640 -0.073786
v 0.135092 0.470320 -0.055306
v 0.094720 1.213628 0.233048
v 0.037432 1.084390 0.201945
v 0.016337 1.111851 0.214737
v 0.178621 0.388577 0.055068
v -0.085146 0.255056 0.109398
v -0.066670 0.254789 0.131833
v -0.066029 0.254582 0.157699
v -0.157979 0.253086 0.035615
v 0.258817 1.327091 -0.098220
v 0.133483 0.485357 -0.067132
v 0.016499 0.441198 -0.032848
v -0.139491 0.242183 0.086041
v 0.146507 1.569680 -0.092616
v -0.096404 0.562070 0.117916
v -0.072820 0.300863 0.129189
v -0.098970 1.359706 0.153413
v -0.113355 1.353155 0.140758
v 0.155033 1.394762 0.162957
v -0.041095 1.119491 0.209109
v -0.060926 1.119090 0.194526
v 0.085730 0.254758 0.180864
v -0.144481 1.108983 0.023609
v -0.161053 1.123714 0.040993
v 0.086625 1.599546 0.088463
v 0.011917 1.233298 0.224478
v 0.159675 1.328720 0.215420
v -0.286600 0.119092 -0.087640
v -0.220826 0.428712 0.072755
v 0.140320 1.427981 0.142986
v 0.212675 1.228656 -0.111029
v 0.169469 1.063908 0.077967
v 0.226333 0.312331 0.112724
v 0.214593 0.288466 0.099093
v 0.140197 1.082664 0.110422
v 0.028683 1.536899 0.109908
v 0.063115 1.371752 0.058791
v 0.214619 0.434427 0.103312
v -0.078327 1.168058 0.176420
v -0.185643 0.011462 -0.231032
v 0.081027 1.528292 0.114585
v -0.013942 1.617608 0.060866
v 0.182890 1.519468 -0.069270
v 0.164429 1.516096 -0.068090
v -0.013920 1.480159 -0.067587
v -0.122576 1.269665 0.130205
v -0.072690 0.408499 0.107879
v -0.029387 1.070583 0.176470
v -0.042770 1.096360 0.200493
v 0.048652 0.115676 0.117186
v 0.003925 1.402393 0.171633
v -0.202098 0.309926 -0.101170
v -0.142074 0.627867 0.065683
v -0.017655 1.097106 0.187770
v -0.096964 1.301406 0.003849
v 0.138501 0.000481 0.095905
v 0.130639 0.035601 0.114817
v 0.160347 1.488583 0.049662
v -0.076814 0.949764 -0.022687
v -0.233799 0.426062 -0.112777
v 0.159181 1.546874 -0.053346
v -0.102862 1.269214 -0.005810
v -0.090852 1.275268 -0.004251
v 0.065851 0.265239 0.150134
v 0.185883 0.681375 0.178465
v -0.050946 1.094942 0.198123
v -0.077675 1.137330 0.187301
v 0.071331 0.341342 0.195155
v 0.053027 0.001767 0.171511
v 0.115652 0.114808 0.091265
v 0.130497 0.721797 -0.050663
v 0.125423 0.870457 -0.033657
v 0.193061 0.479960 0.143678
v 0.189077 0.384249 0.166751
v 0.203454 0.378710 0.159243
v -0.002473 1.128314 0.187336
v -0.016065 1.098145 0.198723
v -0.211706 0.231153 -0.107431
v -0.066150 1.530811 0.101205
v 0.106129 0.444720 0.011617
v 0.131746 0.439891 -0.030855
v 0.086891 0.023053 0.028245
v 0.145267 1.260090 0.222631
v -0.071411 1.206832 0.145965
v 0.095928 1.317704 0.236006
v -0.075805 1.077181 0.049354
v -0.069162 1.083556 0.074558
v -0.070799 0.717882 -0.070715
v -0.055825 1.031953 0.115028
v 0.172233 0.551773 0.227074
v 0.140408 1.255093 0.234368
v -0.063088 1.172981 0.169862
v -0.048666 1.194999 0.155111
v 0.056526 0.537684 0.014535
v -0.022613 1.448252 0.028835
v 0.144614 1.222323 0.209046
v -0.115287 1.389091 0.106290
v 0.108489 0.271112 0.110486
v -0.072525 0.278618 0.214840
v -0.058593 1.284070 -0.021577
v -0.133847 0.806368 0.112881
v -0.013145 0.413521 -0.048149
v 0.091158 0.518665 -0.007456
v 0.105417 0.431583 -0.006272
v 0.151063 1.408530 0.074714
v 0.139906 0.015583 0.034039
v -0.008352 1.463218 0.127539
v 0.018914 0.266304 0.250858
v -0.001050 0.344093 0.243018
v 0.030933 1.110278 0.208469
v 0.059139 1.108824 0.225534
v 0.096462 1.151832 0.194263
v -0.142060 0.282184 0.096983
v -0.040928 1.365063 0.178814
v 0.120808 0.850487 -0.048715
v -0.096671 0.257388 0.218402
v 0.044780 1.065552 0.215300
v 0.032693 1.092481 0.212237
v -0.078464 1.328910 0.169805
v -0.065908 1.294917 0.180979
v -0.055465 1.366639 0.048634
v -0.056035 1.385143 0.055916
v 0.025905 1.379653 0.049202
v -0.066498 1.228676 0.195936
v 0.114130 1.278881 0.225495
v 0.032277 1.083508 0.205275
v -0.005894 1.501162 0.111083
v -0.023341 1.472081 0.118865
v 0.162320 1.549617 -0.074658
v 0.103189 1.143278 0.216586
v -0.060433 1.437781 0.088446
v -0.111436 0.344334 -0.105094
v -0.138047 0.352129 -0.104670
v 0.162280 1.515527 0.109202
v -0.033032 1.396972 0.004932
v -0.037854 1.394991 0.001278
v -0.209278 0.175018 -0.095623
v -0.168656 0.839523 -0.001579
v 0.173092 1.510461 0.091389
v -0.180306 0.404212 0.106152
v 0.008313 1.035872 0.220313
v 0.133510 1.067376 0.020269
v -0.133712 0.365905 0.043291
v 0.134589 1.200209 0.196853
v 0.121728 1.232665 0.209354
v 0.189520 1.529042 0.029718
v 0.119011 1.029367 -0.010398
v -0.011479 1.577343 -0.096342
v -0.038679 1.097343 -0.022407
v 0.143704 1.230611 0.236635
v 0.062124 1.129524 0.203686
v 0.182340 0.307366 0.192065
v 0.216908 0.376965 0.216342
v -0.143750 0.283215 0.122206
v -0.096592 0.284605 0.102365
v 0.089258 0.861489 -0.042919
v 0.070591 0.195956 0.159825
v 0.059779 0.160855 0.156762
v -0.145362 0.720954 -0.039839
v -0.176241 0.728739 -0.028111
v -0.086844 0.466462 -0.025229
v -0.010676 1.457709 0.008057
v 0.044258 1.435562 -0.052291
v 0.042578 1.482244 -0.071311
v 0.091359 0.052174 0.058114
v -0.154242 1.070572 0.080964
v 0.071571 0.150359 0.097516
v 0.081649 1.420171 -0.015214
v -0.175022 0.247696 0.155312
v 0.022374 1.657382 0.020587
v 0.063875 1.452752 -0.051290
v 0.109457 1.219851 0.228628
v 0.004985 0.543690 0.067448
v 0.260108 1.260106 -0.049191
v 0.014256 1.421294 0.031011
v 0.104058 1.531723 0.101699
v -0.085726 1.308335 0.169324
v -0.077045 1.256893 0.200979
v 0.166362 1.519350 -0.083514
v 0.185293 1.484552 -0.102426
v -0.030151 0.300313 0.217063
v 0.099707 1.104556 0.141931
v 0.190395 0.365835 0.105131
v -0.062763 0.914931 0.175026
v 0.122772 1.629017 0.046599
v 0.154341 0.399525 0.121496
v 0.061777 1.480396 -0.057015
v -0.118565 0.955936 0.034670
v 0.188543 1.266339 0.117685
v 0.095229 1.595955 0.116248
v 0.037461 1.424205 -0.043044
v 0.102653 0.549126 -0.005745
v 0.064976 0.422660 0.202316
v 0.107009 0.388421 0.010414
v 0.009110 1.159591 -0.040724
v -0.004889 1.134506 -0.039080
v 0.089273 1.570838 -0.088653
v -0.098587 0.737120 -0.067452
v 0.194049 0.543827 0.001170
v -0.116138 0.251037 0.102558
v 0.140404 1.241386 -0.013166
v 0.132707 1.207630 -0.016716
v 0.101599 1.205150 -0.031160
v -0.089378 1.382213 0.052031
v -0.153167 1.282404 0.112356
v -0.153049 1.232029 0.110557
v 0.226392 0.263780 0.227316
v 0.208497 0.442277 0.229367
v 0.221812 0.319771 0.128165
v 0.214549 0.386454 0.121702
v 0.094223 1.084237 0.208987
v -0.112300 0.986520 0.030880
v -0.095168 0.815287 0.152111
v 0.071669 1.165947 0.175759
v 0.037985 1.375309 0.205703
v 0.255711 0.268180 0.063881
v -0.157121 0.715412 -0.050281
v -0.153827 0.719556 -0.051655
v 0.080619 1.538255 0.107531
v 0.072508 1.051563 0.211775
v -0.025258 1.370773 0.184140
v 0.016810 1.367107 0.194637
v 0.277123 0.265607 0.116946
v 0.024502 1.044403 0.224882
v 0.190616 0.747037 0.169903
v 0.218508 1.533551 -0.105109
v -0.005000 1.448001 -0.025594
v -0.131402 1.360261 0.130567
v 0.201721 1.572443 -0.099291
v 0.213930 0.316479 0.015667
v -0.030369 0.810844 0.204466
v 0.191504 0.411519 0.081552
v 0.055941 0.600732 -0.038136
v 0.186963 1.565964 -0.065258
v -0.074269 0.506798 0.021125
v 0.098359 1.455774 0.045996
v 0.145937 1.509212 0.129595
v 0.196643 0.316083 0.085501
v -0.114736 1.054381 0.030241
v -0.072568 1.169575 0.167844
v -0.080368 1.115378 0.018186
v -0.220591 0.506303 -0.005449
v -0.113345 0.252305 0.107145
v -0.139708 0.729486 0.081527
v 0.195396 1.577186 -0.082474
v 0.087076 1.590645 -0.065199
v -0.126835 0.790515 -0.058248
v -0.111724 1.374472 0.133998
v 0.084589 1.042544 0.214578
v 0.091686 1.041502 0.205930
v -0.182722 0.742435 -0.035755
v 0.056976 1.062399 0.219452
v 0.062891 1.037272 0.206911
v -0.009599 1.143108 0.154690
v -0.021242 1.134968 0.166034
v -0.029230 1.531602 0.055758
v 0.215319 0.382411 0.096527
v 0.036294 0.126303 0.177045
v 0.080817 1.161878 0.203166
v -0.194811 0.224837 -0.087447
v 0.116412 0.113039 0.148168
v -0.130558 0.275894 0.055778
v 0.115526 1.159273 0.217423
v 0.138807 0.467624 -0.047551
v -0.001079 1.156612 0.173503
v 0.140350 0.268976 0.128016
v 0.183718 1.562454 -0.077334
v -0.078375 0.369106 -0.068652
v 0.211303 1.299185 -0.121463
v 0.120782 1.581906 -0.121874
v -0.193776 0.496722 0.018467
v 0.217652 0.280534 0.229034
v 0.090914 0.198207 0.102749
v 0.195496 0.448279 0.156348
v -0.032700 1.556030 0.047030
v 0.066688 0.793085 0.237932
v 0.111993 0.170886 0.155065
v -0.009431 1.183492 0.207799
v 0.004920 1.172227 0.212612
v 0.156237 1.425620 0.089391
v 0.032994 0.439777 0.257559
v 0.024136 1.559584 -0.102160
v 0.103530 0.346628 0.216468
v 0.117228 0.316135 0.207589
v -0.266682 0.000810 -0.126620
v -0.245024 0.037010 -0.166967
v -0.158150 1.213893 0.036678
v 0.136320 1.355931 0.208563
v -0.063259 1.117923 0.204700
v -0.118608 0.794123 -0.041065
v -0.049607 1.147090 0.201523
v 0.125147 1.297628 0.230828
v 0.087087 0.543982 0.039623
v 0.103784 0.306546 0.248743
v 0.038296 1.246712 0.213881
v 0.071903 0.406326 0.269258
v 0.159198 0.352181 0.016185
v 0.157604 1.355819 0.205397
v 0.168105 1.348284 0.194921
v 0.149095 0.824875 0.005906
v 0.154604 1.300271 0.019242
v 0.170037 1.248994 0.159926
v -0.051016 0.960384 -0.034284
v -0.059480 1.035342 -0.016962
v 0.098235 1.127142 0.232121
v -0.051671 1.449381 0.044040
v -0.247171 0.419242 0.064461
v 0.106443 1.395777 0.106839
v -0.088406 1.261988 0.173448
v 0.180303 0.481722 0.175287
v 0.183032 0.377922 0.183001
v 0.261616 0.454430 0.092590
v 0.101749 1.236997 0.229886
v 0.197761 1.516318 -0.075635
v 0.042820 1.115559 0.190029
v -0.194198 0.301228 0.136925
v 0.052353 1.080449 -0.034945
v 0.039166 1.067722 -0.030515
v 0.088623 1.064950 0.212312
v 0.085791 1.096414 -0.018570
v -0.236816 0.105307 -0.031225
v -0.257055 0.133426 -0.028257
v 0.062754 0.019856 0.052388
v -0.097403 1.257910 0.163079
v 0.098198 1.092020 -0.017113
v 0.219935 1.463913 -0.112421
v 0.098844 1.071148 -0.022989
v 0.082512 0.655995 -0.041561
v 0.015291 1.596205 -0.127560
v 0.021327 1.508962 0.160603
v -0.124052 1.154108 0.181103
v -0.027995 1.192861 0.214048
v 0.111460 0.454136 0.104180
v 0.086967 0.450042 0.112232
v -0.182525 0.624584 0.037340
v 0.149237 1.433230 0.112503
v 0.124877 0.434626 0.048273
v -0.112094 1.168501 0.175676
v 0.095134 1.111875 0.214218
v -0.004011 1.463108 -0.041535
v 0.109264 0.861564 0.219190
v 0.026078 0.265127 0.251218
v -0.202466 0.525428 0.064570
v 0.076147 1.101523 0.220157
v -0.154277 0.841830 -0.039409
v 0.093270 1.076894 0.222004
v 0.100932 1.099686 0.221658
v 0.092337 1.084145 0.229399
v 0.257467 0.379529 0.069685
v 0.076504 0.269641 0.284669
v -0.139305 0.858446 0.011921
v 0.025958 0.529709 0.115004
v 0.183495 1.287290 0.201984
v 0.185050 1.297593 0.194779
v 0.029813 1.281657 -0.009488
v 0.122186 0.266468 0.221180
v 0.064692 1.049781 0.230302
v 0.065457 0.191601 0.147770
v -0.020247 1.554881 -0.030882
v -0.118142 0.422732 0.108918
v -0.084202 0.291189 0.109306
v -0.109551 1.245405 0.156996
v -0.110088 1.251432 0.135754
v 0.202634 0.475119 0.089547
v 0.063112 0.518222 -0.008190
v 0.193394 1.544457 -0.072517
v 0.140086 1.471925 0.079432
v -0.141128 0.442058 0.085272
v 0.157416 1.563790 -0.094551
v 0.137374 1.544983 -0.015777
v 0.126398 1.571951 -0.031305
v 0.044040 1.438756 0.156329
v 0.058520 0.105615 0.196240
v 0.219319 0.266191 0.178268
v -0.258111 0.064915 -0.037761
v 0.050404 1.492473 0.120509
v -0.075086 1.585456 -0.049556
v -0.025864 0.830183 -0.048990
v 0.201794 0.261223 0.190085
v 0.038604 1.277981 -0.024352
v 0.179921 1.342507 0.202232
v 0.081542 1.500659 0.106935
v 0.056264 1.260597 -0.003031
v 0.263968 0.291379 0.079059
v 0.146874 1.123285 0.104401
v -0.045954 0.926743 -0.037724
v 0.286705 0.270889 0.100445
v 0.241460 0.387107 0.061470
v -0.033951 1.113541 0.172750
v -0.034132 1.107009 0.192005
v -0.018023 0.885267 -0.044931
v -0.025840 1.513393 0.142282
v -0.177770 0.552048 0.048533
v 0.245969 0.263683 0.135387
v 0.181793 1.512566 -0.058970
v 0.144212 0.268769 0.150169
v -0.165687 0.965723 0.052238
v -0.033247 0.840610 -0.070736
v 0.007786 0.930622 -0.063570
v -0.026966 0.819675 -0.072007
v 0.083377 1.443996 -0.044841
v 0.069782 0.949100 0.211928
v -0.089091 0.384827 -0.068732
v -0.077021 0.371655 -0.061447
v 0.130452 0.492106 -0.045591
v -0.105026 1.202546 0.090496
v -0.122635 1.248976 0.109597
v 0.102366 1.558540 -0.072646
v 0.122935 0.100530 0.112010
v 0.205712 0.644418 0.210188
v -0.076761 1.168846 0.001144
v 0.015089 1.031032 0.204587
v -0.120077 1.251310 0.020102
v 0.181283 0.377003 0.081603
v 0.077465 1.078277 0.213639
v -0.095673 0.489208 0.175341
v 0.015378 1.083635 0.193648
v 0.080716 1.247508 0.224511
v 0.084895 1.266757 0.237274
v 0.029445 1.627305 -0.050027
v -0.099784 1.244880 0.027497
v -0.168614 0.776873 -0.066483
v 0.109947 0.508590 -0.070003
v 0.150833 1.384502 0.103115
v 0.053620 1.655347 -0.037281
v 0.044700 1.144907 0.221385
v 0.112091 1.468996 0.029477
v -0.062320 0.345652 0.206041
v -0.252267 0.164467 -0.052780
v -0.019233 1.064639 -0.022367
v 0.093761 1.614950 0.055629
v 0.107193 0.383288 0.015242
v -0.199350 0.504310 -0.109347
v 0.093432 0.404619 -0.001713
v 0.126257 0.440525 -0.032107
v -0.206761 0.510552 0.053439
v 0.074271 1.629989 -0.052903
v -0.019134 1.280463 0.202930
v 0.153724 0.324208 0.167100
v -0.102577 0.377392 0.089286
v -0.114053 0.310932 0.089211
v -0.221837 0.268519 0.002469
v 0.100403 0.546717 -0.041982
v 0.101677 0.555542 -0.024149
v 0.110329 0.667732 -0.015151
v 0.088083 1.354771 0.048956
v 0.010797 1.020838 0.212403
v 0.034236 1.010488 0.213822
v 0.127984 1.542286 0.064031
v 0.190477 1.313790 0.181924
v 0.023029 1.049705 0.216181
v 0.120453 1.023081 0.170809
v -0.137667 0.242108 0.075851
v 0.228290 1.324814 0.128142
v 0.205417 0.409818 0.127088
v -0.191946 0.250632 0.153261
v 0.166906 1.482847 0.011193
v 0.203414 0.966396 0.063619
v 0.092730 1.057175 -0.013573
v 0.216947 0.647889 0.165094
v -0.090554 1.555815 0.031809
v 0.218219 1.350430 0.077115
v 0.173428 0.421312 0.178928
v -0.156508 1.314172 0.013202
v 0.064097 0.580899 -0.028160
v -0.153541 0.787764 0.029228
v 0.164855 1.522919 0.015382
v 0.086369 1.187874 0.227147
v 0.072570 1.213861 0.225667
v 0.069273 1.151552 0.191107
v 0.083722 0.574563 -0.030758
v 0.052880 1.122056 0.208872
v 0.136003 1.180289 0.155877
v 0.231578 1.307800 0.036920
v 0.199186 1.485534 -0.121121
v -0.178758 0.730769 -0.058852
v 0.004157 1.502462 -0.069635
v 0.045503 1.595054 0.124946
v -0.187088 0.281515 0.117578
v 0.146929 0.263241 0.211938
v 0.153608 1.076305 0.058935
v -0.115470 0.693330 0.112069
v 0.181895 0.263820 0.234784
v 0.213220 0.309428 0.043344
v 0.045003 0.547442 0.081230
v 0.019803 0.548062 0.040758
v -0.136231 0.405702 0.022932
v 0.224019 0.266760 0.236551
v -0.047333 1.393844 0.065800
v 0.204508 0.290209 0.175141
v -0.080853 0.282512 0.203776
v -0.134253 1.277814 0.127206
v 0.113103 1.448036 0.039325
v -0.097453 1.403185 0.088015
v -0.121796 1.384092 0.069479
v 0.115813 1.487461 0.019110
v -0.003666 1.479380 -0.047376
v -0.167344 0.766265 0.001821
v 0.214589 0.472035 0.221817
v -0.157506 0.762209 -0.018947
v -0.008438 1.034170 0.145014
v 0.033983 1.057790 0.152402
v 0.089870 1.494655 -0.071743
v 0.045447 1.435253 -0.071413
v 0.138546 1.101632 0.028043
v 0.099598 0.411812 -0.013691
v 0.003364 1.355437 0.189243
v -0.029513 1.418281 0.033655
v 0.116316 1.391464 0.104342
v -0.192972 0.496451 -0.088474
v 0.205930 0.263101 0.240521
v -0.232941 0.083017 -0.056959
v 0.104491 1.498443 0.094027
v -0.117021 1.270236 0.140221
v 0.002322 1.617135 0.033209
v 0.109701 1.191321 0.233647
v -0.012971 1.583242 -0.023285
v -0.257179 0.003007 -0.047087
v 0.026289 1.487536 -0.062393
v -0.190771 0.007452 -0.233442
v -0.207099 0.450021 -0.004559
v -0.197621 0.484166 -0.002676
v -0.194167 0.495574 -0.029526
v -0.048525 1.093679 0.182326
v 0.081020 0.315950 0.251533
v 0.166212 0.392164 0.013844
v 0.119413 1.404901 0.051491
v 0.075619 1.084274 0.203171
v 0.071511 0.316673 0.256144
v 0.091742 0.520871 -0.011784
v -0.171816 0.322046 -0.111145
v -0.146801 0.769558 -0.018631
v 0.202491 0.323285 -0.001833
v 0.185928 0.462016 0.000281
v 0.167556 0.441275 0.076403
v 0.202928 0.312009 0.185946
v 0.040230 1.659520 -0.030439
v -0.217478 0.523458 0.062438
v 0.033494 0.990789 -0.046551
v 0.062472 0.268985 0.287921
v -0.027336 1.149942 0.206827
v -0.188656 0.247554 0.128756
v 0.167755 1.307680 0.038801
v -0.107726 1.289945 -0.009062
v -0.017674 1.343413 0.195797
v -0.030849 1.524749 -0.039504
v -0.035611 1.340951 0.182629
v 0.079182 1.506796 0.162565
v 0.217087 0.530093 0.087853
v -0.012647 1.449652 -0.046914
v 0.195542 1.563614 -0.096716
v 0.030250 1.239925 0.210166
v 0.182115 1.258813 0.191032
v -0.059607 1.091053 -0.003396
v 0.041940 0.313517 0.242184
v -0.136140 0.333681 -0.015628
v -0.040032 1.546059 0.006778
v 0.164532 1.331423 0.205587
v 0.170113 1.311497 0.197771
v -0.043233 1.443466 0.114784
v -0.189388 0.434719 -0.085890
v 0.016703 0.839418 -0.055329
v 0.210046 0.622815 0.077498
v 0.042678 1.066368 0.207039
v 0.084022 0.556002 -0.041622
v 0.231419 1.251969 0.060253
v -0.230804 0.487199 -0.045641
v 0.121146 1.102677 0.126101
v 0.170095 1.561959 -0.099099
v -0.186316 0.000054 -0.218214
v 0.038957 1.041953 0.217663
v 0.052140 1.029720 0.227014
v 0.052407 1.034725 0.214667
v -0.205033 0.263786 0.018598
v 0.029046 0.308474 0.250856
v -0.113583 1.304960 0.152676
v -0.125536 1.341323 0.143380
v 0.150795 0.984452 0.177634
v 0.190837 0.964379 0.139516
v -0.041093 1.409566 0.145883
v 0.190458 1.569714 -0.107789
v 0.053945 1.200823 0.230791
v 0.201442 0.426113 0.150718
v -0.026386 1.518895 0.066484
v -0.036872 1.528454 0.040233
v -0.054070 1.373149 0.172315
v -0.078031 1.392782 0.139407
v 0.169838 0.378670 0.036064
v 0.148314 1.524971 -0.018374
v 0.057382 1.425506 -0.041723
v 0.174117 1.289906 0.187124
v -0.030177 1.544033 0.005083
v 0.106072 0.193058 0.100846
v -0.250231 0.000469 -0.041990
v -0.247036 0.291704 -0.051250
v -0.048293 1.244193 0.214366
v 0.170821 0.276771 0.189772
v -0.227768 0.145554 -0.069483
v -0.030200 1.243675 0.204276
v 0.065285 1.639212 -0.002089
v 0.066501 1.102916 -0.025899
v 0.139167 1.558187 0.010902
v -0.079315 1.199101 0.161912
v 0.192625 1.525647 0.018259
v -0.070983 1.528445 0.096685
v 0.170366 1.038925 0.042708
v 0.184699 0.439144 0.112223
v -0.011999 0.758663 -0.064013
v -0.003081 1.050143 0.197231
v -0.198924 0.506166 -0.103838
v -0.227217 0.186939 -0.050601
v 0.163982 1.290947 0.217240
v -0.133246 0.772174 -0.034092
v -0.174275 0.263797 0.145310
v -0.190928 0.489883 -0.067367
v -0.127750 0.894477 0.008253
v -0.138548 1.077400 0.092710
v -0.139571 0.793835 -0.060427
v -0.044431 0.679363 0.201620
v -0.034963 0.262104 0.224232
v 0.195107 0.287860 0.105247
v 0.147630 1.544986 -0.065384
v 0.142669 1.508883 0.049447
v 0.189383 1.506836 -0.089116
v 0.070663 1.063193 0.208893
v 0.173327 1.263587 0.199422
v 0.192465 1.272792 0.139233
v 0.192398 1.564828 -0.088860
v -0.163860 0.763141 0.047022
v 0.064591 0.051111 0.123062
v -0.044884 1.088482 0.112022
v -0.261121 0.191241 -0.073034
v 0.216778 1.277274 -0.058986
v -0.219414 0.386038 -0.007059
v 0.139938 1.353244 0.071808
v -0.099907 0.355296 0.209458
v -0.181034 0.273067 0.137761
v -0.041782 0.912719 -0.038234
v 0.041350 1.072976 0.221419
v 0.027283 1.450605 -0.048216
v -0.004949 1.323040 0.209561
v 0.151624 1.452112 0.034472
v -0.108667 0.530883 -0.095537
v 0.062231 0.050708 0.168964
v -0.079730 0.585015 0.200485
v 0.155794 0.742922 0.218169
v 0.054396 0.001736 0.163286
v 0.144794 0.263958 0.178940
v 0.199498 0.767593 0.194442
v 0.211053 1.522831 -0.045070
v 0.222318 1.529411 -0.064039
v -0.009167 0.816819 -0.061424
v 0.115543 1.008662 -0.024885
v 0.141069 1.188376 0.203647
v 0.231020 0.334530 0.067133
v 0.238690 1.278505 0.058694
v 0.028468 1.320215 0.207303
v 0.131616 1.523511 0.056510
v 0.132556 1.504862 0.065378
v 0.108883 1.057686 0.226851
v 0.146768 0.306766 0.189914
v -0.186823 0.779301 -0.047791
v -0.096474 1.166127 0.044059
v 0.043158 1.410269 0.025857
v 0.028698 1.201437 -0.045263
v 0.063807 1.053084 -0.029337
v 0.144826 1.209183 0.225938
v 0.082286 0.072863 0.167091
v 0.211047 0.449844 0.031503
v 0.158475 1.360601 0.207080
v -0.136141 0.270124 0.101157
v 0.007549 1.038395 0.192999
v 0.227937 1.350363 0.094357
v 0.113864 1.246226 -0.022977
v 0.184897 0.267361 0.206603
v 0.217053 0.264522 0.217469
v -0.136891 1.250177 0.131555
v -0.030356 1.465012 -0.031266
v 0.006590 1.313284 0.007065
v -0.166816 0.734106 0.003636
v -0.171538 0.733377 0.003788
v -0.205473 0.435507 -0.064576
v -0.132789 0.744139 -0.043792
v -0.012425 1.390924 0.170762
v 0.114430 1.209369 0.200786
v -0.000424 1.333889 0.026448
v -0.122677 1.146924 0.190569
vn 0.3662 0.9295 -0.0432
vn 0.4052 0.9138 -0.0288
vn 0.3240 0.9456 -0.0313
vn -0.0369 0.3847 -0.9223
vn 0.0323 0.3699 -0.9285
vn -0.1605 0.4097 -0.8980
vn -0.7019 0.5992 0.3851
vn -0.6519 0.5899 0.4766
vn -0.6329 0.5983 0.4914
vn 0.1766 0.0417 -0.9834
vn 0.1951 0.0523 -0.9794
vn 0.1544 0.0533 -0.9866
vn -0.9908 0.0423 0.1286
vn -0.9910 0.0415 0.1273
vn -0.9893 0.0352 0.1414
vn 0.0527 -0.8316 -0.5529
vn 0.0369 -0.8463 -0.5315
vn 0.1168 -0.8115 -0.5726
vn -0.7678 0.2586 -0.5861
vn -0.7556 0.2602 -0.6011
vn -0.7694 0.2556 -0.5854
vn 0.9514 -0.2678 -0.1520
vn 0.9456 -0.2850 -0.1568
vn 0.9586 -0.1912 -0.2109
vn -0.8982 0.2502 -0.3614
vn -0.8973 0.3288 -0.2947
vn -0.8695 0.2972 -0.3945
vn -0.1522 0.4854 0.8609
vn -0.1625 0.4963 0.8528
vn -0.1567 0.4725 0.8673
vn -0.7522 0.4148 -0.5121
vn -0.7541 0.4112 -0.5122
vn -0.6627 0.4936 -0.5633
vn -0.8585 0.1747 -0.4821
vn -0.8774 0.1392 -0.4591
vn -0.8827 0.1638 -0.4405
vn -0.8154 -0.5742 0.0735
vn -0.8207 -0.5656 0.0810
vn -0.8302 -0.5515 0.0811
vn -0.6925 -0.3011 -0.6556
vn -0.7079 -0.3317 -0.6235
vn -0.6489 -0.5047 -0.5694
vn 0.1850 0.2615 -0.9473
vn 0.1624 0.2550 -0.9532
vn 0.1988 0.2602 -0.9449
vn -0.3165 0.3084 0.8971
vn 0.0679 -0.2282 -0.9712
vn -0.1935 0.2319 0.9533
vn 0.2226 0.2175 0.9503
vn 0.5993 0.3644 0.7128
vn -0.3509 -0.4486 -0.8220
vn -0.8208 0.4069 0.4009
vn -0.6660 0.5244 -0.5305
vn -0.9227 0.3852 -0.0116
vn 0.0236 -0.4536 0.8909
vn 0.1708 -0.4024 0.8994
vn 0.0557 -0.4419 0.8953
vn -0.5074 0.1551 -0.8477
vn -0.7724 0.2209 -0.5955
vn -0.7628 0.2336 -0.6030
vn 0.2708 0.9547 -0.1237
vn 0.3373 0.9193 -0.2030
vn 0.2435 0.9621 -0.1224
vn -0.9253 0.3429 0.1620
vn -0.9354 0.3240 0.1414
vn -0.9147 0.3612 0.1816
vn -0.3667 0.9217 -0.1265
vn -0.8565 0.4578 -0.2383
vn -0.4590 0.8777 0.1377
vn 0.9487 -0.1724 0.2650
vn 0.8992 -0.2985 0.3200
vn 0.9273 -0.2588 0.2705
vn -0.9588 -0.0000 -0.2842
vn -0.9537 -0.0596 -0.2949
vn -0.9612 -0.0574 -0.2698
vn 0.4393 -0.7368 -0.5139
vn 0.3475 -0.6844 -0.6410
vn 0.4476 -0.3790 -0.8099
vn 0.6217 -0.7731 0.1257
vn 0.6883 -0.7166 0.1129
vn 0.8038 -0.5874 0.0939
vn 0.7988 -0.3048 0.5188
vn 0.8019 -0.2897 0.5226
vn 0.8606 -0.2625 0.4364
vn 0.8323 -0.2213 0.5082
vn 0.9661 -0.0522 -0.2529
vn 0.9610 -0.1800 0.2101
vn 0.3010 0.5884 -0.7505
vn 0.3205 0.6091 -0.7255
vn 0.2815 0.6061 -0.7439
vn 0.5726 0.8049 0.1559
vn 0.7158 0.6963 0.0529
vn 0.5894 0.7696 0.2455
vn 0.4035 0.1085 0.9085
vn 0.4047 0.0935 0.9097
vn 0.3987 0.1008 0.9115
vn 0.0846 0.6132 0.7854
vn 0.1076 0.6069 0.7874
vn 0.0589 0.6245 0.7788
vn -0.5004 -0.3147 0.8066
vn -0.4592 -0.3012 0.8357
vn -0.4765 -0.2985 0.8269
vn -0.5063 0.2970 0.8096
vn -0.5162 0.2618 0.8155
vn -0.4976 0.2917 0.8169
vn -0.6624 -0.7392 0.1215
vn -0.6042 -0.7862 0.1300
vn -0.6133 -0.7805 0.1216
vn -0.5823 -0.0256 -0.8126
vn -0.5863 -0.0448 -0.8088
vn -0.5487 -0.0576 -0.8340
vn 0.3170 -0.0183 0.9483
vn 0.2810 -0.0501 0.9584
vn 0.2844 -0.1714 0.9433
vn 0.0549 -0.9980 0.0322
vn 0.2706 -0.8053 0.5275
vn 0.1257 -0.9889 -0.0790
vn 0.8964 -0.2663 -0.3544
vn 0.9014 -0.2558 -0.3493
vn 0.8644 -0.2492 -0.4367
vn -0.1958 -0.8390 -0.5077
vn -0.3036 -0.8031 -0.5127
vn -0.2198 -0.8296 -0.5133
vn -0.5820 0.8130 0.0187
vn -0.6223 0.7789 -0.0783
vn -0.4020 0.9105 -0.0969
vn 0.4042 -0.6735 -0.6189
vn 0.4306 -0.6836 -0.5893
vn 0.4589 -0.6617 -0.5930
vn -0.8117 0.4037 -0.4221
vn -0.8140 0.4288 -0.3919
vn -0.7804 0.3829 -0.4943
vn 0.9883 -0.0834 -0.1278
vn 0.9789 -0.1349 -0.1533
vn 0.9869 -0.0874 -0.1356
vn 0.8763 -0.3178 -0.3620
vn 0.9554 -0.2456 -0.1642
vn 0.9262 -0.3055 -0.2208
vn -0.1104 0.0394 0.9931
vn -0.0948 0.0130 0.9954
vn -0.0908 0.0116 0.9958
vn -0.1309 -0.0336 -0.9908
vn -0.2033 -0.0674 -0.9768
vn -0.1509 -0.0306 -0.9881
vn -0.9549 0.2939 0.0428
vn -0.9482 0.3072 0.0815
vn -0.9529 0.2983 0.0548
vn -0.3354 -0.3213 0.8856
vn -0.2133 -0.3356 0.9176
vn -0.3470 -0.3331 0.8767
vn 0.9351 0.3085 0.1744
vn 0.9357 0.3123 0.1641
vn 0.9397 0.2974 0.1688
vn -0.8093 -0.2398 0.5362
vn -0.7921 -0.2526 0.5557
vn -0.7836 -0.2571 0.5655
vn 0.8422 0.0052 0.5391
vn 0.8555 0.0469 0.5156
vn 0.8234 0.0517 0.5650
vn -0.9099 -0.1315 -0.3934
vn -0.9043 -0.0988 -0.4152
vn -0.9169 -0.0869 -0.3894
vn 0.8117 -0.0850 -0.5779
vn 0.7822 -0.0726 -0.6187
vn 0.7914 -0.0969 -0.6036
vn 0.6669 -0.7083 0.2313
vn 0.6893 -0.6744 0.2649
vn 0.6937 -0.6782 0.2426
vn -0.6368 -0.2446 -0.7312
vn -0.2489 -0.3277 -0.9114
vn -0.5972 -0.2398 -0.7654
vn -0.6643 -0.4025 0.6299
vn -0.6326 -0.3941 0.6668
vn -0.6383 -0.4010 0.6571
vn -0.3987 0.2475 -0.8831
vn -0.4261 0.2438 -0.8712
vn -0.4239 0.2464 -0.8716
vn 0.6722 0.4895 -0.5555
vn 0.6630 0.4344 -0.6097
vn 0.6841 0.4544 -0.5705
vn 0.2576 -0.3953 0.8817
vn 0.2113 -0.3786 0.9011
vn 0.2089 -0.4024 0.8913
vn 0.2005 -0.7718 -0.6034
vn 0.2398 -0.8192 -0.5210
vn 0.1548 -0.8630 -0.4809
vn -0.7536 0.3788 -0.5373
vn -0.5997 0.4330 -0.6730
vn -0.6926 0.3965 -0.6027
vn -0.5043 0.0128 -0.8634
vn -0.5732 0.0142 -0.8193
vn -0.4393 0.0349 -0.8976
vn -0.6323 -0.2163 0.7439
vn -0.5605 -0.3262 0.7612
vn -0.5288 -0.3230 0.7849
vn -0.4613 0.2825 0.8411
vn -0.5749 0.3532 0.7381
vn -0.6340 0.3074 0.7096
vn -0.5783 -0.2649 0.7716
vn -0.5644 -0.2751 0.7783
vn -0.5931 -0.2684 0.7590
vn 0.4320 0.1860 0.8825
vn 0.1877 0.1214 0.9747
vn 0.3746 0.1506 0.9149
vn 0.7864 0.5492 0.2827
vn 0.7558 0.5515 0.3531
vn 0.7563 0.4620 0.4632
vn 0.5414 0.5098 0.6686
vn 0.5824 0.4945 0.6452
vn 0.5682 0.5141 0.6425
vn 0.0698 -0.1054 -0.9920
vn 0.0715 -0.1531 -0.9856
vn 0.0829 -0.1165 -0.9897
vn 0.0301 -0.0128 0.9995
vn -0.0617 0.1018 0.9929
vn 0.0226 0.0399 0.9989
vn 0.7472 -0.4195 -0.5155
vn 0.7208 -0.4811 -0.4989
vn 0.7397 -0.4218 -0.5243
vn 0.7212 -0.4265 0.5459
vn 0.8057 -0.3855 0.4497
vn 0.6543 -0.4201 0.6288
vn 0.5113 -0.4195 0.7501
vn 0.5168 -0.4190 0.7466
vn 0.5519 -0.3932 0.7354
vn 0.9231 -0.2785 0.2650
vn 0.9433 -0.2662 0.1982
vn 0.9374 -0.2654 0.2254
vn -0.2907 0.9492 0.1209
vn -0.1916 0.9764 0.0999
vn -0.3852 0.9120 0.1408
vn -0.6833 0.3192 0.6567
vn -0.7030 0.3108 0.6397
vn -0.6850 0.3140 0.6574
vn 0.9522 0.0135 -0.3051
vn 0.9076 -0.0026 -0.4199
vn 0.9324 0.0074 -0.3614
vn 0.7485 -0.0857 0.6576
vn 0.6471 -0.1074 0.7548
vn 0.6891 -0.1527 0.7084
vn 0.2696 -0.0596 -0.9611
vn 0.2556 -0.0539 -0.9653
vn 0.2802 -0.0474 -0.9588
vn 0.5151 -0.0448 -0.8560
vn 0.5800 -0.0748 -0.8112
vn 0.5680 -0.0278 -0.8225
vn -0.4594 -0.4360 -0.7738
vn -0.5195 -0.3605 -0.7747
vn -0.5152 -0.3710 -0.7726
vn -0.3803 -0.0939 -0.9201
vn -0.3278 -0.1006 -0.9394
vn -0.3759 -0.0787 -0.9233
vn 0.0014 -0.9981 0.0614
vn 0.0081 -0.9999 0.0065
vn 0.0195 -0.9997 0.0161
vn -0.7019 0.2631 -0.6619
vn -0.6819 0.2701 -0.6797
vn -0.7528 0.3126 -0.5793
vn -0.9799 0.1685 -0.1072
vn -0.9708 0.1763 -0.1624
vn -0.9576 0.1895 -0.2170
vn 0.7654 -0.1370 0.6288
vn 0.7508 -0.2162 0.6241
vn 0.7747 -0.1178 0.6212
vn 0.1004 -0.7296 0.6764
vn 0.2611 -0.6798 0.6854
vn 0.1601 -0.7153 0.6802
vn -0.0211 0.0124 0.9997
vn -0.0134 0.0094 0.9999
vn -0.0027 -0.0156 0.9999
vn -0.0320 -0.9867 -0.1591
vn 0.0175 -0.9941 -0.1074
vn -0.2046 -0.9737 0.1001
vn -0.9536 0.2181 -0.2076
vn -0.9564 0.2243 -0.1869
vn -0.9700 0.1746 -0.1693
vn -0.8615 0.0482 0.5054
vn -0.7952 0.0649 0.6029
vn -0.8091 0.0445 0.5860
vn -0.8359 0.1816 0.5181
vn -0.8214 0.2071 0.5314
vn -0.8237 0.2204 0.5225
vn -0.2489 -0.2011 -0.9474
vn -0.3124 -0.1576 -0.9368
vn -0.2177 -0.1796 -0.9593
vn -0.8281 -0.1391 -0.5430
vn -0.8080 -0.2098 -0.5505
vn -0.7836 -0.1591 -0.6006
vn -0.9912 -0.1318 0.0088
vn -0.9905 -0.1320 -0.0392
vn -0.9915 -0.1295 -0.0130
vn 0.4346 0.2795 -0.8561
vn 0.3685 0.2792 -0.8867
vn 0.4004 0.2811 -0.8722
vn 0.2433 0.0652 -0.9678
vn 0.2650 0.1161 -0.9572
vn 0.3547 0.1776 -0.9180
vn -0.0551 -0.9911 0.1211
vn -0.3175 -0.9354 0.1556
vn 0.0729 -0.9968 0.0311
vn 0.3493 -0.7251 -0.5935
vn 0.3754 -0.7323 -0.5682
vn 0.4200 -0.7159 -0.5577
vn 0.3846 -0.0504 -0.9217
vn 0.3930 -0.0382 -0.9187
vn 0.4723 -0.0442 -0.8803
vn -0.9241 0.0784 -0.3740
vn -0.8597 0.0865 -0.5035
vn -0.8747 0.0890 -0.4763
vn 0.1892 0.1656 -0.9679
vn 0.2191 0.1709 -0.9606
vn 0.3278 0.1591 -0.9313
vn -0.9430 0.1440 0.3000
vn -0.9279 0.1305 0.3493
vn -0.9371 0.1256 0.3257
vn -0.1473 -0.9828 -0.1117
vn -0.1201 -0.9839 -0.1321
vn -0.1064 -0.9829 -0.1505
vn 0.8647 -0.0342 0.5011
vn 0.8314 -0.0670 0.5516
vn 0.8640 -0.0051 0.5034
vn 0.3414 -0.0231 -0.9396
vn 0.2549 -0.1263 -0.9587
vn 0.2010 -0.0610 -0.9777
vn 0.8826 0.1916 0.4292
vn 0.8894 0.1595 0.4284
vn 0.8748 0.2027 0.4401
vn 0.6347 0.0518 0.7710
vn 0.6719 0.0501 0.7389
vn 0.6816 0.0455 0.7303
vn -0.3220 -0.0164 0.9466
vn -0.3435 -0.0122 0.9391
vn -0.3338 -0.0328 0.9421
vn -0.0052 -0.5961 -0.8029
vn -0.0737 -0.6877 -0.7222
vn 0.0496 -0.4564 -0.8884
vn 0.7012 0.4484 0.5544
vn 0.7627 0.4247 0.4877
vn 0.7402 0.4452 0.5039
vn 0.1413 -0.1324 0.9811
vn 0.0436 -0.0215 0.9988
vn 0.0705 -0.0203 0.9973
vn 0.6696 0.0875 0.7375
vn 0.6701 0.0799 0.7380
vn 0.6632 0.0860 0.7435
vn 0.6640 -0.7289 0.1669
vn 0.6151 -0.7750 0.1453
vn 0.6915 -0.7104 0.1306
vn -0.4211 0.2636 -0.8679
vn -0.4270 0.2611 -0.8657
vn -0.4030 0.2619 -0.8769
vn -0.4467 -0.4312 -0.7839
vn -0.4734 -0.4241 -0.7720
vn -0.4809 -0.4154 -0.7721
vn 0.0823 -0.8251 0.5589
vn 0.1827 -0.8210 0.5409
vn 0.1813 -0.8378 0.5150
vn -0.5770 -0.3932 -0.7158
vn -0.5595 -0.4416 -0.7014
vn -0.5739 -0.4167 -0.7050
vn 0.3348 -0.0427 -0.9413
vn 0.3283 -0.0318 -0.9441
vn 0.3459 -0.0380 -0.9375
vn 0.0230 -0.4773 0.8785
vn 0.0225 -0.5139 0.8575
vn 0.0060 -0.4965 0.8680
vn -0.0015 -1.0000 0.0015
vn -0.0098 -0.9999 -0.0034
vn -0.0103 -0.9999 -0.0036
vn 0.4278 -0.1153 -0.8965
vn 0.4109 -0.0898 -0.9073
vn 0.4167 -0.1003 -0.9035
vn -0.5928 -0.4607 -0.6606
vn -0.6778 -0.4473 -0.5835
vn -0.6348 -0.4742 -0.6101
vn -0.3173 -0.0385 0.9475
vn -0.3190 -0.0243 0.9475
vn -0.2922 -0.0250 0.9560
vn 0.9501 -0.0418 0.3093
vn 0.9509 -0.0311 0.3080
vn 0.9565 -0.0218 0.2909
vn 0.6681 -0.5244 0.5279
vn 0.6324 -0.5045 0.5878
vn 0.6910 -0.5552 0.4629
vn 0.7640 0.0001 0.6452
vn 0.7297 -0.0012 0.6838
vn 0.7680 0.0078 0.6405
vn 0.1810 -0.4254 -0.8867
vn 0.1555 -0.3320 -0.9304
vn 0.0908 -0.4335 -0.8966
vn -0.3373 0.5506 0.7636
vn -0.5467 0.5118 0.6627
vn -0.2795 0.6088 0.7424
vn 0.7368 0.1087 -0.6673
vn 0.7990 -0.0242 -0.6008
vn 0.8514 0.0169 -0.5243
vn 0.7365 -0.3360 -0.5872
vn 0.7082 -0.2982 -0.6400
vn 0.7534 -0.2563 -0.6055
vn -0.5796 -0.6758 0.4554
vn -0.7484 -0.6003 0.2820
vn -0.7734 -0.5640 0.2894
vn -0.8518 0.4728 -0.2256
vn -0.8696 0.4535 -0.1952
vn -0.8701 0.4509 -0.1990
vn 0.1723 0.1529 -0.9731
vn 0.1905 0.1850 -0.9641
vn 0.1821 0.1637 -0.9695
vn 0.7259 -0.0847 -0.6825
vn 0.7517 -0.1079 -0.6506
vn 0.7347 -0.0819 -0.6734
vn -0.2099 -0.2194 -0.9528
vn -0.2399 -0.1838 -0.9533
vn -0.2076 -0.2085 -0.9557
vn 0.1804 -0.6349 0.7512
vn 0.3395 -0.5933 0.7299
vn 0.3491 -0.5725 0.7419
vn -0.8859 -0.0516 -0.4609
vn -0.8768 -0.0374 -0.4794
vn -0.8930 -0.0218 -0.4495
vn 0.6470 -0.1041 0.7553
vn 0.6359 -0.1014 0.7650
vn 0.6348 -0.1049 0.7656
vn -0.1987 0.0752 -0.9772
vn -0.1676 0.0637 -0.9838
vn -0.1865 0.0480 -0.9813
vn 0.6534 0.5908 -0.4733
vn 0.6073 0.5760 -0.5472
vn 0.7319 0.4557 -0.5066
vn 0.2977 -0.9131 0.2787
vn 0.2268 -0.9277 0.2965
vn 0.2779 -0.9171 0.2857
vn 0.1760 -0.0093 -0.9843
vn 0.1995 -0.0578 -0.9782
vn 0.2084 -0.1203 -0.9706
vn 0.0037 -0.9999 0.0095
vn 0.0087 -0.9999 0.0144
vn 0.0153 -0.9997 0.0169
vn 0.9912 0.0768 0.1082
vn 0.9904 0.1183 0.0712
vn 0.9868 0.1588 0.0318
vn -0.8024 -0.4123 0.4315
vn -0.8875 -0.3993 0.2301
vn -0.8809 -0.3907 0.2672
vn 0.1091 0.0471 0.9929
vn 0.0023 -0.1462 0.9893
vn 0.0226 -0.0163 0.9996
vn 0.7031 0.2573 0.6630
vn 0.7157 0.2641 0.6465
vn 0.7384 0.2883 0.6097
vn -0.9351 -0.1245 -0.3319
vn -0.9383 -0.1478 -0.3127
vn -0.9330 -0.1364 -0.3330
vn -0.9830 -0.1831 0.0124
vn -0.9781 -0.1992 0.0605
vn -0.9578 -0.2536 0.1355
vn -0.0083 -1.0000 0.0025
vn -0.0690 -0.9968 -0.0406
vn -0.0115 -0.9998 -0.0162
vn -0.8529 0.1382 -0.5034
vn -0.8521 0.1027 -0.5133
vn -0.8294 0.0845 -0.5523
vn 0.3538 -0.9243 0.1433
vn 0.3847 -0.9115 0.1452
vn 0.3532 -0.9070 0.2295
vn 0.0074 0.1445 -0.9895
vn -0.1554 0.0418 -0.9870
vn -0.3255 -0.0698 -0.9430
vn -0.0935 0.0385 0.9949
vn -0.0487 0.0500 0.9976
vn -0.0525 0.0525 0.9972
vn -0.7122 0.1292 0.6900
vn -0.6849 0.1177 0.7190
vn -0.6933 0.1148 0.7115
vn -0.6006 0.7878 -0.1367
vn -0.6610 0.7252 -0.1927
vn -0.5900 0.7805 -0.2066
vn -0.7980 0.1845 -0.5737
vn -0.7842 0.1888 -0.5910
vn -0.7894 0.1590 -0.5929
vn 0.3514 0.9106 0.2175
vn 0.3075 0.9144 0.2632
vn 0.3014 0.9261 0.2270
vn 0.9758 -0.0035 -0.2187
vn 0.9921 -0.0382 -0.1198
vn 0.9768 -0.0727 -0.2014
vn 0.5431 -0.0749 -0.8363
vn 0.4457 -0.0592 -0.8932
vn 0.4310 -0.0731 -0.8994
vn 0.0012 -0.1864 -0.9825
vn -0.0147 -0.1616 -0.9867
vn 0.0446 -0.1641 -0.9854
vn -0.5514 0.5022 -0.6661
vn -0.5328 0.5050 -0.6791
vn -0.6898 0.3663 -0.6245
vn 0.9444 -0.1676 -0.2828
vn 0.9256 -0.1723 -0.3371
vn 0.9350 -0.1613 -0.3157
vn 0.3359 -0.0362 -0.9412
vn 0.3696 -0.0778 -0.9259
vn 0.3766 -0.0798 -0.9229
vn -0.9780 -0.0544 0.2016
vn -0.9681 -0.0467 0.2461
vn -0.9626 -0.0707 0.2614
vn 0.8919 -0.3692 -0.2611
vn 0.8800 -0.3505 -0.3206
vn 0.8703 -0.2872 -0.4001
vn 0.3570 -0.8795 -0.3146
vn 0.3730 -0.9083 -0.1896
vn 0.4292 -0.8639 -0.2636
vn 0.0002 -0.5240 -0.8517
vn -0.0174 -0.5060 -0.8623
vn 0.0402 -0.5528 -0.8323
vn -0.8678 -0.0452 -0.4949
vn -0.8164 0.0381 -0.5762
vn -0.8256 0.0029 -0.5643
vn -0.1351 -0.9088 -0.3947
vn -0.1737 -0.8678 -0.4656
vn -0.1186 -0.8202 -0.5597
vn 0.9227 -0.3350 0.1909
vn 0.8760 -0.4240 0.2298
vn 0.7787 -0.6237 0.0682
vn 0.9837 -0.1438 -0.1078
vn 0.9825 -0.1261 -0.1374
vn 0.9837 -0.1402 -0.1124
vn 0.4790 -0.3149 -0.8194
vn 0.4333 -0.3183 -0.8432
vn 0.4645 -0.2704 -0.8433
vn 0.6527 -0.3777 -0.6568
vn 0.6468 -0.3646 -0.6698
vn 0.6625 -0.3681 -0.6524
vn -0.7882 -0.2805 -0.5478
vn -0.7811 -0.3258 -0.5326
vn -0.7991 -0.3099 -0.5152
vn -0.2724 0.1269 -0.9538
vn -0.1771 0.1782 -0.9679
vn -0.3277 0.1447 -0.9336
vn -0.9905 -0.1125 0.0795
vn -0.9785 -0.1894 0.0812
vn -0.9360 -0.2591 0.2382
vn -0.9838 -0.1781 -0.0197
vn -0.9774 -0.2111 0.0082
vn -0.9745 -0.2223 0.0316
vn 0.1667 -0.1402 -0.9760
vn 0.0430 -0.2299 -0.9723
vn 0.1906 -0.1981 -0.9615
vn 0.3501 0.0511 -0.9353
vn 0.3594 0.0370 -0.9325
vn 0.3644 0.0369 -0.9305
vn 0.9040 -0.3273 0.2751
vn 0.9327 -0.3279 0.1502
vn 0.9261 -0.3302 0.1826
vn 0.4690 0.0109 -0.8831
vn 0.5046 -0.0017 -0.8633
vn 0.4986 -0.0024 -0.8669
vn -0.9614 0.0954 0.2580
vn -0.9619 0.0015 0.2734
vn -0.9623 0.0411 0.2689
vn 0.8609 -0.2440 0.4465
vn 0.9022 -0.2065 0.3786
vn 0.8450 -0.2071 0.4930
vn 0.8742 0.2919 0.3880
vn 0.8176 0.3118 0.4840
vn 0.9880 0.0660 0.1396
vn -0.7576 0.3538 -0.5485
vn -0.6502 0.3227 -0.6878
vn -0.6204 0.3426 -0.7055
vn 0.8967 0.4379 0.0644
vn 0.8236 0.5629 0.0696
vn 0.8408 0.5375 0.0647
vn 0.9774 0.1312 0.1655
vn 0.9845 0.1201 0.1275
vn 0.9843 0.1154 0.1334
vn 0.5497 -0.4597 0.6975
vn 0.6032 -0.3888 0.6964
vn 0.5642 -0.4385 0.6996
vn 0.7438 -0.4517 0.4927
vn 0.7439 -0.4606 0.4843
vn 0.6846 -0.5546 0.4730
vn 0.0190 -0.2459 0.9691
vn -0.0079 -0.1600 0.9871
vn 0.0769 -0.2485 0.9656
vn 0.9583 -0.2848 -0.0226
vn 0.9571 -0.2892 -0.0162
vn 0.9612 -0.2751 -0.0206
vn -0.1332 0.9725 -0.1913
vn -0.1732 0.9618 -0.2119
vn -0.1381 0.9754 -0.1718
vn 0.1252 -0.6596 -0.7411
vn 0.2417 -0.5177 -0.8207
vn 0.4371 -0.4483 -0.7798
vn -0.2882 0.0769 0.9545
vn -0.4498 0.1047 0.8870
vn -0.4496 0.1184 0.8854
vn -0.8742 -0.4169 0.2489
vn -0.7629 -0.6450 -0.0438
vn -0.1167 -0.9890 0.0913
vn 0.6239 -0.4645 0.6284
vn 0.6286 -0.4543 0.6313
vn 0.6358 -0.4603 0.6196
vn -0.8365 0.1103 -0.5368
vn -0.8497 0.0927 -0.5190
vn -0.8612 0.0652 -0.5041
vn 0.5546 -0.0572 -0.8302
vn 0.4784 -0.0362 -0.8774
vn 0.4419 0.0171 -0.8969
vn -0.0947 -0.3125 -0.9452
vn -0.2285 -0.2134 -0.9499
vn -0.1567 -0.3500 -0.9236
vn 0.7584 -0.0487 -0.6499
vn 0.6344 -0.0090 -0.7729
vn 0.6887 -0.0573 -0.7227
vn -0.9812 0.1563 -0.1130
vn -0.9854 0.1584 -0.0619
vn -0.9877 0.1454 -0.0580
vn 0.0052 0.9309 0.3652
vn -0.0505 0.9502 0.3074
vn 0.0383 0.9116 0.4092
vn 0.1900 0.8519 0.4881
vn 0.0812 0.8626 0.4993
vn 0.1899 0.8740 0.4473
vn 0.9376 -0.2602 0.2306
vn 0.9340 -0.2813 0.2201
vn 0.9507 -0.2529 0.1795
vn 0.4706 -0.0477 -0.8811
vn 0.4846 -0.0422 -0.8737
vn 0.4700 -0.0932 -0.8777
vn 0.3810 0.8828 0.2747
vn 0.3521 0.8928 0.2810
vn 0.3508 0.9183 0.1835
vn -0.7520 -0.1445 -0.6432
vn -0.7845 -0.1067 -0.6108
vn -0.8108 -0.0649 -0.5817
vn 0.6336 -0.6969 -0.3360
vn 0.6099 -0.7392 -0.2856
vn 0.6735 -0.7089 -0.2093
vn -0.7554 -0.1622 -0.6349
vn -0.7515 -0.2274 -0.6193
vn -0.7758 -0.2028 -0.5975
vn 0.6458 -0.1138 0.7550
vn 0.5911 -0.1741 0.7876
vn 0.5192 -0.1899 0.8333
vn 0.1418 -0.6270 0.7660
vn -0.1002 -0.6825 0.7240
vn -0.0756 -0.6506 0.7556
vn 0.3231 -0.9373 -0.1309
vn 0.2647 -0.9583 -0.1073
vn 0.2269 -0.9651 -0.1306
vn 0.2490 -0.8846 0.3944
vn 0.5285 -0.6904 0.4939
vn 0.4677 -0.7354 0.4904
vn -0.7556 -0.5025 0.4200
vn -0.6483 -0.7154 0.2606
vn -0.7726 -0.5660 0.2877
vn -0.8070 -0.2773 0.5214
vn -0.7565 -0.3324 0.5633
vn -0.7810 -0.3269 0.5322
vn 0.8677 -0.0437 -0.4951
vn 0.8710 -0.0880 -0.4834
vn 0.9267 0.0158 -0.3754
vn -0.8510 0.3275 0.4107
vn -0.8568 0.3294 0.3967
vn -0.8641 0.3159 0.3917
vn -0.5115 0.2058 0.8343
vn -0.5345 0.2266 0.8142
vn -0.5840 0.2758 0.7635
vn 0.2355 -0.9697 -0.0651
vn 0.1749 -0.9839 -0.0357
vn 0.2412 -0.9687 0.0588
vn 0.9130 -0.4076 0.0174
vn 0.8787 -0.4620 0.1198
vn 0.9067 -0.3891 -0.1630
vn 0.9944 -0.0862 0.0616
vn 0.9571 -0.2555 0.1366
vn 0.9219 -0.0948 0.3756
vn -0.0338 0.0347 -0.9988
vn -0.0165 0.1642 -0.9863
vn -0.1004 0.1210 -0.9876
vn -0.9410 0.2372 -0.2413
vn -0.9421 0.1772 -0.2846
vn -0.9365 0.1789 -0.3016
vn -0.2305 -0.4144 0.8804
vn -0.1713 -0.3860 0.9065
vn -0.1797 -0.4329 0.8834
vn -0.0711 -0.9398 -0.3343
vn -0.0899 -0.9334 -0.3474
vn -0.1550 -0.9165 -0.3687
vn 0.0305 -0.9230 -0.3837
vn 0.0840 -0.9175 -0.3887
vn 0.0535 -0.9115 -0.4079
vn -0.8541 -0.5194 0.0257
vn -0.8352 -0.5489 0.0356
vn -0.8100 -0.5833 0.0606
vn -0.5191 -0.7931 -0.3187
vn -0.4912 -0.8251 -0.2791
vn -0.5283 -0.7929 -0.3037
vn -0.1293 -0.6775 -0.7240
vn -0.2573 -0.6194 -0.7417
vn -0.1794 -0.6208 -0.7632
vn -0.3946 -0.0555 -0.9172
vn -0.3540 -0.0480 -0.9340
vn -0.3594 -0.0605 -0.9312
vn -0.9782 0.1697 -0.1201
vn -0.9766 0.2148 0.0124
vn -0.9854 0.1450 -0.0892
vn 0.9932 -0.1158 -0.0073
vn 0.9695 0.0865 0.2295
vn 0.9880 -0.0298 0.1517
vn 0.9768 -0.1514 0.1514
vn 0.9772 -0.2015 0.0666
vn 0.9556 -0.2433 0.1661
vn 0.6644 0.2997 -0.6847
vn 0.7059 0.2586 -0.6594
vn 0.7158 0.2199 -0.6628
vn 0.0558 -0.2146 -0.9751
vn 0.0692 -0.1827 -0.9807
vn 0.0865 -0.2534 -0.9635
vn 0.3890 -0.8539 -0.3458
vn 0.2845 -0.8688 -0.4052
vn 0.2776 -0.8997 -0.3370
vn 0.7381 -0.4462 -0.5061
vn 0.7583 -0.4472 -0.4743
vn 0.7273 -0.5654 -0.3890
vn -0.6654 0.0527 -0.7446
vn -0.6473 0.0667 -0.7593
vn -0.6526 0.0615 -0.7552
vn -0.9870 -0.0815 -0.1384
vn -0.9812 -0.0673 -0.1810
vn -0.9932 -0.0728 -0.0908
vn -0.0961 0.0827 -0.9919
vn -0.0810 0.0813 -0.9934
vn -0.1388 0.0718 -0.9877
vn -0.2497 -0.1970 0.9481
vn -0.2868 -0.0764 0.9550
vn -0.2195 -0.2055 0.9537
vn 0.9857 0.0627 -0.1565
vn 0.9530 0.0867 -0.2903
vn 0.9523 0.1481 -0.2667
vn -0.8382 0.1834 -0.5135
vn -0.8519 0.1676 -0.4962
vn -0.8380 0.1792 -0.5154
vn -0.6421 0.0101 -0.7666
vn -0.6644 0.0038 -0.7473
vn -0.6654 -0.0139 -0.7464
vn 0.6125 0.0212 -0.7902
vn 0.6422 0.0085 -0.7665
vn 0.5887 -0.0123 -0.8082
vn -0.6825 0.0313 0.7303
vn -0.6716 -0.0009 0.7409
vn -0.6883 0.0079 0.7254
vn -0.8297 0.0040 0.5583
vn -0.7791 -0.0816 0.6215
vn -0.8182 -0.0523 0.5725
vn -0.6482 0.0511 -0.7597
vn -0.6329 0.0917 -0.7688
vn -0.6874 -0.0070 -0.7263
vn 0.4265 -0.7476 -0.5091
vn 0.3539 -0.7179 -0.5995
vn 0.2796 -0.7042 -0.6527
vn 0.0577 0.2817 -0.9578
vn 0.0810 0.2697 -0.9595
vn 0.0956 0.2617 -0.9604
vn 0.5372 -0.8429 -0.0291
vn -0.0719 -0.8832 -0.4634
vn 0.2875 -0.9575 -0.0231
vn 0.0765 0.3976 -0.9144
vn 0.1203 0.3932 -0.9116
vn 0.1201 0.3925 -0.9119
vn 0.2013 0.2587 -0.9447
vn 0.2427 0.2478 -0.9379
vn -0.0053 0.2525 -0.9676
vn -0.1309 0.1985 0.9713
vn -0.3591 0.2110 0.9092
vn -0.1519 0.1785 0.9721
vn 0.7540 0.2428 0.6103
vn 0.7462 0.0710 0.6619
vn 0.7605 0.0161 0.6491
vn -0.7178 0.0892 0.6906
vn -0.7671 0.0945 0.6346
vn -0.7544 0.1119 0.6469
vn 0.7811 -0.3126 -0.5405
vn 0.7701 -0.3161 -0.5541
vn 0.7774 -0.3261 -0.5379
vn 0.5674 -0.1252 -0.8139
vn 0.5653 -0.0974 -0.8191
vn 0.5706 -0.1022 -0.8148
vn -0.1933 -0.3099 -0.9309
vn 0.1006 -0.1186 -0.9878
vn 0.1209 -0.5627 -0.8177
vn -0.8065 -0.5351 -0.2514
vn -0.8050 -0.4405 -0.3975
vn -0.7496 -0.3393 -0.5683
vn -0.2255 0.0501 -0.9730
vn -0.2212 0.1034 -0.9697
vn -0.2003 0.0479 -0.9786
vn 0.8283 0.1105 0.5492
vn 0.8262 0.0697 0.5590
vn 0.8414 0.1291 0.5248
vn -0.9367 -0.2751 0.2165
vn -0.7475 -0.4207 0.5141
vn -0.7185 -0.3898 0.5760
vn -0.8952 0.2115 0.3922
vn -0.7023 0.1216 0.7014
vn -0.7077 -0.0237 0.7061
vn -0.7802 0.3448 0.5218
vn -0.7884 0.3096 0.5316
vn -0.7786 0.3392 0.5279
vn -0.5839 0.2349 0.7771
vn -0.5651 0.2463 0.7874
vn -0.5826 0.2256 0.7808
vn -0.8158 0.2238 -0.5332
vn -0.7066 0.3455 -0.6175
vn -0.7543 0.3349 -0.5647
vn 0.9510 0.2162 -0.2212
vn 0.9417 0.2465 -0.2289
vn 0.9337 0.1690 -0.3158
vn -0.2830 0.2180 0.9340
vn -0.3288 0.1701 0.9289
vn -0.3063 0.2064 0.9293
vn 0.2794 -0.1020 -0.9547
vn 0.2626 -0.0984 -0.9599
vn 0.2725 -0.0998 -0.9570
vn -0.7247 0.6685 -0.1672
vn -0.6541 0.6763 -0.3389
vn -0.6916 0.6003 -0.4018
vn 0.2707 -0.2433 0.9314
vn 0.3420 -0.3610 0.8676
vn 0.5022 -0.0750 0.8615
vn 0.2297 0.0964 0.9685
vn 0.0719 0.1163 0.9906
vn 0.2890 0.0755 0.9544
vn 0.6128 -0.4651 0.6389
vn 0.6011 -0.3055 0.7385
vn 0.7222 -0.4161 0.5525
vn -0.3397 -0.6438 -0.6857
vn -0.4163 -0.6489 -0.6369
vn -0.3533 -0.6970 -0.6240
vn 0.9693 -0.1788 0.1688
vn 0.9809 -0.1406 0.1341
vn 0.9661 -0.2541 0.0465
vn 0.1508 0.5206 0.8404
vn -0.0099 0.6192 0.7851
vn 0.1891 0.5681 0.8009
vn -0.8359 -0.0909 0.5413
vn -0.7019 -0.1154 0.7028
vn -0.7475 -0.1183 0.6536
vn 0.6552 0.3361 0.6766
vn 0.6887 0.4708 0.5514
vn 0.7726 0.3473 0.5315
vn -0.2890 0.1535 0.9449
vn -0.2740 0.1914 0.9425
vn -0.2966 0.1535 0.9426
vn -0.2874 -0.1224 -0.9499
vn 0.0040 -0.1680 -0.9858
vn 0.0424 -0.1328 -0.9902
vn -0.9133 0.3521 -0.2048
vn -0.8746 0.3244 -0.3604
vn -0.8885 0.4110 -0.2039
vn -0.9933 0.0901 0.0725
vn -0.9935 0.0661 0.0930
vn -0.9943 0.0769 0.0739
vn -0.6838 0.5002 0.5313
vn -0.6907 0.5102 0.5125
vn -0.6117 0.5284 0.5888
vn 0.9789 -0.1927 0.0680
vn 0.9738 -0.1849 0.1321
vn 0.9781 -0.1778 0.1083
vn 0.9887 -0.1238 -0.0849
vn 0.9825 -0.0986 -0.1579
vn 0.9821 -0.1321 -0.1340
vn 0.9931 -0.1121 -0.0357
vn 0.9844 -0.1379 0.1090
vn 0.9692 -0.1784 0.1700
vn 0.3325 -0.1370 -0.9331
vn 0.3861 -0.1856 -0.9036
vn 0.4586 -0.1952 -0.8669
vn 0.1118 0.7646 0.6347
vn 0.2835 0.7229 0.6302
vn 0.1306 0.7611 0.6353
vn 0.4300 0.6179 0.6582
vn 0.4427 0.6009 0.6655
vn 0.4020 0.6248 0.6693
vn -0.0675 -0.7644 -0.6412
vn -0.0369 -0.8476 -0.5294
vn -0.0703 -0.6447 -0.7612
vn 0.9204 -0.3859 -0.0627
vn 0.9096 -0.4045 -0.0952
vn 0.9128 -0.4022 -0.0713
vn -0.7741 0.3465 0.5297
vn -0.7945 0.3029 0.5264
vn -0.8145 0.2628 0.5172
vn -0.4251 0.7931 0.4362
vn -0.3910 0.8765 0.2810
vn -0.3718 0.8189 0.4373
vn -0.7657 -0.0341 0.6423
vn -0.8120 0.0285 0.5829
vn -0.7051 0.0257 0.7087
vn -0.4165 0.0542 0.9075
vn -0.4126 0.0373 0.9102
vn -0.3204 0.0146 0.9472
vn -0.0888 -0.0695 0.9936
vn -0.1410 -0.0771 0.9870
vn -0.1135 -0.0576 0.9919
vn -0.5425 -0.0996 0.8342
vn -0.5186 -0.1141 0.8474
vn -0.5681 -0.0655 0.8204
vn -0.1269 -0.2208 0.9670
vn -0.2039 -0.2872 0.9359
vn -0.1648 -0.2613 0.9511
vn -0.6045 -0.0663 0.7939
vn -0.4789 -0.0294 0.8774
vn -0.5417 -0.0331 0.8399
vn 0.9694 0.1812 0.1657
vn 0.9782 0.1669 0.1239
vn 0.9528 0.2649 0.1483
vn -0.7188 0.3936 -0.5730
vn -0.7637 0.3343 -0.5523
vn -0.7177 0.3799 -0.5835
vn -0.8884 0.1352 0.4387
vn -0.8945 0.1593 0.4178
vn -0.8915 0.1086 0.4398
vn -0.8813 0.2707 0.3874
vn -0.8987 0.2506 0.3600
vn -0.8876 0.2583 0.3813
vn 0.2508 -0.1336 -0.9588
vn 0.2621 -0.1330 -0.9558
vn 0.2776 -0.0794 -0.9574
vn 0.7254 0.4751 -0.4980
vn 0.7047 0.5879 -0.3973
vn 0.6428 0.5166 -0.5656
vn 0.8840 0.0970 -0.4574
vn 0.9154 0.1096 -0.3874
vn 0.8830 0.1494 -0.4450
vn -0.8078 -0.0049 0.5895
vn -0.7930 0.0208 0.6089
vn -0.7568 0.0407 0.6524
vn -0.4323 0.1667 0.8862
vn -0.4788 0.1736 0.8606
vn -0.4853 0.1931 0.8528
vn -0.2423 -0.9655 -0.0949
vn 0.0875 -0.8590 -0.5044
vn -0.3777 -0.9246 0.0502
vn 0.7204 -0.0985 0.6865
vn 0.8986 -0.0053 0.4388
vn 0.7483 -0.0967 0.6563
vn -0.2784 0.0116 0.9604
vn -0.3185 0.0507 0.9466
vn -0.4915 0.0281 0.8704
vn -0.8633 -0.0727 -0.4994
vn -0.8612 -0.0439 -0.5063
vn -0.8528 -0.1138 -0.5097
vn 0.6913 -0.0130 0.7225
vn 0.4991 -0.0948 0.8613
vn 0.5880 -0.1121 0.8010
vn 0.0350 0.3341 0.9419
vn -0.0042 0.2614 0.9652
vn -0.1151 0.3563 0.9273
vn -0.2488 -0.5317 0.8096
vn -0.2661 -0.5045 0.8214
vn -0.1177 -0.5551 0.8234
vn 0.7212 -0.0296 -0.6921
vn 0.7353 0.0031 -0.6777
vn 0.7123 -0.0144 -0.7018
vn -0.6131 -0.2847 -0.7370
vn -0.6319 -0.2801 -0.7226
vn -0.5784 -0.2847 -0.7644
vn -0.3846 -0.5892 -0.7106
vn -0.3365 -0.6069 -0.7200
vn -0.2974 -0.6315 -0.7161
vn -0.0867 -0.1742 -0.9809
vn -0.1486 -0.1743 -0.9734
vn -0.1361 -0.2135 -0.9674
vn 0.1405 -0.1227 -0.9825
vn 0.1042 -0.1157 -0.9878
vn 0.2312 -0.1321 -0.9639
vn -0.6235 0.0024 -0.7818
vn -0.6650 0.0097 -0.7467
vn -0.7340 -0.1334 -0.6659
vn 0.3738 -0.0716 -0.9247
vn 0.3620 -0.0745 -0.9292
vn 0.3816 -0.0938 -0.9196
vn -0.0951 -0.6221 0.7772
vn -0.1678 -0.4386 0.8829
vn -0.1398 -0.4133 0.8998
vn -0.3716 0.0494 -0.9271
vn -0.3471 0.0302 -0.9373
vn -0.3419 0.0702 -0.9371
vn -0.6631 0.5395 0.5189
vn -0.6536 0.5425 0.5278
vn -0.6829 0.4862 0.5452
vn 0.5488 0.2314 0.8033
vn 0.5142 0.2451 0.8219
vn 0.5716 0.1540 0.8059
vn -0.6898 0.1145 0.7149
vn -0.6394 0.0086 0.7688
vn -0.6852 0.0752 0.7245
vn -0.7571 0.0817 0.6482
vn -0.7630 0.0918 0.6399
vn -0.7619 0.0744 0.6434
vn -0.6493 -0.0112 0.7605
vn -0.6839 -0.0030 0.7295
vn -0.6592 -0.0080 0.7519
vn 0.4768 -0.3137 -0.8211
vn 0.4961 -0.2984 -0.8154
vn 0.4961 -0.3860 -0.7777
vn 0.2288 -0.3793 0.8965
vn 0.2764 -0.3898 0.8785
vn 0.2783 -0.3790 0.8825
vn -0.2498 -0.4299 0.8676
vn -0.0859 -0.4646 0.8813
vn -0.0780 -0.4014 0.9126
vn -0.8723 0.0621 0.4851
vn -0.8532 0.0555 0.5186
vn -0.8036 -0.0015 0.5951
vn -0.0981 -0.0203 0.9950
vn -0.1799 -0.0306 0.9832
vn -0.1208 0.0432 0.9917
vn 0.0836 0.9964 0.0128
vn 0.1116 0.9929 -0.0416
vn -0.2964 0.9508 -0.0901
vn 0.8187 -0.3932 0.4186
vn 0.8053 -0.4079 0.4303
vn 0.7793 -0.4351 0.4510
vn -0.9939 -0.1036 -0.0385
vn -0.9711 -0.2344 0.0453
vn -0.9864 -0.1602 0.0354
vn 0.9373 -0.3448 0.0519
vn 0.9322 -0.3596 0.0416
vn 0.9267 -0.3745 0.0317
vn -0.8320 -0.3320 -0.4445
vn -0.8706 -0.4111 -0.2703
vn -0.8404 -0.3388 -0.4231
vn 0.1107 0.0234 0.9936
vn 0.0953 0.0658 0.9933
vn 0.1138 0.0865 0.9897
vn -0.6211 0.4220 -0.6605
vn -0.4319 0.4095 -0.8036
vn -0.5602 0.3097 -0.7683
vn -0.2808 -0.8954 -0.3456
vn -0.3872 -0.8257 -0.4102
vn -0.3092 -0.8967 -0.3169
vn -0.6667 -0.6032 -0.4377
vn -0.5971 -0.6877 -0.4129
vn -0.6137 -0.6072 -0.5047
vn 0.0345 0.1300 0.9909
vn 0.0474 0.1377 0.9893
vn -0.0134 0.1508 0.9885
vn -0.7667 0.1451 0.6254
vn -0.7659 0.1448 0.6264
vn -0.7515 0.1327 0.6462
vn 0.6195 -0.6144 0.4887
vn 0.5654 -0.6180 0.5463
vn 0.5843 -0.6099 0.5354
vn 0.9043 -0.2058 0.3739
vn 0.8823 -0.3383 0.3271
vn 0.8849 -0.3038 0.3531
vn 0.7917 -0.2484 -0.5581
vn 0.7302 -0.2589 -0.6323
vn 0.7394 -0.3094 -0.5980
vn 0.0646 -0.9043 0.4220
vn -0.0926 -0.9698 -0.2255
vn 0.0951 -0.9952 -0.0221
vn 0.0273 -0.8367 0.5470
vn 0.0043 -0.9793 -0.2024
vn 0.0656 -0.8596 0.5068
vn -0.3978 -0.3593 -0.8442
vn -0.5758 -0.3434 -0.7419
vn -0.5356 -0.3719 -0.7582
vn -0.9128 0.0396 -0.4065
vn -0.9709 0.0398 -0.2360
vn -0.9505 -0.0137 -0.3105
vn 0.9070 -0.4190 -0.0424
vn 0.8750 -0.4833 0.0286
vn 0.9082 -0.4165 0.0404
vn 0.2245 0.9600 0.1675
vn 0.5274 0.7951 0.2995
vn 0.4892 0.8506 0.1929
vn 0.3508 -0.3998 0.8468
vn 0.3922 -0.3906 0.8329
vn 0.4072 -0.3934 0.8243
vn -0.4228 -0.8151 -0.3960
vn -0.4539 -0.8045 -0.3830
vn -0.6339 -0.7015 -0.3258
vn 0.1263 0.7489 0.6506
vn 0.1154 0.7275 0.6763
vn 0.2086 0.7260 0.6553
vn -0.4870 -0.3795 -0.7867
vn -0.5255 -0.3734 -0.7645
vn -0.4967 -0.3693 -0.7855
vn -0.5518 -0.8311 -0.0696
vn -0.5132 -0.8446 -0.1528
vn -0.5315 -0.8411 -0.1005
vn 0.3753 0.9259 -0.0424
vn 0.2982 0.9539 0.0335
vn 0.4156 0.9082 0.0495
vn -0.4072 0.0113 -0.9133
vn -0.2978 -0.0141 -0.9545
vn -0.3227 -0.0170 -0.9463
vn -0.7353 -0.1176 -0.6675
vn -0.6993 0.0557 -0.7126
vn -0.6805 -0.1978 -0.7056
vn -0.3037 0.5762 -0.7588
vn -0.2950 0.4066 -0.8647
vn -0.3455 0.4593 -0.8184
vn 0.8412 -0.5390 0.0436
vn 0.8687 -0.4906 0.0690
vn 0.8686 -0.4942 0.0372
vn -0.3820 -0.6188 -0.6865
vn -0.5406 -0.6305 -0.5570
vn -0.4489 -0.6675 -0.5941
vn -0.3379 0.1773 -0.9243
vn -0.2413 0.1362 -0.9608
vn -0.2592 0.1641 -0.9518
vn 0.1643 -0.9525 -0.2566
vn 0.4381 -0.8694 -0.2287
vn 0.5357 -0.8051 -0.2545
vn -0.8469 -0.0163 0.5315
vn -0.8247 -0.0479 0.5635
vn -0.8594 -0.0711 0.5062
vn 0.8807 -0.2638 0.3933
vn 0.8655 -0.3037 0.3982
vn 0.8930 -0.2060 0.4000
vn 0.7751 -0.3962 0.4922
vn 0.7520 -0.3512 0.5579
vn 0.8107 -0.3238 0.4877
vn -0.4410 0.5516 -0.7080
vn -0.5164 0.5543 -0.6527
vn -0.4834 0.5491 -0.6818
vn -0.6752 0.0028 0.7376
vn -0.7342 0.0641 0.6759
vn -0.7113 0.0154 0.7027
vn -0.8704 -0.0102 0.4923
vn -0.7756 -0.0561 0.6287
vn -0.7409 -0.0039 0.6716
vn 0.9506 -0.3080 -0.0391
vn 0.9508 -0.3099 0.0048
vn 0.9516 -0.3073 -0.0084
vn 0.9847 -0.1669 -0.0491
vn 0.9874 -0.1579 -0.0060
vn 0.9876 -0.1525 -0.0368
vn 0.9504 0.2508 0.1841
vn 0.9575 0.2288 0.1756
vn 0.9518 0.2514 0.1757
vn -0.7790 0.4858 -0.3964
vn -0.7644 0.5370 -0.3567
vn -0.7120 0.5103 -0.4823
vn 0.2391 0.6623 0.7101
vn 0.2647 0.6097 0.7472
vn 0.2316 0.6656 0.7095
vn -0.3660 0.6841 -0.6309
vn -0.3286 0.7331 -0.5955
vn -0.4805 0.7134 -0.5101
vn 0.4120 0.6551 -0.6333
vn 0.4734 0.6270 -0.6187
vn 0.4124 0.6671 -0.6204
vn 0.3941 -0.5347 -0.7475
vn 0.4414 -0.4998 -0.7452
vn 0.3620 -0.5076 -0.7819
vn 0.4204 -0.1962 -0.8859
vn 0.3709 -0.1666 -0.9136
vn 0.3759 -0.1810 -0.9088
vn 0.3545 0.9208 0.1628
vn 0.2476 0.9541 0.1685
vn 0.4025 0.9098 0.1012
vn 0.2844 0.9320 0.2248
vn 0.2789 0.9244 0.2601
vn 0.2701 0.9295 0.2510
vn -0.9767 -0.1211 -0.1773
vn -0.9478 -0.2052 -0.2441
vn -0.9637 -0.2621 -0.0502
vn 0.6372 -0.7403 0.2143
vn 0.6114 -0.6874 0.3919
vn 0.6453 -0.7205 0.2539
vn 0.7544 -0.4390 0.4881
vn 0.7105 -0.3044 0.6345
vn 0.8041 -0.2764 0.5264
vn -0.0222 -0.1431 -0.9895
vn -0.0861 -0.1442 -0.9858
vn -0.0380 -0.1226 -0.9917
vn 0.7490 -0.5900 -0.3015
vn 0.8828 -0.3809 -0.2749
vn 0.8147 -0.4763 -0.3307
vn -0.7435 0.6673 0.0437
vn -0.7640 0.6443 -0.0336
vn -0.7321 0.6734 0.1028
vn 0.4594 -0.4171 0.7842
vn 0.4198 -0.4172 0.8061
vn 0.5045 -0.4200 0.7544
vn -0.8704 0.3870 -0.3044
vn -0.8612 0.4205 -0.2854
vn -0.8750 0.3861 -0.2920
vn 0.8822 -0.4358 0.1783
vn 0.8938 -0.4439 0.0637
vn 0.8710 -0.4632 0.1637
vn 0.5637 -0.5103 0.6495
vn 0.5842 -0.4932 0.6446
vn 0.6654 -0.4910 0.5623
vn -0.4225 -0.3347 0.8423
vn -0.3924 -0.3419 0.8539
vn -0.4636 -0.3017 0.8331
vn -0.1236 -0.7400 -0.6611
vn -0.1481 -0.7738 -0.6159
vn -0.1994 -0.7480 -0.6330
vn 0.8024 -0.0203 -0.5964
vn 0.7842 0.0694 -0.6167
vn 0.7092 0.0770 -0.7008
vn -0.7358 -0.1933 -0.6490
vn -0.7556 -0.1465 -0.6384
vn -0.7542 -0.0270 -0.6561
vn -0.0938 0.4327 0.8967
vn -0.0888 0.4264 0.9002
vn -0.1588 0.3984 0.9034
vn -0.9846 -0.1743 0.0144
vn -0.9902 -0.1388 -0.0177
vn -0.9864 -0.1458 0.0755
vn 0.1320 0.9573 0.2571
vn 0.1835 0.9678 0.1724
vn 0.1800 0.9490 0.2589
vn 0.1124 -0.6347 0.7645
vn 0.0750 -0.6092 0.7895
vn 0.0752 -0.6193 0.7815
vn -0.9344 -0.2931 0.2022
vn -0.9779 -0.0926 0.1875
vn -0.9491 -0.2990 -0.0989
vn -0.3306 0.7488 -0.5744
vn -0.4010 0.7834 -0.4748
vn -0.3599 0.7536 -0.5500
vn -0.5675 -0.4249 0.7052
vn -0.5290 -0.4996 0.6859
vn -0.4407 -0.4567 0.7728
vn -0.4432 -0.6530 0.6141
vn -0.6373 -0.5021 0.5845
vn -0.5467 -0.5986 0.5855
vn -0.1715 -0.9814 -0.0858
vn 0.4069 -0.8167 0.4091
vn -0.2010 -0.9665 0.1599
vn -0.6385 -0.6745 -0.3706
vn -0.6792 -0.6546 -0.3319
vn -0.7110 -0.5816 -0.3952
vn 0.1113 0.1425 -0.9835
vn 0.3876 0.5464 -0.7424
vn 0.1556 0.3065 -0.9391
vn -0.7331 -0.1489 0.6636
vn -0.7994 -0.0367 0.5996
vn -0.7239 0.0538 0.6878
vn -0.6549 -0.0549 0.7537
vn -0.7680 -0.0146 0.6403
vn -0.7760 0.0203 0.6304
vn -0.9973 -0.0716 0.0136
vn -0.9965 -0.0528 -0.0643
vn -0.9972 -0.0750 -0.0042
vn -0.8301 0.0180 0.5573
vn -0.8543 -0.1169 0.5064
vn -0.8800 -0.0645 0.4706
vn -0.8242 -0.0868 -0.5596
vn -0.8102 -0.1750 -0.5594
vn -0.7293 -0.0252 -0.6837
vn -0.7345 -0.3175 -0.5997
vn -0.7217 -0.1884 -0.6661
vn -0.7512 -0.1596 -0.6405
vn -0.7384 0.1513 -0.6571
vn -0.8045 0.2334 -0.5461
vn -0.8299 0.2367 -0.5052
vn -0.7134 0.2447 0.6566
vn -0.6408 0.1809 0.7461
vn -0.6193 0.2084 0.7570
vn -0.2160 0.6775 0.7031
vn -0.3024 0.6222 0.7221
vn -0.2687 0.6519 0.7091
vn -0.2161 0.2149 0.9524
vn -0.1683 0.1829 0.9686
vn -0.1518 0.2397 0.9589
vn -0.7294 -0.0564 0.6817
vn -0.7916 -0.0792 0.6059
vn -0.7984 -0.0196 0.6018
vn -0.7672 -0.4001 -0.5014
vn -0.7274 -0.4413 -0.5254
vn -0.7273 -0.5292 -0.4369
vn 0.2810 -0.5768 0.7670
vn 0.5797 -0.4809 0.6577
vn 0.4910 -0.4482 0.7471
vn -0.9569 0.1060 0.2704
vn -0.9145 0.1356 0.3811
vn -0.9300 0.0482 0.3644
vn 0.9960 0.0236 0.0858
vn 0.9939 0.0256 0.1071
vn 0.9984 0.0387 0.0408
vn -0.9513 -0.0164 0.3078
vn -0.9366 -0.0666 0.3441
vn -0.9627 -0.0879 0.2558
vn -0.4455 -0.1962 0.8735
vn -0.5874 -0.0879 0.8045
vn -0.4170 -0.1751 0.8919
vn -0.6748 -0.0008 -0.7380
vn -0.7754 -0.0193 -0.6311
vn -0.7474 -0.0125 -0.6643
vn 0.4317 0.7938 0.4283
vn 0.3952 0.7866 0.4744
vn 0.3677 0.7992 0.4755
vn -0.4264 0.8093 0.4040
vn -0.3822 0.8843 0.2681
vn -0.3785 0.8649 0.3297
vn 0.6237 -0.6533 0.4292
vn 0.6023 -0.6530 0.4591
vn 0.5148 -0.6582 0.5494
vn -0.4333 0.1836 0.8824
vn -0.3265 0.2419 0.9137
vn -0.2453 0.1609 0.9560
vn 0.1452 0.8073 0.5719
vn 0.1624 0.7199 0.6748
vn 0.1156 0.7687 0.6291
vn -0.6114 -0.1909 0.7680
vn -0.6911 -0.2963 0.6593
vn -0.6832 -0.2163 0.6974
vn -0.9517 0.1308 0.2779
vn -0.9600 0.1150 0.2553
vn -0.9624 0.0614 0.2648
vn 0.4578 0.0195 0.8888
vn 0.4898 0.0027 0.8718
vn 0.5751 0.0371 0.8172
vn -0.3411 -0.2101 -0.9163
vn -0.4748 -0.1094 -0.8733
vn -0.3700 -0.1264 -0.9204
vn 0.6400 0.7488 0.1726
vn 0.6108 0.7915 0.0194
vn 0.6464 0.7503 0.1389
vn -0.1307 0.1444 0.9808
vn 0.0566 0.1083 0.9925
vn -0.2623 0.1104 0.9587
vn 0.9514 0.0438 0.3048
vn 0.9617 0.1300 0.2415
vn 0.9740 0.1008 0.2031
vn 0.5932 0.0306 0.8045
vn 0.6820 0.0773 0.7273
vn 0.6701 0.0260 0.7418
vn -0.5384 0.1294 0.8327
vn -0.4730 0.1487 0.8684
vn -0.5569 0.1646 0.8141
vn -0.1711 -0.4930 0.8530
vn -0.1466 -0.6560 0.7404
vn -0.4531 -0.3335 0.8267
vn -0.2258 -0.9356 -0.2716
vn -0.1833 -0.9247 -0.3338
vn -0.1827 -0.9276 -0.3259
vn -0.1785 -0.9558 -0.2338
vn -0.2585 -0.9492 -0.1792
vn -0.2368 -0.9500 -0.2034
vn 0.8044 -0.3662 0.4679
vn 0.7657 -0.4059 0.4990
vn 0.8073 -0.3051 0.5052
vn 0.2256 0.2130 0.9507
vn 0.1069 -0.0271 0.9939
vn -0.1832 -0.0641 0.9810
vn 0.8969 -0.2837 0.3393
vn 0.9272 -0.3494 0.1352
vn 0.9084 -0.2376 0.3439
vn -0.9190 0.0842 -0.3851
vn -0.9006 0.0895 -0.4254
vn -0.9148 0.1000 -0.3912
vn 0.7005 -0.2358 -0.6735
vn 0.6893 -0.2542 -0.6784
vn 0.6979 -0.2735 -0.6619
vn 0.9926 0.0908 0.0803
vn 0.9883 0.1307 -0.0790
vn 0.9548 0.1380 0.2633
vn 0.6567 -0.2160 0.7225
vn 0.5584 -0.4635 0.6880
vn 0.8213 0.0263 0.5699
vn -0.7338 -0.4974 0.4628
vn -0.3197 0.0140 0.9474
vn -0.5972 -0.1432 0.7892
vn 0.4462 -0.5653 0.6938
vn 0.4321 -0.6403 0.6351
vn 0.5016 -0.5807 0.6413
vn -0.5322 0.0390 0.8457
vn -0.4854 0.0262 0.8739
vn -0.5514 0.0442 0.8331
vn 0.4061 -0.2167 -0.8878
vn 0.6183 -0.1293 -0.7753
vn 0.7748 -0.1444 -0.6155
vn -0.7148 -0.3405 -0.6108
vn -0.6438 -0.2009 -0.7383
vn -0.6741 -0.2953 -0.6770
vn -0.6562 0.3008 0.6920
vn -0.5932 0.3004 0.7469
vn -0.5664 0.3043 0.7659
vn -0.0119 -0.8897 -0.4564
vn -0.0219 -0.9257 -0.3776
vn 0.0447 -0.8377 -0.5442
vn -0.1545 -0.8842 -0.4408
vn -0.1378 -0.8307 -0.5395
vn -0.1565 -0.8512 -0.5009
vn 0.7013 -0.2136 0.6801
vn 0.8158 -0.1674 0.5536
vn 0.7937 -0.1626 0.5862
vn -0.9160 0.0246 0.4003
vn -0.9005 -0.0256 0.4341
vn -0.9267 -0.0884 0.3653
vn -0.6788 0.2006 -0.7064
vn -0.6616 0.1882 -0.7258
vn -0.6568 0.1936 -0.7288
vn -0.4440 0.0627 -0.8938
vn -0.5907 -0.0758 -0.8034
vn -0.3869 0.0384 -0.9213
vn 0.8778 -0.0338 0.4779
vn 0.8494 -0.0200 0.5274
vn 0.8918 -0.0117 0.4524
vn -0.2501 0.0594 0.9664
vn -0.3377 -0.2775 0.8994
vn -0.5550 0.1430 0.8195
vn -0.9394 -0.2914 -0.1804
vn -0.9276 -0.3510 -0.1276
vn -0.9040 -0.4122 -0.1137
vn -0.9703 -0.0292 -0.2401
vn -0.9491 -0.0050 -0.3149
vn -0.9638 -0.0018 -0.2666
vn 0.2336 0.0027 0.9723
vn 0.1472 0.0124 0.9890
vn 0.1862 0.0352 0.9819
vn 0.8825 -0.2164 0.4175
vn 0.8860 0.1838 0.4256
vn 0.9221 -0.0138 0.3868
vn 0.9265 -0.3193 -0.1992
vn 0.9310 -0.3198 -0.1762
vn 0.9278 -0.3210 -0.1901
vn 0.9568 -0.0006 -0.2908
vn 0.9499 -0.0380 -0.3104
vn 0.9537 -0.0453 -0.2975
vn 0.3415 0.2045 -0.9174
vn 0.1375 0.2665 -0.9540
vn 0.0966 0.2609 -0.9605
vn 0.1648 0.0588 -0.9846
vn 0.2623 0.0865 -0.9611
vn 0.1336 0.0705 -0.9885
vn 0.9735 -0.2192 0.0649
vn 0.9419 -0.3101 0.1295
vn 0.9016 -0.3371 0.2710
vn -0.3058 0.7024 -0.6427
vn -0.4833 0.4839 -0.7296
vn -0.3566 0.7143 -0.6022
vn 0.1184 0.1392 0.9832
vn 0.1336 0.1527 0.9792
vn -0.0154 0.1327 0.9910
vn -0.8292 -0.0720 -0.5543
vn -0.8531 -0.0862 -0.5145
vn -0.7697 -0.2323 -0.5946
vn -0.7084 -0.4837 0.5140
vn -0.6983 -0.4860 0.5255
vn -0.7433 -0.4561 0.4894
vn 0.4617 0.5099 0.7259
vn 0.4615 0.5053 0.7291
vn 0.5062 0.4924 0.7080
vn -0.2741 0.1109 0.9553
vn -0.1323 0.0654 0.9891
vn -0.3313 0.1190 0.9360
vn -0.8997 -0.4037 0.1664
vn -0.8635 -0.4183 0.2818
vn -0.8757 -0.4073 0.2591
vn -0.6362 -0.2500 0.7299
vn -0.6466 -0.3526 0.6765
vn -0.7514 -0.4248 0.5048
vn -0.1023 0.9799 0.1714
vn -0.1609 0.9756 0.1495
vn -0.0448 0.9903 0.1318
vn 0.2243 -0.0244 -0.9742
vn 0.1965 -0.0025 -0.9805
vn 0.1906 -0.0399 -0.9809
vn 0.3348 -0.0380 -0.9415
vn 0.3407 -0.0187 -0.9400
vn 0.3379 -0.0121 -0.9411
vn -0.1619 0.9256 -0.3421
vn -0.1152 0.9312 -0.3459
vn -0.0066 0.9228 -0.3852
vn 0.2273 0.6579 -0.7180
vn 0.4355 0.6507 -0.6220
vn 0.2546 0.6897 -0.6779
vn -0.2913 0.4252 0.8569
vn -0.3112 0.4163 0.8543
vn -0.2699 0.4417 0.8556
vn 0.0325 0.4980 0.8666
vn 0.0349 0.4946 0.8684
vn 0.0627 0.4758 0.8773
vn -0.0471 -0.7716 0.6343
vn 0.1395 -0.7472 0.6498
vn 0.0266 -0.7426 0.6692
vn 0.2237 -0.5808 -0.7827
vn 0.0093 -0.5151 -0.8571
vn 0.2175 -0.5942 -0.7743
vn -0.5269 -0.4085 0.7453
vn -0.4418 -0.5316 0.7227
vn -0.5372 -0.4447 0.7167
vn -0.8536 -0.5200 0.0316
vn -0.8318 -0.5535 0.0426
vn -0.8467 -0.5314 0.0254
vn 0.7416 -0.0315 -0.6701
vn 0.7809 -0.1785 -0.5986
vn 0.7818 -0.0430 -0.6220
vn -0.5801 0.8135 0.0412
vn -0.5935 0.7987 0.0992
vn -0.5950 0.8037 0.0012
vn 0.4127 -0.5244 0.7448
vn 0.2721 -0.6299 0.7274
vn 0.3596 -0.5618 0.7450
vn -0.4426 -0.7832 0.4366
vn -0.4542 -0.7501 0.4806
vn -0.3748 -0.7670 0.5208
vn 0.2531 -0.0696 -0.9649
vn 0.1604 -0.0123 -0.9870
vn 0.2103 -0.0285 -0.9772
vn 0.3676 0.1627 -0.9157
vn 0.2671 0.0912 -0.9593
vn 0.3077 0.0882 -0.9474
vn -0.7444 0.2103 0.6338
vn -0.7664 0.2046 0.6089
vn -0.8167 0.2012 0.5408
vn 0.1468 0.0079 -0.9891
vn 0.2247 -0.0944 -0.9698
vn 0.2676 -0.0624 -0.9615
vn 0.9756 0.0100 -0.2195
vn 0.9176 0.1781 -0.3553
vn 0.9512 -0.0993 -0.2922
vn 0.6443 -0.1951 -0.7394
vn 0.6928 -0.2434 -0.6788
vn 0.5999 -0.2100 -0.7720
vn 0.9801 -0.1052 0.1682
vn 0.9730 -0.0885 0.2133
vn 0.9755 -0.0757 0.2064
vn -0.0120 -0.0103 0.9999
vn -0.0909 -0.0174 0.9957
vn -0.0746 0.0080 0.9972
vn 0.6618 -0.6823 0.3107
vn 0.5121 -0.7341 0.4459
vn 0.5514 -0.7543 0.3564
vn 0.9621 -0.2495 0.1097
vn 0.9436 -0.2693 0.1929
vn 0.9615 -0.2405 0.1328
vn 0.7081 0.0392 0.7050
vn 0.7005 0.0542 0.7116
vn 0.6891 0.0145 0.7245
vn 0.5323 -0.8421 -0.0870
vn 0.2859 -0.8801 -0.3791
vn 0.4722 -0.8746 -0.1098
vn 0.6639 -0.2039 0.7195
vn 0.6514 -0.1950 0.7332
vn 0.6074 -0.1754 0.7748
vn -0.5521 0.5517 0.6252
vn -0.5072 0.5148 0.6912
vn -0.5797 0.5265 0.6219
vn -0.7919 0.2449 0.5594
vn -0.7896 0.2065 0.5778
vn -0.7879 0.1959 0.5838
vn -0.5445 -0.0717 0.8357
vn -0.5265 -0.1431 0.8381
vn -0.5342 -0.1058 0.8387
vn 0.4951 -0.7205 -0.4856
vn 0.5067 -0.7237 -0.4686
vn 0.4830 -0.7185 -0.5004
vn -0.2550 0.1523 0.9549
vn -0.4141 0.1598 0.8961
vn -0.3167 0.0961 0.9436
vn -0.4605 0.0484 -0.8863
vn -0.4546 0.0759 -0.8874
vn -0.4127 0.0473 -0.9097
vn 0.7307 0.0375 -0.6817
vn 0.9079 -0.0977 -0.4077
vn 0.8998 -0.0622 -0.4319
vn -0.2178 -0.2557 -0.9419
vn -0.1001 -0.5496 -0.8294
vn -0.1905 -0.2698 -0.9439
vn -0.9620 0.0175 0.2724
vn -0.8822 0.0342 0.4696
vn -0.9142 0.0134 0.4051
vn -0.4890 0.0417 0.8713
vn -0.5172 0.0870 0.8514
vn -0.5519 0.1128 0.8262
vn 0.3784 0.0937 -0.9209
vn 0.3190 0.0918 -0.9433
vn 0.3283 0.1181 -0.9372
vn -0.9224 0.1601 -0.3516
vn -0.9201 0.1745 -0.3506
vn -0.9192 0.1966 -0.3412
vn -0.2113 0.1150 -0.9706
vn -0.3738 -0.0427 -0.9265
vn -0.1981 0.0208 -0.9800
vn -0.4497 -0.1445 0.8814
vn -0.3023 -0.0113 0.9531
vn -0.2215 -0.0878 0.9712
vn -0.7913 -0.4206 0.4437
vn -0.7805 -0.1520 0.6064
vn -0.6840 -0.5209 0.5108
vn -0.7550 0.5402 0.3716
vn -0.7813 0.5195 0.3458
vn -0.6999 0.6205 0.3538
vn 0.0856 0.5067 -0.8579
vn 0.4721 0.5598 -0.6810
vn 0.2154 0.4487 -0.8673
vn 0.3242 0.5754 -0.7508
vn 0.3081 0.5685 -0.7628
vn 0.3072 0.5839 -0.7515
vn 0.5430 -0.3935 0.7418
vn 0.4976 -0.3911 0.7742
vn 0.5402 -0.3514 0.7647
vn 0.9662 0.0736 -0.2469
vn 0.9982 0.0106 0.0588
vn 0.9982 0.0234 -0.0553
vn 0.9636 0.2604 0.0601
vn 0.9588 0.2676 0.0957
vn 0.9606 0.2747 0.0425
vn -0.0244 0.0003 0.9997
vn -0.0587 -0.0726 0.9956
vn -0.1533 0.0474 0.9870
vn -0.1816 0.9666 -0.1811
vn -0.1987 0.9640 -0.1768
vn -0.1470 0.9826 -0.1135
vn -0.3598 0.9330 -0.0089
vn -0.3456 0.9384 -0.0043
vn -0.3775 0.9257 0.0242
vn -0.2703 0.2893 0.9183
vn -0.1933 0.3859 0.9021
vn -0.1135 0.2923 0.9496
vn -0.9515 0.2963 -0.0831
vn -0.9425 0.3309 -0.0469
vn -0.9545 0.2979 0.0127
vn 0.1672 -0.9557 0.2422
vn 0.1031 -0.9460 0.3074
vn 0.1255 -0.9591 0.2536
vn -0.9941 -0.0624 -0.0889
vn -0.9761 -0.0629 -0.2079
vn -0.9584 -0.0896 -0.2710
vn 0.2714 0.4962 0.8247
vn 0.0364 0.4805 0.8763
vn 0.0860 0.4622 0.8826
vn 0.6043 0.1318 -0.7858
vn 0.7269 0.2304 -0.6469
vn 0.5859 0.0949 -0.8048
vn 0.8833 -0.1069 -0.4564
vn 0.8919 0.0340 -0.4509
vn 0.8877 -0.0598 -0.4566
vn 0.8689 -0.1055 -0.4836
vn 0.8506 -0.0608 -0.5223
vn 0.8171 -0.0372 -0.5753
vn 0.8325 -0.2675 -0.4851
vn 0.8237 -0.1927 -0.5333
vn 0.8018 -0.2675 -0.5343
vn -0.9678 -0.1110 -0.2259
vn -0.9978 -0.0281 0.0597
vn -0.9750 -0.1952 -0.1059
vn 0.6395 0.0038 -0.7687
vn 0.6374 0.0115 -0.7704
vn 0.6041 0.0333 -0.7962
vn -0.7990 0.0278 0.6007
vn -0.7451 0.0489 0.6652
vn -0.6933 0.0300 0.7200
vn -0.4722 -0.2201 -0.8536
vn -0.4528 -0.2051 -0.8677
vn -0.4397 -0.2044 -0.8746
vn 0.4644 -0.3766 -0.8016
vn 0.3927 -0.4232 -0.8165
vn 0.3841 -0.4399 -0.8117
vn 0.3593 0.0010 -0.9332
vn 0.3022 0.0289 -0.9528
vn 0.3152 -0.0754 -0.9460
vn 0.4258 0.1985 0.8828
vn 0.3695 0.1041 0.9234
vn 0.4252 0.0714 0.9023
vn 0.9634 0.2410 0.1176
vn 0.9629 0.2449 0.1137
vn 0.9690 0.2355 0.0742
vn -0.4769 0.5939 0.6480
vn -0.6484 0.6161 0.4472
vn -0.5457 0.6221 0.5614
vn -0.8705 0.2034 -0.4482
vn -0.9165 0.1989 -0.3470
vn -0.8814 0.1883 -0.4332
vn 0.3502 -0.3970 -0.8484
vn 0.3097 -0.3895 -0.8674
vn 0.3299 -0.4001 -0.8550
vn 0.6748 -0.7247 0.1397
vn 0.7153 -0.6887 0.1184
vn 0.5866 -0.7996 0.1283
vn 0.2273 -0.9539 -0.1962
vn 0.1566 -0.9752 -0.1564
vn -0.0506 -0.9892 -0.1375
vn -0.4308 0.6181 0.6575
vn -0.3876 0.6285 0.6744
vn -0.3987 0.5224 0.7537
vn -0.3821 0.8118 0.4415
vn -0.4174 0.8094 0.4130
vn -0.4343 0.8254 0.3608
vn 0.1788 0.2406 -0.9540
vn 0.2018 0.1089 -0.9733
vn 0.2054 0.2941 -0.9335
vn 0.1965 -0.0428 -0.9796
vn 0.2263 -0.0594 -0.9723
vn 0.2262 -0.0685 -0.9717
vn 0.4647 0.0027 0.8854
vn 0.4374 0.0470 0.8981
vn 0.4497 0.0005 0.8932
vn 0.4454 -0.6405 -0.6256
vn 0.4627 -0.6311 -0.6226
vn 0.4775 -0.6351 -0.6072
vn 0.5510 0.0305 0.8340
vn 0.5549 0.0277 0.8314
vn 0.5623 0.0241 0.8266
vn -0.6227 -0.3254 -0.7116
vn -0.3482 -0.4735 -0.8090
vn -0.4309 -0.4584 -0.7773
vn -0.8987 0.0899 -0.4291
vn -0.9113 0.0950 -0.4005
vn -0.8994 0.0770 -0.4303
vn 0.0972 -0.9565 0.2751
vn -0.0600 -0.9793 -0.1932
vn -0.1478 -0.9241 -0.3525
vn 0.3985 -0.5177 -0.7570
vn 0.3397 -0.3836 -0.8587
vn 0.3264 -0.4264 -0.8436
vn 0.4712 -0.6750 -0.5677
vn 0.4346 -0.6846 -0.5852
vn 0.4483 -0.6916 -0.5664
vn 0.7018 -0.3756 0.6053
vn 0.8211 -0.4167 0.3901
vn 0.8217 -0.3824 0.4225
vn -0.1305 0.9879 -0.0844
vn -0.1838 0.9785 -0.0939
vn -0.1596 0.9816 -0.1053
vn 0.0882 0.9746 -0.2058
vn 0.0673 0.9686 -0.2393
vn 0.1146 0.9692 -0.2178
vn -0.3764 -0.3592 0.8540
vn -0.3438 -0.3889 0.8547
vn -0.4447 -0.3139 0.8389
vn 0.6423 -0.5160 -0.5667
vn 0.5978 -0.5942 -0.5381
vn 0.6511 -0.5826 -0.4864
vn 0.7171 0.2455 0.6522
vn 0.7773 0.1105 0.6193
vn 0.8137 0.1304 0.5665
vn 0.1222 -0.0679 -0.9902
vn -0.0429 0.0206 -0.9989
vn -0.1162 -0.0174 -0.9931
vn 0.6731 -0.3851 0.6314
vn 0.7887 -0.2230 0.5729
vn 0.5956 -0.2799 0.7530
vn 0.9408 0.2840 0.1850
vn 0.9960 0.0859 0.0234
vn 0.9371 0.3472 0.0349
vn 0.2644 -0.9635 0.0421
vn 0.0900 -0.9942 -0.0581
vn 0.2557 -0.9653 -0.0532
vn 0.2045 -0.9610 0.1859
vn 0.1199 -0.9842 0.1300
vn 0.2313 -0.9661 0.1146
vn -0.5748 -0.2022 -0.7929
vn -0.5328 -0.2852 -0.7967
vn -0.4829 -0.2533 -0.8383
vn -0.0027 0.3732 0.9277
vn -0.3755 0.0768 0.9236
vn -0.0660 0.3575 0.9316
vn 0.5631 0.0347 0.8257
vn 0.6426 0.1032 0.7592
vn 0.6073 0.0463 0.7931
vn -0.4594 0.1074 0.8817
vn -0.4214 0.1062 0.9006
vn -0.4090 0.1552 0.8992
vn 0.9770 0.1469 0.1549
vn 0.9789 0.1460 0.1433
vn 0.9751 0.1970 0.1017
vn 0.9977 0.0336 -0.0596
vn 0.9633 0.0066 -0.2685
vn 0.9668 0.0140 -0.2550
vn -0.3366 -0.0023 0.9417
vn -0.3776 0.1991 0.9043
vn -0.6239 0.1734 0.7620
vn 0.7336 0.5398 -0.4129
vn 0.7444 0.5131 -0.4274
vn 0.7720 0.5174 -0.3693
vn -0.9642 0.1895 0.1856
vn -0.9693 0.1764 0.1715
vn -0.9509 0.1825 0.2500
vn 0.2085 -0.0694 -0.9756
vn 0.2133 -0.0272 -0.9766
vn 0.1986 0.0379 -0.9793
vn -0.2810 -0.1024 -0.9542
vn -0.2987 -0.0805 -0.9509
vn -0.1379 -0.0350 -0.9898
vn -0.5387 -0.5185 -0.6641
vn -0.5208 -0.5366 -0.6640
vn -0.5352 -0.5753 -0.6186
vn -0.0013 -0.6798 -0.7334
vn -0.0173 -0.6678 -0.7442
vn 0.0965 -0.7334 -0.6729
vn 0.1919 0.4235 -0.8854
vn 0.0651 0.4264 -0.9022
vn 0.2489 0.4192 -0.8731
vn -0.2715 0.3682 0.8892
vn -0.1758 0.4186 0.8910
vn -0.2880 0.3733 0.8819
vn -0.3638 0.1743 -0.9150
vn -0.3872 0.2024 -0.8995
vn -0.4018 0.2101 -0.8913
vn -0.4563 -0.0308 0.8893
vn -0.5889 0.0864 0.8036
vn -0.5009 0.0581 0.8636
vn 0.1591 0.0704 -0.9848
vn 0.1867 0.0842 -0.9788
vn 0.1400 0.0905 -0.9860
vn 0.2953 -0.0913 -0.9510
vn 0.3919 0.1356 -0.9100
vn 0.3463 0.0418 -0.9372
vn 0.1583 -0.1728 -0.9722
vn 0.1879 -0.1431 -0.9717
vn 0.1804 -0.2157 -0.9596
vn 0.3270 0.6916 -0.6440
vn 0.3895 0.7693 -0.5064
vn 0.3449 0.7663 -0.5421
vn 0.0027 0.1368 -0.9906
vn -0.0201 0.1305 -0.9912
vn -0.0594 0.1228 -0.9907
vn 0.7297 -0.6398 0.2412
vn 0.7362 -0.6768 0.0016
vn 0.6161 -0.7781 -0.1229
vn 0.7619 -0.1160 -0.6372
vn 0.6871 -0.1610 -0.7085
vn 0.6945 -0.0255 -0.7191
vn 0.3329 -0.3898 -0.8586
vn 0.4524 -0.4238 -0.7847
vn 0.4642 -0.4032 -0.7886
vn 0.0982 -0.4845 0.8693
vn 0.2170 -0.3996 0.8906
vn 0.3024 -0.3798 0.8742
vn 0.2352 0.3285 -0.9148
vn 0.1984 0.1008 -0.9749
vn 0.0938 0.2061 -0.9740
vn 0.9467 0.1150 -0.3010
vn 0.9405 0.0464 -0.3367
vn 0.8863 -0.0681 -0.4581
vn 0.9749 0.0725 -0.2105
vn 0.9207 0.1031 -0.3765
vn 0.9757 0.0879 -0.2009
vn -0.4714 -0.8141 0.3391
vn -0.3831 -0.8709 0.3079
vn -0.3239 -0.9274 0.1872
vn -0.8300 -0.0990 0.5489
vn -0.8794 -0.1099 0.4632
vn -0.9471 -0.0693 0.3133
vn 0.9004 -0.2276 -0.3708
vn 0.9286 -0.0969 -0.3583
vn 0.9366 -0.0536 -0.3463
vn 0.0865 0.3947 -0.9147
vn 0.1597 0.4293 -0.8889
vn 0.2079 0.3829 -0.9001
vn 0.1611 -0.4235 0.8914
vn 0.2215 -0.4207 0.8797
vn 0.2714 -0.4138 0.8689
vn 0.7008 -0.7080 -0.0872
vn 0.6548 -0.7557 0.0061
vn 0.7148 -0.6964 -0.0636
vn -0.6287 -0.3975 0.6684
vn -0.5151 -0.4060 0.7549
vn -0.4497 -0.4696 0.7597
vn -0.4808 -0.8754 -0.0503
vn -0.4636 -0.8769 0.1269
vn -0.5265 -0.8455 -0.0890
vn 0.5228 -0.8113 -0.2617
vn 0.8299 -0.3591 -0.4271
vn 0.6963 -0.5104 -0.5047
vn -0.5208 0.5015 0.6908
vn -0.5575 0.3827 0.7367
vn -0.4857 0.5452 0.6832
vn 0.7665 0.2612 -0.5867
vn 0.7133 0.3249 -0.6210
vn 0.7313 0.2681 -0.6272
vn -0.9808 -0.1916 -0.0351
vn -0.8904 -0.4171 -0.1822
vn -0.8987 -0.2715 -0.3445
vn 0.1400 0.8302 0.5396
vn -0.1812 0.7380 0.6500
vn -0.0892 0.7340 0.6732
vn -0.3685 -0.5953 -0.7141
vn -0.3037 -0.5804 -0.7555
vn -0.0771 -0.4945 -0.8657
vn 0.1400 0.3314 0.9330
vn 0.2680 0.4652 0.8437
vn 0.1008 0.3930 0.9140
vn 0.9061 0.3639 -0.2158
vn 0.9803 0.0709 0.1843
vn 0.9897 0.1429 0.0002
vn 0.9783 0.0998 0.1817
vn 0.9616 0.1952 0.1931
vn 0.9542 0.1868 0.2336
vn 0.9562 0.0308 0.2912
vn 0.9502 0.0237 0.3107
vn 0.9372 0.0397 0.3466
vn 0.5599 0.0978 0.8228
vn 0.5649 0.1098 0.8178
vn 0.5631 0.1132 0.8186
vn 0.1827 -0.9760 0.1187
vn 0.2023 -0.9723 -0.1170
vn 0.2349 -0.9715 -0.0332
vn -0.4590 0.8877 0.0352
vn -0.4470 0.8925 0.0603
vn -0.4130 0.9107 -0.0020
vn 0.8341 0.4503 0.3187
vn 0.8938 0.4307 -0.1254
vn 0.8473 0.5284 -0.0530
vn -0.7370 0.6043 -0.3027
vn -0.7273 0.6386 -0.2515
vn -0.7749 0.5627 -0.2880
vn -0.4396 0.0263 0.8978
vn -0.4406 0.0397 0.8968
vn -0.4333 0.0337 0.9006
vn -0.8107 -0.0359 0.5844
vn -0.9356 0.2201 0.2759
vn -0.8860 0.3025 0.3513
vn -0.7473 -0.4975 -0.4405
vn -0.7512 -0.4993 -0.4316
vn -0.7286 -0.4712 -0.4971
vn 0.9505 0.0383 -0.3084
vn 0.9052 0.0252 -0.4243
vn 0.9523 0.0201 -0.3045
vn -0.8723 -0.0171 -0.4887
vn -0.8766 -0.0440 -0.4792
vn -0.8778 -0.0396 -0.4774
vn 0.2751 -0.0473 -0.9602
vn 0.2671 -0.0376 -0.9629
vn 0.2366 -0.0984 -0.9666
vn 0.7298 -0.1060 -0.6754
vn 0.6523 -0.1259 -0.7474
vn 0.6331 -0.1032 -0.7672
vn 0.9462 0.1044 0.3064
vn 0.9442 0.1092 0.3106
vn 0.9576 0.1047 0.2682
vn 0.9777 0.0410 0.2059
vn 0.9859 0.0639 0.1544
vn 0.9778 0.0390 0.2059
vn -0.0169 -0.9998 -0.0059
vn -0.0328 -0.9995 -0.0018
vn -0.0106 -0.9999 -0.0020
vn -0.0817 -0.9839 -0.1592
vn -0.1981 -0.9569 0.2123
vn -0.4180 -0.7876 0.4526
vn -0.9136 0.3580 -0.1926
vn -0.9127 0.3626 -0.1885
vn -0.9254 0.3370 -0.1734
vn 0.8459 0.3386 0.4122
vn 0.8800 0.3259 0.3456
vn 0.8260 0.3426 0.4477
vn -0.7723 0.3926 0.4994
vn -0.6217 0.3480 0.7018
vn -0.8319 0.2794 0.4795
vn 0.8178 0.1430 -0.5575
vn 0.8382 0.1206 -0.5318
vn 0.8473 0.0922 -0.5231
vn -0.8811 0.0010 -0.4730
vn -0.9066 0.0257 -0.4211
vn -0.8435 -0.0406 -0.5356
vn 0.1511 0.4435 -0.8834
vn 0.2540 0.4133 -0.8745
vn 0.3587 0.3780 -0.8535
vn -0.9470 0.3106 -0.0813
vn -0.9355 0.3118 -0.1661
vn -0.9597 0.2789 -0.0338
vn -0.5197 -0.1462 0.8417
vn -0.5368 -0.1519 0.8299
vn -0.4647 -0.1556 0.8717
vn -0.9903 -0.1255 0.0599
vn -0.9149 -0.4031 -0.0205
vn -0.8617 -0.4162 0.2902
vn 0.8281 -0.5503 0.1071
vn 0.7558 -0.6351 0.1594
vn 0.6967 -0.1197 0.7073
vn -0.8567 0.1067 0.5046
vn -0.8457 0.1500 0.5121
vn -0.7734 0.2171 0.5955
vn -0.8415 0.0279 -0.5395
vn -0.8323 0.0312 -0.5534
vn -0.8644 0.0306 -0.5018
vn -0.7808 -0.1493 0.6067
vn -0.6529 -0.1184 0.7481
vn -0.7155 0.0413 0.6974
vn 0.8226 -0.3162 -0.4725
vn 0.8144 -0.2697 -0.5139
vn 0.8048 -0.2087 -0.5557
vn 0.7641 0.6045 0.2252
vn 0.9334 0.3586 0.0092
vn 0.8318 -0.3587 -0.4237
vn 0.7590 -0.3723 -0.5342
vn 0.7525 -0.4100 -0.5154
vn 0.8187 -0.3208 -0.4762
vn -0.8875 0.2662 -0.3761
vn -0.8787 -0.1346 -0.4581
vn -0.9088 0.3135 -0.2752
vn 0.0100 -0.9266 -0.3759
vn 0.0746 -0.9395 -0.3344
vn 0.0533 -0.9280 -0.3687
vn -0.9617 -0.1991 -0.1886
vn -0.9405 -0.1704 -0.2939
vn -0.9865 -0.0811 -0.1423
vn 0.6589 -0.5250 -0.5387
vn 0.3455 -0.6445 -0.6821
vn 0.4319 -0.6898 -0.5810
vn 0.6856 -0.1501 -0.7123
vn 0.6617 -0.2804 -0.6953
vn 0.7175 -0.1051 -0.6886
vn -0.9685 0.2479 -0.0226
vn -0.9684 0.2317 0.0924
vn -0.9741 0.2212 0.0469
vn 0.7617 -0.6320 0.1429
vn 0.2227 -0.9581 0.1800
vn 0.4951 -0.8491 0.1838
vn 0.4298 -0.8965 0.1070
vn 0.4808 -0.7575 0.4417
vn 0.3908 -0.8946 0.2168
vn -0.6968 0.0505 -0.7155
vn -0.5869 -0.0752 -0.8061
vn -0.6282 -0.0173 -0.7778
vn -0.9160 -0.0753 -0.3940
vn -0.9359 -0.0844 -0.3419
vn -0.9605 -0.0585 -0.2720
vn -0.0268 -0.5520 -0.8334
vn -0.0696 -0.4803 -0.8743
vn 0.0131 -0.4587 -0.8885
vn -0.6964 -0.3788 0.6095
vn -0.5838 -0.3402 0.7372
vn -0.7328 -0.2880 0.6165
vn -0.2556 -0.2311 -0.9388
vn -0.2640 -0.3033 -0.9156
vn -0.1765 -0.3000 -0.9375
vn -0.8579 0.0787 0.5077
vn -0.8252 0.0424 0.5632
vn -0.8416 0.0772 0.5346
vn -0.2417 0.0971 0.9655
vn -0.1914 0.0134 0.9814
vn -0.2817 0.0453 0.9584
vn -0.0366 0.6399 -0.7676
vn 0.0227 0.6766 -0.7360
vn 0.0086 0.6830 -0.7304
vn 0.2084 0.3944 -0.8950
vn 0.2599 0.2906 -0.9209
vn 0.2536 0.4896 -0.8343
vn -0.1002 0.2145 -0.9716
vn -0.1587 0.1842 -0.9700
vn -0.0730 0.0445 -0.9963
vn 0.5930 -0.2506 -0.7652
vn 0.5714 -0.3103 -0.7597
vn 0.5811 -0.2599 -0.7712
vn 0.7680 -0.0162 0.6402
vn 0.7105 -0.0525 0.7017
vn 0.7309 -0.0242 0.6820
vn 0.0402 0.8660 0.4983
vn 0.2700 0.6871 0.6745
vn 0.0224 0.8947 0.4461
vn 0.9747 0.1411 -0.1732
vn 0.9528 0.1281 -0.2754
vn 0.9830 0.0890 -0.1606
vn -0.5237 -0.5418 0.6574
vn -0.5791 -0.4655 0.6693
vn -0.6651 -0.3891 0.6374
vn 0.7525 0.5201 -0.4039
vn 0.7936 0.4479 -0.4119
vn 0.7805 0.4865 -0.3926
vn 0.1546 -0.0561 0.9864
vn 0.2786 -0.0153 0.9603
vn 0.3533 -0.0009 0.9355
vn 0.0538 0.4600 0.8863
vn 0.0446 0.4555 0.8891
vn 0.0463 0.4392 0.8972
vn -0.3721 0.3269 0.8687
vn -0.3641 0.3413 0.8665
vn -0.3922 0.2988 0.8700
vn -0.7608 0.0915 -0.6425
vn -0.7521 0.1227 -0.6476
vn -0.6875 0.0382 -0.7252
vn 0.3734 -0.0752 -0.9246
vn 0.4281 -0.0393 -0.9029
vn 0.4185 -0.0413 -0.9073
vn -0.0096 -0.9732 0.2298
vn -0.0105 -0.9941 0.1076
vn 0.0029 -0.9936 0.1127
vn 0.0530 0.5449 0.8368
vn 0.4985 0.1489 0.8540
vn 0.0145 0.5081 0.8612
vn -0.1299 -0.1374 0.9820
vn -0.0165 -0.0190 0.9997
vn -0.1684 0.2222 0.9603
vn 0.3251 0.0641 0.9435
vn 0.3256 0.0519 0.9441
vn 0.1723 0.0463 0.9840
vn 0.0910 0.0644 0.9938
vn 0.1021 0.1168 0.9879
vn 0.1530 0.1477 0.9771
vn -0.1952 -0.2436 0.9500
vn -0.1984 -0.3378 0.9201
vn -0.1155 -0.3779 0.9186
vn 0.4886 -0.3287 0.8082
vn 0.4892 -0.3293 0.8076
vn 0.5710 -0.3683 0.7337
vn 0.4678 -0.7299 -0.4984
vn 0.5095 -0.5559 -0.6567
vn 0.6419 -0.6822 -0.3500
vn 0.1002 -0.2373 0.9663
vn -0.0012 -0.2518 0.9678
vn 0.0567 -0.2466 0.9674
vn 0.9220 0.3838 -0.0518
vn 0.9824 0.1856 0.0220
vn 0.9155 0.3936 -0.0835
vn 0.1766 0.6408 0.7471
vn 0.1583 0.5504 0.8197
vn 0.1910 0.5895 0.7848
vn -0.8134 -0.4139 -0.4088
vn -0.8497 -0.5254 -0.0439
vn -0.8334 -0.4010 -0.3803
vn 0.1143 -0.9816 -0.1532
vn -0.4448 -0.8882 -0.1149
vn -0.5742 -0.7435 -0.3429
vn -0.5146 0.3757 0.7708
vn -0.5116 0.2909 0.8085
vn -0.5728 0.3475 0.7424
vn -0.8175 -0.0145 0.5758
vn -0.7306 -0.0002 0.6828
vn -0.8096 -0.0360 0.5859
vn 0.0566 -0.1120 0.9921
vn 0.0771 -0.0575 0.9954
vn 0.0676 -0.1060 0.9921
vn -0.2550 0.1106 0.9606
vn -0.3894 0.2635 0.8826
vn -0.3208 0.2887 0.9021
vn -0.2351 0.4814 0.8444
vn -0.3885 0.2964 0.8725
vn -0.3022 0.4249 0.8533
vn -0.3571 0.5052 0.7857
vn -0.2561 0.4595 0.8505
vn -0.3879 0.4741 0.7904
vn -0.6313 0.2030 -0.7485
vn -0.7071 0.1525 -0.6905
vn -0.6916 0.2628 -0.6728
vn -0.4089 0.4084 0.8161
vn -0.3922 0.4392 0.8083
vn -0.4202 0.2650 0.8679
vn 0.0781 -0.0505 0.9957
vn 0.0972 0.0022 0.9953
vn 0.0649 -0.0959 0.9933
vn 0.5918 0.1350 -0.7947
vn 0.5088 -0.0011 -0.8609
vn 0.4935 0.0757 -0.8664
vn 0.9977 -0.0265 -0.0624
vn 0.9949 -0.0319 -0.0958
vn 0.9970 -0.0282 -0.0716
vn -0.0749 0.6201 -0.7810
vn 0.1832 0.4979 -0.8477
vn 0.0457 0.5712 -0.8196
vn -0.5422 -0.3583 0.7600
vn -0.5265 -0.3580 0.7711
vn -0.5120 -0.3442 0.7870
vn -0.9814 -0.1906 0.0238
vn -0.9662 -0.2419 0.0889
vn -0.9836 -0.1748 0.0444
vn 0.9024 0.3503 -0.2508
vn 0.9000 0.3472 -0.2637
vn 0.8757 0.3525 -0.3301
vn 0.7644 -0.5971 0.2432
vn 0.8355 -0.5267 0.1566
vn 0.8153 -0.5613 0.1422
vn -0.8728 -0.0257 -0.4874
vn -0.8337 -0.0654 -0.5483
vn -0.8374 -0.0730 -0.5417
vn -0.4208 0.1035 -0.9012
vn -0.4648 0.1771 -0.8675
vn -0.5239 0.1476 -0.8389
vn -0.0904 0.0501 0.9946
vn -0.1636 0.0300 0.9861
vn -0.0883 0.0441 0.9951
vn 0.3347 0.1046 0.9365
vn 0.3398 0.0800 0.9371
vn 0.3784 0.1909 0.9057
vn 0.1101 0.1748 0.9784
vn 0.0281 0.1602 0.9867
vn 0.0368 0.1361 0.9900
vn 0.0640 -0.9287 0.3653
vn -0.0371 -0.9341 0.3550
vn 0.0075 -0.9346 0.3557
vn 0.5296 0.0352 -0.8475
vn 0.4683 0.0546 -0.8819
vn 0.6065 0.0678 -0.7922
vn 0.7621 0.0201 0.6472
vn 0.8272 0.0165 0.5617
vn 0.7745 0.1464 0.6153
vn -0.2393 0.7628 -0.6007
vn 0.0271 0.8002 -0.5991
vn -0.0261 0.8414 -0.5399
vn -0.9703 -0.0701 -0.2313
vn -0.9682 0.0541 -0.2443
vn -0.9086 -0.2196 -0.3553
vn 0.3616 -0.4207 -0.8320
vn 0.3713 -0.4411 -0.8170
vn 0.3567 -0.3574 -0.8631
vn -0.9991 -0.0298 -0.0303
vn -0.9906 -0.0836 -0.1085
vn -0.9935 -0.0733 0.0876
vn -0.9704 -0.1490 -0.1901
vn -0.8017 -0.0251 -0.5972
vn -0.9365 0.0247 -0.3499
vn 0.1454 -0.0657 -0.9872
vn 0.1455 -0.0197 -0.9892
vn -0.1208 -0.0910 -0.9885
vn 0.8050 -0.1458 0.5750
vn 0.7882 -0.0976 0.6076
vn 0.8398 -0.0594 0.5397
vn -0.7903 0.1555 -0.5926
vn -0.7962 0.1390 -0.5889
vn -0.7523 0.2022 -0.6270
vn 0.5921 0.1889 0.7834
vn 0.4311 0.3987 0.8094
vn 0.5093 0.2063 0.8355
vn -0.7239 -0.0992 -0.6828
vn -0.6943 -0.0448 -0.7183
vn -0.7189 -0.1525 -0.6782
vn -0.8175 0.0050 0.5759
vn -0.8067 0.0231 0.5906
vn -0.7592 0.0845 0.6453
vn 0.9560 -0.1234 0.2661
vn 0.9737 -0.1013 0.2043
vn 0.9886 -0.1417 0.0512
vn -0.3936 -0.2234 -0.8917
vn -0.4347 -0.2435 -0.8670
vn -0.4728 -0.2907 -0.8319
vn 0.5594 0.3977 -0.7273
vn 0.3832 0.1383 -0.9133
vn -0.0027 0.2477 -0.9688
vn 0.4712 0.7689 -0.4322
vn 0.5287 0.6390 -0.5588
vn 0.5901 0.6367 -0.4964
vn -0.3520 0.4277 -0.8325
vn -0.2938 0.8554 -0.4265
vn -0.0271 0.9984 -0.0498
vn -0.4683 -0.6935 0.5476
vn -0.4157 -0.6849 0.5984
vn -0.4066 -0.7233 0.5582
vn -0.7690 -0.6131 0.1812
vn -0.6944 -0.6849 0.2208
vn -0.7079 -0.6821 0.1832
vn -0.9090 0.3623 -0.2063
vn -0.8705 0.4239 -0.2501
vn -0.8938 0.3930 -0.2161
vn 0.2966 -0.8604 -0.4144
vn -0.2532 -0.4061 -0.8780
vn 0.0843 -0.7382 -0.6693
vn 0.2663 -0.6783 0.6848
vn 0.4877 -0.7867 0.3785
vn 0.1851 -0.5893 0.7864
vn 0.3646 -0.3183 -0.8751
vn 0.3450 -0.2449 -0.9061
vn 0.3563 -0.2961 -0.8862
vn 0.3852 -0.7662 0.5143
vn 0.5594 -0.7151 0.4191
vn 0.4839 -0.7075 0.5151
vn 0.3918 0.8791 0.2714
vn 0.3545 0.8900 0.2868
vn 0.3979 0.8860 0.2381
vn -0.9996 -0.0071 0.0266
vn -0.9947 0.0249 0.1002
vn -0.9821 0.0408 0.1838
vn -0.7646 -0.4429 0.4682
vn -0.6801 -0.4976 0.5384
vn -0.7867 -0.4294 0.4434
vn 0.2855 0.9583 -0.0135
vn 0.6564 0.6640 -0.3580
vn 0.4456 0.8922 -0.0735
vn 0.1623 -0.7142 -0.6808
vn 0.0366 -0.5915 -0.8054
vn 0.0967 -0.6013 -0.7932
vn -0.7689 0.0601 0.6366
vn -0.6409 0.0456 0.7663
vn -0.6913 0.0549 0.7205
vn -0.9658 -0.1898 0.1768
vn -0.9438 -0.1550 0.2920
vn -0.9348 -0.1947 0.2972
vn 0.8805 0.3923 0.2663
vn 0.8696 0.4328 0.2377
vn 0.9647 0.2201 0.1449
vn 0.0681 0.1984 -0.9778
vn 0.0333 0.1964 -0.9800
vn -0.0698 0.3029 -0.9505
vn -0.9471 -0.1984 0.2524
vn -0.9363 -0.1320 0.3254
vn -0.9303 -0.1128 0.3491
vn 0.9079 -0.2746 0.3167
vn 0.8710 -0.2656 0.4133
vn 0.9035 -0.2055 0.3760
vn 0.1898 0.1372 -0.9722
vn 0.2649 0.1165 -0.9572
vn 0.2232 0.1982 -0.9544
vn -0.6555 -0.5761 -0.4883
vn -0.5444 -0.6140 -0.5714
vn -0.5997 -0.6627 -0.4485
vn -0.5910 -0.1129 0.7987
vn -0.5170 -0.1426 0.8441
vn -0.5752 -0.1320 0.8073
vn -0.5133 0.1861 -0.8378
vn -0.2095 0.2250 -0.9516
vn -0.4931 0.1934 -0.8482
vn -0.1686 -0.3587 0.9181
vn -0.0801 -0.3543 0.9317
vn 0.0726 -0.3091 0.9483
vn 0.6285 -0.1685 -0.7594
vn 0.6982 -0.5636 -0.4414
vn 0.7910 -0.4056 -0.4581
vn 0.3492 -0.8698 0.3486
vn -0.0230 -0.9995 -0.0203
vn 0.3049 -0.8882 0.3437
vn -0.8369 0.5472 -0.0126
vn -0.8418 0.5381 0.0424
vn -0.8119 0.5838 0.0053
vn 0.2800 -0.6754 -0.6822
vn 0.3305 -0.6762 -0.6584
vn 0.3077 -0.6788 -0.6668
vn 0.0392 0.1913 0.9808
vn -0.2923 0.2892 0.9115
vn -0.2785 0.1868 0.9421
vn -0.6023 0.0460 -0.7969
vn -0.4071 0.0046 -0.9134
vn -0.4634 0.0323 -0.8856
vn 0.6789 0.5821 -0.4475
vn 0.5868 0.6380 -0.4986
vn 0.6337 0.6182 -0.4651
vn 0.4759 0.6740 -0.5650
vn 0.4535 0.6283 -0.6321
vn 0.3275 0.7151 -0.6176
vn 0.0737 0.8433 0.5324
vn 0.1152 0.5913 0.7982
vn 0.2148 0.5838 0.7830
vn -0.8864 -0.3237 -0.3309
vn -0.7413 0.2626 -0.6177
vn -0.3332 0.2625 -0.9056
vn -0.9159 0.0014 -0.4013
vn -0.9630 0.0651 -0.2616
vn -0.8867 0.0367 -0.4608
vn 0.7791 -0.2988 -0.5511
vn 0.7638 -0.3791 -0.5224
vn 0.4339 0.1225 -0.8926
vn -0.4026 -0.2776 -0.8722
vn -0.2885 -0.1418 -0.9469
vn -0.2979 -0.2492 -0.9215
vn -0.4016 -0.3918 -0.8277
vn -0.3798 -0.3507 -0.8560
vn -0.3541 -0.3565 -0.8646
vn -0.9511 0.1503 0.2699
vn -0.9464 0.1569 0.2824
vn -0.9108 0.1293 0.3921
vn 0.7682 -0.1558 -0.6210
vn 0.7545 -0.0955 -0.6494
vn 0.6993 -0.1068 -0.7068
vn -0.9298 -0.3552 0.0964
vn -0.8885 -0.4578 -0.0299
vn -0.9763 -0.1952 0.0936
vn -0.0287 0.0485 -0.9984
vn -0.0626 -0.0456 -0.9970
vn -0.0124 0.1844 -0.9828
vn 0.5200 0.0843 -0.8500
vn 0.4252 0.0673 -0.9026
vn 0.4417 0.0757 -0.8940
vn 0.4022 -0.1669 -0.9002
vn 0.5889 -0.1447 -0.7951
vn 0.4527 -0.1418 -0.8803
vn 0.5805 0.0789 -0.8104
vn 0.6178 -0.0579 -0.7842
vn 0.6895 -0.2229 -0.6891
vn -0.5490 -0.5558 0.6243
vn -0.5834 -0.5747 0.5739
vn -0.5962 -0.5952 0.5388
vn 0.6929 -0.6574 -0.2963
vn 0.4350 -0.7733 -0.4613
vn -0.2467 -0.8200 -0.5165
vn 0.7842 0.4220 0.4549
vn 0.7999 0.4094 0.4388
vn 0.7755 0.4919 0.3958
vn 0.0003 -0.0546 0.9985
vn -0.1363 -0.0292 0.9902
vn -0.0325 -0.0168 0.9993
vn -0.6828 -0.5409 -0.4911
vn -0.5853 -0.5424 -0.6026
vn -0.6589 -0.3379 -0.6720
vn 0.6393 0.0296 0.7684
vn 0.4607 0.0989 0.8820
vn 0.5846 0.1257 0.8015
vn 0.0058 -0.5664 -0.8241
vn 0.1575 -0.6449 -0.7479
vn 0.1345 -0.7860 -0.6034
vn 0.2851 0.0481 0.9573
vn 0.2503 0.2140 0.9442
vn 0.4113 0.2238 0.8836
vn 0.1004 -0.8110 -0.5764
vn 0.1373 -0.9417 -0.3072
vn -0.0297 -0.9690 -0.2451
vn -0.8447 -0.4745 0.2477
vn -0.8571 -0.5051 0.1012
vn -0.8406 -0.4550 0.2939
vn 0.9406 -0.0757 -0.3310
vn 0.9303 -0.0441 -0.3642
vn 0.9336 -0.0877 -0.3475
vn 0.9944 -0.0934 0.0487
vn 0.9884 -0.1062 0.1084
vn 0.9967 -0.0662 -0.0479
vn 0.9376 0.3020 -0.1721
vn 0.9479 0.2803 -0.1515
vn 0.9504 0.2574 -0.1745
vn -0.9383 -0.1298 0.3207
vn -0.9345 -0.1215 0.3346
vn -0.8938 -0.0515 0.4455
vn -0.3216 0.3084 0.8953
vn -0.3408 0.4135 0.8443
vn -0.5032 0.3898 0.7713
vn -0.0665 -0.4109 -0.9092
vn -0.7070 -0.3318 -0.6245
vn -0.6785 -0.3626 -0.6389
vn 0.5820 0.2651 0.7688
vn 0.5895 0.2476 0.7689
vn 0.5710 0.2046 0.7951
vn -0.0240 0.0393 0.9989
vn 0.0018 0.0335 0.9994
vn -0.0491 0.1188 0.9917
vn 0.6349 0.0286 0.7721
vn 0.5073 0.0405 0.8608
vn 0.4421 -0.0012 0.8970
vn -0.1320 0.5043 0.8534
vn -0.0434 0.5418 0.8394
vn -0.1296 0.4976 0.8576
vn 0.1284 -0.4143 -0.9011
vn 0.1260 -0.4285 -0.8947
vn 0.1846 -0.4192 -0.8889
vn 0.9243 -0.2923 0.2455
vn 0.9549 -0.2394 0.1755
vn 0.9570 -0.2380 0.1659
vn -0.9347 -0.0047 -0.3553
vn -0.9295 -0.0184 -0.3683
vn -0.9102 -0.0156 -0.4139
vn 0.8252 0.5513 0.1234
vn 0.8464 0.4914 0.2054
vn 0.8187 0.4868 0.3046
vn -0.8521 0.0589 -0.5200
vn -0.7860 0.1082 -0.6087
vn -0.5140 0.1094 -0.8508
vn 0.0126 0.0174 0.9998
vn 0.0657 -0.0278 0.9975
vn 0.0070 -0.0298 0.9995
vn 0.3273 0.4962 -0.8041
vn 0.5066 0.7174 -0.4781
vn 0.6536 0.5650 -0.5036
vn 0.8316 0.2502 0.4958
vn 0.7428 0.5169 0.4255
vn 0.7385 0.2894 0.6090
vn -0.8208 0.2850 -0.4950
vn -0.8345 0.3023 -0.4607
vn -0.8487 0.2618 -0.4596
vn 0.2073 -0.9719 -0.1120
vn 0.2887 -0.9478 -0.1356
vn 0.2822 -0.9529 -0.1109
vn 0.5620 0.0393 0.8262
vn 0.5328 0.0831 0.8421
vn 0.5228 0.1858 0.8319
vn 0.8173 0.1107 0.5655
vn 0.7972 0.0738 0.5992
vn 0.7872 0.1449 0.5995
vn 0.6292 0.6306 -0.4543
vn 0.6781 0.6093 -0.4111
vn 0.6997 0.6238 -0.3482
vn -0.1146 -0.1403 0.9835
vn -0.2373 -0.1079 0.9654
vn -0.2715 -0.1360 0.9528
vn 0.7785 -0.5183 0.3540
vn 0.7585 -0.5493 0.3507
vn 0.8114 -0.4895 0.3195
vn 0.0889 0.8330 -0.5461
vn 0.0634 0.8717 -0.4859
vn 0.0200 0.8675 -0.4970
vn -0.2442 0.0913 -0.9654
vn -0.2085 0.0739 -0.9752
vn -0.1954 0.0877 -0.9768
vn 0.0220 -0.9899 -0.1399
vn 0.2495 -0.9648 -0.0835
vn 0.7296 -0.6831 0.0339
vn 0.3420 0.3048 0.8889
vn 0.3140 -0.0428 0.9485
vn 0.3788 -0.3237 0.8670
vn -0.5817 0.0422 0.8123
vn -0.5836 0.0539 0.8102
vn -0.6133 0.1023 0.7832
vn -0.0443 -0.0486 0.9978
vn 0.0173 -0.0226 0.9996
vn -0.2297 -0.0006 0.9733
vn -0.2361 0.7277 0.6440
vn -0.0615 0.8840 0.4634
vn -0.1340 0.8607 0.4911
vn -0.2027 0.0689 -0.9768
vn -0.1478 0.0843 -0.9854
vn -0.1988 0.1000 -0.9749
vn -0.4892 -0.2376 -0.8392
vn -0.4514 -0.2892 -0.8442
vn -0.3909 -0.2333 -0.8904
vn -0.1550 -0.0116 -0.9878
vn -0.1004 0.0019 -0.9949
vn -0.1942 0.0140 -0.9809
vn -0.1524 0.0222 0.9881
vn -0.1315 0.0294 0.9909
vn -0.1573 0.0060 0.9875
vn 0.5333 0.0459 0.8447
vn 0.5233 0.0069 0.8521
vn 0.5301 0.0326 0.8473
vn 0.8263 0.1102 0.5524
vn 0.8528 0.0881 0.5148
vn 0.7982 0.0755 0.5977
vn -0.3740 0.8434 -0.3858
vn 0.0445 0.9459 -0.3213
vn -0.0814 0.9661 -0.2452
vn -0.3605 -0.7928 -0.4914
vn -0.3466 -0.8562 -0.3832
vn -0.3086 -0.9050 -0.2929
vn 0.8131 -0.3129 0.4909
vn 0.7861 -0.3264 0.5249
vn 0.8359 -0.2988 0.4605
vn -0.9912 -0.0086 0.1320
vn -0.9906 -0.0506 0.1270
vn -0.9652 -0.0657 0.2533
vn 0.4286 -0.6979 -0.5737
vn 0.5259 -0.5867 -0.6158
vn 0.4157 -0.7405 -0.5281
vn 0.2395 -0.3417 -0.9088
vn 0.2063 -0.4084 -0.8892
vn 0.2298 -0.3325 -0.9147
vn -0.9385 -0.0273 0.3441
vn -0.9177 0.0112 0.3970
vn -0.9560 0.0266 0.2920
vn -0.3318 -0.9277 -0.1710
vn -0.4497 -0.8929 -0.0227
vn -0.3111 -0.9389 -0.1470
vn 0.0734 -0.5525 0.8303
vn 0.0738 -0.8155 0.5740
vn -0.1144 -0.8170 0.5651
vn -0.2405 -0.1860 0.9527
vn -0.1675 -0.2552 0.9523
vn -0.1716 -0.3040 0.9371
vn 0.0274 -0.9951 0.0950
vn 0.2400 -0.9703 0.0316
vn -0.0304 -0.9820 -0.1866
vn 0.1301 0.8567 0.4992
vn 0.1466 0.8413 0.5204
vn 0.1222 0.8442 0.5219
vn -0.7317 -0.0849 -0.6763
vn -0.7524 -0.1157 -0.6484
vn -0.7666 -0.2121 -0.6060
vn 0.8046 -0.4022 0.4369
vn 0.8331 -0.4086 0.3727
vn 0.8011 -0.4041 0.4415
vn 0.1326 -0.5758 -0.8068
vn 0.1958 -0.5785 -0.7918
vn 0.2516 -0.4956 -0.8313
vn 0.9498 -0.0169 0.3125
vn 0.9492 -0.0148 0.3143
vn 0.9376 0.0080 0.3476
vn 0.9700 -0.0278 0.2415
vn 0.9863 -0.0132 0.1646
vn 0.9835 0.0285 0.1784
vn 0.2621 0.0866 0.9612
vn 0.2588 0.1028 0.9605
vn 0.1620 0.0837 0.9832
vn 0.7079 0.0319 0.7056
vn 0.7506 -0.0042 0.6607
vn 0.6995 0.0789 0.7103
vn -0.7875 -0.3766 -0.4878
vn -0.7564 -0.4182 -0.5030
vn -0.7898 -0.3791 -0.4822
vn 0.8980 0.1979 -0.3929
vn 0.8126 0.2634 -0.5200
vn 0.8894 0.0630 -0.4527
vn -0.1586 -0.0155 -0.9872
vn -0.1123 -0.0096 -0.9936
vn -0.1678 -0.0101 -0.9858
vn 0.8063 0.4747 -0.3530
vn 0.7733 0.5463 -0.3217
vn 0.8165 0.4963 -0.2950
vn -0.9778 -0.0867 -0.1907
vn -0.9577 -0.0558 -0.2824
vn -0.9645 -0.0997 -0.2445
vn -0.5601 -0.1883 0.8068
vn -0.5577 -0.2706 0.7847
vn -0.7074 -0.2345 0.6668
vn 0.5731 -0.1323 0.8087
vn 0.6951 -0.1432 0.7045
vn 0.7670 -0.0851 0.6360
vn -0.5857 0.0208 0.8102
vn -0.6167 -0.0353 0.7864
vn -0.6445 0.0662 0.7617
vn 0.6859 0.0684 -0.7245
vn 0.4328 0.1152 -0.8941
vn 0.7099 0.0701 -0.7008
vn 0.0789 -0.3973 -0.9143
vn 0.2234 -0.3303 -0.9171
vn 0.2604 -0.4422 -0.8583
vn -0.4712 0.2617 0.8423
vn -0.5750 0.1371 0.8066
vn -0.5116 0.1970 0.8363
vn 0.5894 -0.1071 0.8007
vn 0.5848 0.0392 0.8103
vn 0.6147 -0.2334 0.7534
vn -0.9106 -0.3438 -0.2292
vn -0.9525 -0.3046 -0.0032
vn -0.7885 -0.6042 -0.1150
vn -0.0922 0.3118 0.9457
vn -0.1194 0.1821 0.9760
vn -0.1657 0.1083 0.9802
vn -0.2717 -0.0418 -0.9615
vn -0.3654 -0.0250 -0.9305
vn -0.2685 -0.0479 -0.9621
vn -0.5922 -0.2932 -0.7506
vn -0.4208 -0.2878 -0.8603
vn -0.6118 -0.2256 -0.7582
vn -0.9696 -0.1105 -0.2185
vn -0.9510 -0.1745 -0.2553
vn -0.9547 -0.1771 -0.2392
vn -0.6406 -0.0325 0.7672
vn -0.5475 -0.1566 0.8220
vn -0.6220 -0.1047 0.7760
vn 0.9067 -0.0924 -0.4116
vn 0.9357 -0.0552 -0.3485
vn 0.8485 -0.1531 -0.5066
vn 0.8834 -0.1166 0.4540
vn 0.8626 -0.0816 0.4992
vn 0.8034 -0.0579 0.5926
vn -0.2043 0.3695 0.9065
vn -0.1773 0.4254 0.8875
vn -0.0504 0.4936 0.8682
vn -0.2018 -0.1629 -0.9658
vn 0.0383 -0.0975 -0.9945
vn 0.0652 -0.1069 -0.9921
vn -0.9329 0.3535 0.0685
vn -0.9510 0.3082 0.0243
vn -0.9521 0.2894 0.0991
vn 0.6048 -0.2233 -0.7644
vn 0.6955 -0.0674 -0.7154
vn 0.6791 -0.1368 -0.7212
vn 0.1228 -0.2465 -0.9613
vn 0.1010 -0.2327 -0.9673
vn 0.1029 -0.1841 -0.9775
vn 0.5869 -0.1792 -0.7896
vn 0.6785 -0.2235 -0.6998
vn 0.6562 -0.2418 -0.7148
vn 0.2338 -0.3706 0.8989
vn 0.3153 -0.3112 0.8965
vn 0.3486 -0.4301 0.8328
vn 0.7602 0.3407 0.5532
vn 0.6568 0.3838 0.6491
vn 0.6971 0.3547 0.6231
vn -0.1702 -0.1036 -0.9799
vn -0.2063 -0.1346 -0.9692
vn -0.2533 -0.0798 -0.9641
vn -0.0457 0.9054 0.4220
vn -0.0033 0.8644 0.5029
vn -0.0475 0.8252 0.5628
vn -0.4240 0.5821 -0.6939
vn 0.0976 0.4027 -0.9101
vn -0.1124 0.3617 -0.9255
vn -0.4370 0.0233 0.8992
vn -0.1414 0.0169 0.9898
vn -0.4602 -0.0066 0.8878
vn -0.0899 0.6648 -0.7416
vn -0.0792 0.6486 -0.7570
vn 0.0445 0.6944 -0.7182
vn 0.8851 -0.1595 -0.4372
vn 0.9024 -0.1404 -0.4074
vn 0.8923 -0.1247 -0.4339
vn -0.6576 0.2148 -0.7221
vn -0.6508 0.2177 -0.7273
vn -0.6665 0.2155 -0.7137
vn -0.8784 0.2569 -0.4030
vn -0.8734 0.2473 -0.4195
vn -0.8460 0.2404 -0.4759
vn -0.2968 0.1479 0.9434
vn -0.3843 0.1677 0.9078
vn -0.3336 0.1564 0.9297
vn 0.9570 -0.2405 -0.1621
vn 0.9245 -0.2820 -0.2564
vn 0.9140 -0.2411 -0.3264
vn 0.1862 0.0126 -0.9824
vn -0.0252 -0.0769 -0.9967
vn -0.2032 -0.0010 -0.9791
vn -0.7876 0.0339 -0.6152
vn -0.7666 -0.0322 -0.6413
vn -0.8236 -0.0253 -0.5667
vn -0.6998 -0.7037 0.1230
vn -0.1441 -0.6627 0.7349
vn -0.6696 -0.6306 0.3924
vn -0.5884 -0.6496 0.4815
vn -0.7447 -0.5656 0.3542
vn -0.8074 -0.5332 0.2527
vn 0.7044 0.6804 -0.2022
vn 0.6219 0.7145 -0.3205
vn 0.7304 0.6388 -0.2417
vn 0.7982 -0.0316 0.6016
vn 0.7568 0.0170 0.6534
vn 0.7696 0.0271 0.6379
vn 0.0900 0.9786 -0.1850
vn 0.4014 0.9050 -0.1408
vn 0.1897 0.9581 -0.2146
vn 0.9850 -0.1470 0.0900
vn 0.9586 -0.2378 0.1567
vn 0.9970 0.0302 0.0706
vn 0.5861 -0.0959 0.8045
vn 0.4313 0.5306 -0.7297
vn -0.1252 -0.9448 -0.3028
vn 0.9745 -0.0209 0.2233
vn 0.9844 0.0231 0.1742
vn 0.9741 -0.0413 0.2223
vn 0.9822 0.1068 0.1548
vn 0.9946 0.1031 -0.0153
vn 0.9909 0.0961 0.0940
vn 0.6367 0.4368 -0.6355
vn 0.5650 0.3467 -0.7487
vn 0.5365 0.4008 -0.7426
vn 0.7771 0.6289 0.0258
vn 0.7733 0.5825 0.2505
vn 0.7421 0.5481 0.3858
vn 0.0858 -0.9642 -0.2508
vn 0.0744 -0.9569 -0.2806
vn 0.0693 -0.9621 -0.2638
vn -0.5190 -0.3157 0.7943
vn -0.4931 -0.3368 0.8022
vn -0.5100 -0.3119 0.8017
vn 0.2136 0.9245 0.3158
vn 0.2209 0.9458 0.2379
vn 0.2630 0.9283 0.2628
vn -0.7986 -0.1611 -0.5799
vn -0.7767 -0.1456 -0.6128
vn -0.7083 -0.1843 -0.6814
vn 0.6346 -0.0862 -0.7680
vn 0.6139 -0.1002 -0.7830
vn 0.6272 -0.0890 -0.7738
vn 0.9935 -0.0129 0.1131
vn 0.9862 0.0634 0.1530
vn 0.9154 -0.1818 0.3591
vn -0.7617 0.0140 -0.6478
vn -0.7507 -0.0129 -0.6605
vn -0.7715 -0.0528 -0.6341
vn -0.7453 0.1061 -0.6583
vn -0.7535 0.1012 -0.6496
vn -0.7592 0.1055 -0.6422
vn -0.0457 -0.2596 0.9646
vn 0.0568 -0.1254 0.9905
vn -0.1755 -0.3036 0.9365
vn -0.8615 -0.2113 -0.4618
vn -0.8608 -0.3005 -0.4107
vn -0.8255 -0.2353 -0.5129
vn 0.2168 0.0762 0.9732
vn 0.3243 0.0801 0.9426
vn 0.2043 0.0499 0.9776
vn -0.6289 0.0679 0.7745
vn -0.6213 0.0158 0.7834
vn -0.6269 0.1351 0.7673
vn -0.8817 -0.3434 -0.3235
vn -0.9580 -0.2339 0.1656
vn -0.9588 -0.2464 -0.1413
vn 0.1697 0.5487 -0.8186
vn 0.1052 0.5391 -0.8357
vn 0.0888 0.5264 -0.8456
vn -0.9218 0.0595 0.3831
vn -0.8955 0.0922 0.4353
vn -0.8155 0.1387 0.5619
vn -0.1380 0.9007 0.4120
vn 0.1123 0.8641 0.4907
vn 0.2272 0.9081 0.3518
vn 0.3121 0.5820 -0.7509
vn -0.0331 0.3495 -0.9363
vn 0.1665 0.5809 -0.7967
vn 0.3426 0.2479 -0.9062
vn 0.3444 0.2914 -0.8925
vn 0.2160 0.2389 -0.9467
vn 0.3275 0.3299 -0.8854
vn 0.3510 0.3254 -0.8780
vn 0.4532 0.3292 -0.8284
vn 0.7189 -0.5888 -0.3694
vn 0.6061 -0.6065 -0.5145
vn 0.8209 -0.5697 -0.0395
vn 0.6359 0.1259 -0.7614
vn 0.6509 0.1249 -0.7488
vn 0.6798 0.0685 -0.7302
vn -0.4418 -0.3109 -0.8415
vn -0.4354 -0.2725 -0.8580
vn -0.5762 -0.2335 -0.7832
vn -0.0411 0.0791 0.9960
vn -0.0352 0.0974 0.9946
vn -0.0778 0.1131 0.9905
vn 0.0517 0.6308 -0.7742
vn 0.0702 0.6287 -0.7745
vn 0.0680 0.6372 -0.7677
vn -0.3423 0.4537 0.8228
vn -0.3551 0.4657 0.8105
vn -0.3681 0.4675 0.8037
vn -0.5982 0.5209 -0.6089
vn -0.5698 0.3973 -0.7194
vn -0.5896 0.5533 -0.5885
vn -0.4726 -0.0480 0.8800
vn -0.4930 -0.0435 0.8690
vn -0.4855 -0.0682 0.8716
vn -0.7126 -0.0533 0.6995
vn -0.7386 -0.0020 0.6742
vn -0.7690 0.0229 0.6388
vn -0.9464 0.3093 0.0932
vn -0.9486 0.3159 0.0218
vn -0.9650 0.2551 0.0612
vn 0.3269 -0.9379 0.1158
vn 0.0761 -0.8779 0.4727
vn 0.4287 -0.8401 -0.3324
vn 0.3913 -0.8681 0.3054
vn 0.4593 -0.8682 0.1879
vn 0.4587 -0.8719 -0.1715
vn -0.4986 -0.5388 -0.6791
vn -0.5039 -0.6502 -0.5686
vn -0.5051 -0.5943 -0.6259
vn 0.9937 0.1068 -0.0332
vn 0.9935 0.1066 -0.0391
vn 0.9850 0.1247 -0.1197
vn 0.9775 0.1198 -0.1739
vn 0.9665 0.1875 -0.1754
vn 0.9517 0.1542 -0.2655
vn -0.1904 -0.1754 0.9659
vn -0.2504 -0.0800 0.9648
vn -0.2193 -0.1357 0.9662
vn -0.2527 0.1690 0.9527
vn -0.2000 0.0791 0.9766
vn -0.2309 0.1862 0.9550
vn 0.2992 0.4124 0.8605
vn 0.2379 0.3587 0.9026
vn 0.3418 0.3866 0.8566
vn -0.2052 -0.0140 -0.9786
vn -0.2165 0.0257 -0.9759
vn -0.0145 -0.1049 -0.9944
vn 0.7096 -0.5744 -0.4080
vn 0.7476 -0.4689 -0.4703
vn 0.6721 -0.6477 -0.3588
vn -0.2294 -0.1360 0.9638
vn -0.2431 -0.0902 0.9658
vn -0.1762 -0.1235 0.9766
vn -0.0396 0.0002 0.9992
vn 0.0182 0.0465 0.9988
vn 0.0662 0.0067 0.9978
vn -0.0387 0.7896 0.6124
vn -0.1557 0.7449 0.6487
vn -0.1989 0.7872 0.5837
vn 0.5634 -0.8193 -0.1060
vn 0.6393 -0.7612 -0.1089
vn 0.5901 -0.7909 -0.1620
vn 0.0497 0.5109 0.8582
vn 0.0512 0.5576 0.8285
vn 0.0733 0.5547 0.8288
vn 0.9146 -0.2889 -0.2831
vn 0.9206 -0.3323 -0.2051
vn 0.8706 -0.2551 -0.4207
vn 0.5151 0.8146 -0.2666
vn 0.6267 0.7367 -0.2539
vn 0.5891 0.7819 -0.2041
vn -0.6208 -0.1840 -0.7620
vn -0.5021 -0.2012 -0.8411
vn -0.6496 -0.0673 -0.7573
vn -0.9553 -0.1222 -0.2691
vn -0.9754 -0.1714 -0.1386
vn -0.9543 -0.2045 -0.2180
vn -0.8579 -0.5116 -0.0475
vn -0.8196 -0.5728 -0.0129
vn -0.9133 -0.3956 -0.0969
vn 0.5658 -0.3676 0.7380
vn 0.6036 -0.3645 0.7091
vn 0.6089 -0.3836 0.6944
vn 0.3164 -0.2792 0.9066
vn 0.1946 -0.2552 0.9471
vn 0.3771 -0.2610 0.8886
vn 0.0303 0.3682 0.9292
vn 0.0284 0.3072 0.9512
vn -0.1346 0.2713 0.9530
vn -0.5368 -0.4298 0.7260
vn -0.3988 -0.1292 0.9079
vn -0.5240 -0.1839 0.8316
vn -0.3585 -0.7468 0.5601
vn -0.4170 -0.6072 0.6764
vn -0.3737 -0.6606 0.6512
vn 0.3966 0.3919 -0.8302
vn 0.4666 0.3452 -0.8143
vn 0.5109 0.4264 -0.7465
vn 0.8874 0.0230 -0.4604
vn 0.9147 0.0041 -0.4041
vn 0.8937 0.0813 -0.4412
vn 0.8244 -0.2849 0.4891
vn 0.8498 -0.2540 0.4619
vn 0.8058 -0.2577 0.5332
vn -0.5199 -0.8414 -0.1474
vn -0.5127 -0.7662 -0.3874
vn -0.5084 -0.8085 -0.2965
vn 0.6944 -0.0590 -0.7171
vn 0.7496 0.0700 -0.6582
vn 0.7040 -0.1894 -0.6845
vn 0.2284 -0.0267 0.9732
vn 0.1811 -0.0274 0.9831
vn 0.3237 0.0197 0.9460
vn -0.2122 -0.5719 -0.7924
vn 0.0437 -0.5163 -0.8553
vn -0.1173 -0.4771 -0.8710
vn -0.4125 -0.7911 -0.4516
vn -0.3991 -0.7834 -0.4765
vn -0.3925 -0.7244 -0.5667
vn 0.6682 -0.2731 0.6920
vn 0.8510 -0.1396 0.5063
vn 0.8753 -0.0604 0.4797
vn -0.9660 0.0233 0.2577
vn -0.9410 0.0074 0.3382
vn -0.9299 0.0864 0.3574
vn -0.5340 -0.0978 0.8398
vn -0.4614 -0.0533 0.8856
vn -0.5823 -0.0578 0.8109
vn -0.9901 -0.1391 -0.0184
vn -0.9367 -0.3382 -0.0906
vn -0.9069 -0.3687 -0.2042
vn 0.6090 -0.6481 -0.4572
vn 0.5997 -0.6611 -0.4509
vn 0.6537 -0.6307 -0.4182
vn 0.4592 -0.1596 -0.8739
vn 0.4576 -0.2155 -0.8626
vn 0.5531 -0.2205 -0.8034
vn -0.8906 -0.1008 -0.4435
vn -0.8572 -0.2194 -0.4659
vn -0.8540 -0.1157 -0.5072
vn -0.0990 -0.3365 0.9365
vn -0.0804 -0.3195 0.9442
vn -0.0574 -0.3338 0.9409
vn 0.4115 0.0077 0.9114
vn 0.1182 0.1165 0.9861
vn 0.3298 0.0792 0.9407
vn -0.3820 0.0616 0.9221
vn -0.4287 -0.0133 0.9033
vn -0.4156 -0.0896 0.9051
vn 0.6739 -0.1613 -0.7210
vn 0.5456 -0.1978 -0.8144
vn 0.5499 -0.4840 -0.6807
vn 0.5421 -0.7262 -0.4229
vn 0.5197 -0.8001 -0.2996
vn 0.5492 -0.7760 -0.3103
vn 0.3113 0.2316 0.9217
vn 0.3912 0.0154 0.9202
vn 0.3770 0.1110 0.9195
vn 0.3379 -0.3284 -0.8821
vn 0.2452 -0.2811 -0.9278
vn 0.2855 -0.2303 -0.9303
vn -0.1875 0.9329 0.3075
vn -0.1892 0.8655 0.4638
vn -0.1733 0.7938 0.5829
vn 0.1729 -0.9187 -0.3550
vn 0.2419 -0.8828 -0.4026
vn 0.2823 -0.9053 -0.3174
vn 0.0870 -0.9864 -0.1398
vn 0.1727 -0.9765 -0.1288
vn 0.0969 -0.9941 -0.0487
vn -0.9141 0.3051 -0.2670
vn -0.9135 0.2995 -0.2753
vn -0.9260 0.2175 -0.3087
vn -0.8454 0.4423 -0.2994
vn -0.9201 0.3443 -0.1867
vn -0.8686 0.4289 -0.2482
vn 0.2020 -0.5831 0.7869
vn 0.3342 -0.5041 0.7964
vn 0.1026 -0.6681 0.7370
vn 0.2132 -0.9666 -0.1424
vn 0.1922 -0.8299 -0.5237
vn 0.1104 -0.9531 -0.2818
vn 0.8396 -0.4867 0.2413
vn 0.8595 -0.4935 0.1332
vn 0.8336 -0.4679 0.2935
vn -0.9776 -0.0219 0.2091
vn -0.8743 -0.0735 0.4797
vn -0.9587 0.0027 0.2843
vn 0.8785 -0.0183 -0.4774
vn 0.8348 -0.0026 -0.5506
vn 0.9349 -0.0553 -0.3507
vn 0.0601 0.4646 -0.8835
vn 0.0805 0.5255 -0.8470
vn 0.0704 0.4979 -0.8644
vn 0.9047 -0.3995 0.1482
vn 0.9013 -0.4232 0.0921
vn 0.8856 -0.4268 0.1831
vn 0.9158 -0.3394 0.2147
vn 0.9422 -0.3125 0.1208
vn 0.9021 -0.3583 0.2406
vn -0.5931 0.0545 0.8033
vn -0.6315 -0.0124 0.7753
vn -0.6527 0.0610 0.7551
vn -0.0702 0.6427 -0.7629
vn -0.1143 0.6138 -0.7812
vn -0.0564 0.6464 -0.7609
vn -0.6431 0.6657 0.3786
vn -0.5990 0.7493 0.2824
vn -0.6656 0.6460 0.3736
vn -0.2720 0.0714 0.9596
vn -0.1259 0.0991 0.9871
vn -0.2007 0.1638 0.9659
vn -0.2720 -0.9619 -0.0290
vn -0.4149 -0.9045 -0.0985
vn -0.2169 -0.9748 -0.0522
vn -0.3963 -0.8758 0.2755
vn -0.3923 -0.9176 -0.0645
vn -0.5147 -0.8097 0.2817
vn 0.9707 -0.1402 0.1951
vn 0.9684 -0.2458 0.0425
vn 0.9185 -0.3931 0.0438
vn 0.7473 -0.5397 -0.3877
vn 0.7887 -0.5326 -0.3069
vn 0.8459 -0.4957 -0.1966
vn 0.1481 -0.0774 -0.9859
vn 0.1626 -0.0704 -0.9842
vn 0.1170 0.0040 -0.9931
vn -0.0420 0.4669 0.8833
vn -0.0320 0.4875 0.8725
vn -0.0434 0.4962 0.8671
vn -0.7920 -0.5734 0.2094
vn -0.7979 -0.5765 0.1760
vn -0.7846 -0.5539 0.2785
vn 0.2858 -0.6732 -0.6820
vn -0.5101 -0.5964 -0.6198
vn -0.2856 -0.7316 -0.6190
vn -0.9463 -0.0285 0.3220
vn -0.8720 -0.2147 0.4398
vn -0.8458 -0.2417 0.4755
vn 0.9519 -0.0895 -0.2931
vn 0.9065 -0.1689 -0.3870
vn 0.9354 -0.0885 -0.3422
vn -0.9753 0.0230 -0.2199
vn -0.9794 0.0161 -0.2011
vn -0.9867 -0.0477 -0.1553
vn -0.7005 0.6996 0.1407
vn -0.7133 0.6957 0.0848
vn -0.7446 0.6575 0.1153
vn -0.8752 0.4826 -0.0322
vn -0.8802 0.4742 0.0201
vn -0.8671 0.4951 -0.0542
vn -0.1914 0.0954 0.9769
vn -0.1452 0.0484 0.9882
vn -0.2365 0.1737 0.9560
vn -0.5150 0.0937 0.8521
vn -0.6094 0.0656 0.7902
vn -0.5434 0.0902 0.8346
vn 0.6916 0.3684 -0.6213
vn 0.7500 0.2652 -0.6059
vn 0.6501 0.4118 -0.6386
vn 0.6840 0.2832 0.6723
vn 0.7408 0.2772 0.6119
vn 0.6404 0.1097 0.7602
vn 0.9117 -0.0835 -0.4022
vn 0.8145 -0.1141 -0.5689
vn 0.8426 0.0008 -0.5385
vn -0.1167 -0.6681 -0.7349
vn -0.9250 -0.2972 -0.2366
vn -0.2196 -0.4853 -0.8463
vn 0.4609 0.1513 0.8744
vn 0.7899 0.0030 0.6132
vn 0.8581 -0.0948 0.5046
vn -0.9772 -0.1215 0.1742
vn -0.9957 -0.0903 -0.0208
vn -0.9323 -0.0034 0.3615
vn 0.9899 0.0192 0.1404
vn 0.9967 -0.0788 0.0211
vn 0.9730 0.1044 -0.2061
vn 0.9777 -0.0537 0.2030
vn 0.9651 -0.0261 -0.2605
vn 0.9714 0.0508 -0.2320
vn 0.5172 -0.7637 0.3865
vn 0.3073 -0.7453 0.5917
vn 0.3608 -0.7881 0.4988
vn -0.9114 0.1252 -0.3921
vn -0.9348 0.1298 -0.3306
vn -0.9362 0.1548 -0.3154
vn -0.6308 -0.2370 -0.7388
vn -0.6125 -0.3001 -0.7313
vn -0.6021 -0.2593 -0.7551
vn -0.2425 -0.4214 -0.8738
vn -0.2026 -0.3930 -0.8970
vn -0.2961 -0.3691 -0.8810
vn -0.8141 0.3725 -0.4454
vn -0.8040 0.3987 -0.4411
vn -0.7665 0.4144 -0.4907
vn -0.6044 0.7838 -0.1428
vn -0.7451 0.6670 0.0052
vn -0.5904 0.8071 0.0005
vn -0.4877 0.1782 0.8546
vn -0.4929 0.1661 0.8541
vn -0.6226 0.0875 0.7776
vn -0.5305 -0.2234 -0.8177
vn -0.5909 -0.2845 -0.7549
vn -0.5824 -0.2810 -0.7628
vn 0.5226 0.2216 0.8233
vn 0.5067 0.2374 0.8288
vn 0.5236 0.2453 0.8158
vn -0.0775 0.1304 -0.9884
vn -0.1811 0.1343 -0.9743
vn -0.1959 0.1393 -0.9707
vn -0.4026 0.1697 -0.8995
vn -0.3824 0.1865 -0.9050
vn -0.4206 0.1675 -0.8917
vn 0.1063 -0.9405 0.3227
vn 0.2258 -0.8751 0.4280
vn -0.1358 -0.9898 0.0437
vn 0.9938 0.0697 -0.0866
vn 0.9388 -0.2558 -0.2305
vn 0.9879 -0.0197 -0.1540
vn -0.8124 -0.5675 0.1339
vn -0.7886 -0.5504 -0.2743
vn -0.7338 -0.6499 -0.1980
vn -0.4169 0.9020 -0.1120
vn -0.3348 0.9308 -0.1470
vn -0.3143 0.9207 -0.2314
vn -0.3793 -0.0406 -0.9244
vn -0.3828 -0.0426 -0.9229
vn -0.3825 -0.0550 -0.9223
vn -0.9799 -0.0687 0.1874
vn -0.9570 -0.1788 0.2283
vn -0.9646 -0.1105 0.2394
vn -0.9487 -0.0959 0.3011
vn -0.7430 -0.5731 0.3458
vn -0.8216 -0.2967 0.4868
vn -0.7523 -0.2115 0.6239
vn -0.7320 -0.1845 0.6558
vn -0.7534 -0.1945 0.6281
vn 0.5697 -0.1253 -0.8122
vn 0.4934 -0.2325 -0.8381
vn 0.5445 -0.3637 -0.7558
vn -0.1343 0.1095 -0.9849
vn 0.0169 -0.0019 -0.9999
vn -0.1064 0.0821 -0.9909
vn 0.9854 -0.0978 0.1396
vn 0.9955 -0.0437 0.0845
vn 0.9434 -0.1197 0.3094
vn -0.9557 -0.1994 -0.2165
vn -0.8784 -0.1983 -0.4349
vn -0.8977 -0.0678 -0.4353
vn -0.1509 -0.2966 -0.9430
vn -0.0504 -0.3311 -0.9423
vn -0.0374 -0.3520 -0.9353
vn 0.3650 -0.0779 -0.9277
vn -0.0118 -0.5154 -0.8569
vn -0.0212 -0.5184 -0.8549
vn 0.2201 0.8358 -0.5031
vn 0.1252 0.8425 -0.5240
vn 0.1358 0.8261 -0.5469
vn -0.0912 0.3323 0.9388
vn -0.1680 0.1896 0.9674
vn -0.1965 0.2307 0.9530
vn -0.5139 -0.1474 0.8451
vn -0.5328 -0.1978 0.8228
vn -0.5402 -0.1780 0.8225
vn -0.1058 0.9151 0.3891
vn -0.3479 0.8486 0.3986
vn -0.5705 0.8206 0.0324
vn -0.9513 0.1879 0.2442
vn -0.9718 -0.0275 0.2343
vn -0.9797 -0.0036 0.2003
vn 0.3571 -0.0015 0.9341
vn 0.5107 0.0329 0.8591
vn 0.5278 0.0688 0.8466
vn 0.1156 -0.1327 -0.9844
vn 0.2589 -0.4550 -0.8520
vn 0.1522 -0.1299 -0.9798
vn 0.9874 -0.0988 -0.1240
vn 0.9553 -0.1576 -0.2503
vn 0.9674 -0.1630 -0.1940
vn -0.4320 -0.7215 -0.5411
vn -0.5064 -0.6465 -0.5706
vn -0.3475 -0.7994 -0.4901
vn 0.0727 0.5492 0.8325
vn 0.0520 0.5144 0.8559
vn -0.0407 0.5259 0.8496
vn 0.9211 0.3775 0.0957
vn 0.9403 0.2922 0.1746
vn 0.9223 0.3680 0.1179
vn -0.8087 -0.3754 0.4528
vn -0.8066 -0.3449 0.4800
vn -0.8343 -0.3881 0.3915
vn -0.7971 0.1481 0.5855
vn -0.8664 0.1379 0.4800
vn -0.8446 0.1333 0.5185
vn -0.0218 -0.4836 0.8750
vn -0.3014 -0.3546 0.8851
vn -0.3511 -0.4061 0.8437
vn 0.8187 0.1353 0.5580
vn 0.8628 0.1362 0.4868
vn 0.8940 0.1324 0.4280
vn 0.0873 0.4194 0.9036
vn 0.0564 0.4373 0.8976
vn 0.0627 0.3838 0.9213
vn 0.2166 -0.1436 -0.9656
vn 0.1091 -0.1728 -0.9789
vn 0.1555 -0.1591 -0.9749
vn -0.3738 0.2650 -0.8888
vn -0.3805 0.2795 -0.8815
vn -0.3744 0.2786 -0.8844
vn 0.2155 -0.1388 -0.9666
vn 0.2382 -0.1591 -0.9581
vn 0.4897 -0.3735 -0.7879
vn 0.0119 0.6382 -0.7698
vn 0.2025 0.5087 -0.8368
vn 0.0068 0.6730 -0.7396
vn 0.2220 0.5033 -0.8351
vn 0.2087 0.6194 -0.7568
vn 0.4537 0.3493 -0.8199
vn 0.8493 -0.5079 -0.1440
vn 0.8802 -0.4683 -0.0764
vn 0.8164 -0.5590 -0.1448
vn -0.6017 -0.1775 -0.7788
vn -0.6354 -0.1454 -0.7584
vn -0.6045 -0.1655 -0.7792
vn -0.1298 -0.7933 -0.5948
vn -0.1055 -0.9044 -0.4135
vn -0.1771 -0.8954 -0.4086
vn 0.3276 -0.2120 -0.9207
vn 0.3934 -0.2454 -0.8860
vn 0.3914 -0.1758 -0.9033
vn 0.1419 0.1852 -0.9724
vn 0.1376 0.3148 -0.9391
vn 0.0768 0.3190 -0.9446
vn 0.7203 -0.2972 -0.6267
vn 0.7516 -0.3279 -0.5724
vn 0.6408 -0.3706 -0.6724
vn 0.6347 -0.1510 -0.7579
vn 0.8143 -0.1688 -0.5553
vn 0.7438 0.0379 -0.6674
vn 0.1861 -0.9409 0.2828
vn 0.0844 -0.8781 0.4709
vn 0.1347 -0.8715 0.4715
vn 0.5645 -0.3550 0.7452
vn 0.4306 -0.3296 0.8402
vn 0.3819 -0.4313 0.8174
vn 0.5875 -0.0053 -0.8092
vn 0.5405 0.0290 -0.8409
vn 0.5244 0.0493 -0.8500
vn -0.9031 0.0124 -0.4293
vn -0.9489 0.0656 -0.3086
vn -0.9430 0.0238 -0.3320
vn 0.9289 0.1323 -0.3458
vn 0.8684 0.1046 -0.4847
vn 0.8736 0.1425 -0.4653
vn -0.9822 0.1080 -0.1537
vn -0.9605 0.0920 -0.2628
vn -0.9957 0.0706 -0.0596
vn 0.9447 0.0650 -0.3213
vn 0.9136 0.0702 -0.4006
vn 0.9106 0.0675 -0.4078
vn 0.4223 0.1259 0.8977
vn 0.4310 0.1307 0.8928
vn 0.4168 0.1265 0.9002
vn -0.9302 -0.0421 -0.3646
vn -0.9150 -0.0241 -0.4028
vn -0.8832 -0.0301 -0.4680
vn -0.1012 -0.2278 0.9684
vn -0.2411 -0.2682 0.9327
vn -0.0527 -0.3505 0.9351
vn -0.3659 -0.1473 0.9189
vn 0.0082 -0.1417 0.9899
vn -0.4639 -0.3670 0.8063
vn 0.4121 0.4426 0.7964
vn 0.0148 0.3745 0.9271
vn -0.3865 0.3087 0.8691
vn -0.5382 0.3850 0.7498
vn -0.5454 0.3196 0.7749
vn -0.6461 0.2376 0.7253
vn -0.1058 -0.8086 -0.5787
vn -0.1186 -0.8730 -0.4731
vn -0.1571 -0.8479 -0.5064
vn -0.4289 -0.7835 0.4497
vn -0.5529 -0.8035 0.2206
vn -0.5188 -0.7132 0.4715
vn -0.3738 -0.0872 -0.9234
vn -0.1716 -0.2132 -0.9618
vn -0.3274 -0.2025 -0.9230
vn 0.3774 -0.5283 -0.7605
vn 0.4349 -0.4379 -0.7868
vn 0.2399 -0.4698 -0.8495
vn 0.6056 -0.2766 -0.7461
vn 0.5781 -0.3041 -0.7571
vn 0.6148 -0.3829 -0.6895
vn 0.9396 -0.2236 -0.2593
vn 0.9521 -0.2080 -0.2241
vn 0.9612 -0.1265 -0.2452
vn 0.0098 0.3219 0.9467
vn -0.2089 0.3733 0.9039
vn -0.0572 0.4249 0.9034
vn 0.9009 0.0299 0.4330
vn 0.8324 -0.0243 0.5537
vn 0.7999 0.0551 0.5976
vn 0.0189 -0.1596 0.9870
vn 0.0582 -0.2201 0.9737
vn -0.1131 -0.1710 0.9788
vn 0.2933 -0.3298 0.8973
vn 0.0502 -0.2649 0.9630
vn 0.1611 -0.2743 0.9481
vn 0.0370 -0.8133 -0.5807
vn 0.0150 -0.7563 -0.6540
vn 0.0445 -0.7448 -0.6658
vn -0.7951 0.1706 -0.5820
vn -0.7628 0.1838 -0.6199
vn -0.7229 0.1966 -0.6624
vn 0.7693 0.4425 0.4607
vn 0.7787 0.4382 0.4491
vn 0.7989 0.4286 0.4220
vn -0.4131 -0.2325 0.8805
vn -0.3325 -0.1888 0.9240
vn -0.3699 -0.2055 0.9061
vn -0.0010 0.0199 0.9998
vn -0.0786 0.0787 0.9938
vn -0.1935 0.1183 0.9739
vn -0.1707 -0.1066 0.9795
vn -0.0713 -0.1912 0.9790
vn -0.2655 -0.0904 0.9599
vn 0.2203 -0.1043 0.9699
vn 0.2868 -0.0649 0.9558
vn 0.2966 -0.1644 0.9407
vn 0.1669 0.0383 -0.9852
vn 0.2143 0.0134 -0.9767
vn 0.1882 0.0247 -0.9818
vn 0.5574 -0.0287 -0.8298
vn 0.5788 -0.0084 -0.8154
vn 0.5392 -0.0184 -0.8420
vn 0.8152 -0.0907 -0.5720
vn 0.8196 -0.1253 -0.5591
vn 0.8719 -0.1032 -0.4787
vn -0.8323 0.1811 -0.5240
vn -0.8519 0.1888 -0.4886
vn -0.8203 0.1634 -0.5481
vn 0.7261 -0.6263 0.2838
vn 0.7646 -0.5617 0.3159
vn 0.6895 -0.6686 0.2784
vn 0.8395 0.3853 0.3832
vn 0.8263 0.4075 0.3887
vn 0.8000 0.3755 0.4681
vn -0.7940 -0.6026 -0.0795
vn -0.9334 -0.3476 -0.0887
vn -0.7690 -0.5914 0.2426
vn -0.1097 0.4309 0.8957
vn -0.2506 0.5522 0.7952
vn -0.0461 0.2135 0.9758
vn 0.7424 -0.6687 0.0416
vn 0.4547 -0.8882 -0.0660
vn 0.8289 -0.5563 0.0589
vn 0.7956 -0.2740 -0.5403
vn 0.4776 -0.7997 -0.3639
vn 0.6103 -0.5661 -0.5542
vn -0.2264 0.5207 0.8232
vn -0.5618 -0.0722 0.8241
vn -0.5454 -0.0147 0.8381
vn 0.9949 -0.0631 -0.0788
vn 0.9604 -0.2538 -0.1154
vn 0.9898 -0.0388 -0.1372
vn 0.9674 0.2170 -0.1303
vn 0.9165 0.2331 0.3252
vn 0.9570 0.2892 -0.0206
vn -0.0483 -0.0038 0.9988
vn -0.1285 -0.1060 0.9860
vn -0.0828 0.1619 0.9833
vn 0.0135 -0.9760 -0.2175
vn -0.0202 -0.9272 -0.3740
vn -0.0058 -0.7939 -0.6081
vn -0.4072 0.9093 -0.0859
vn -0.3902 0.9182 0.0675
vn 0.0273 0.9295 0.3679
vn 0.4924 0.1358 -0.8597
vn 0.5060 0.1428 -0.8507
vn 0.1408 0.2186 -0.9656
vn -0.4253 0.0189 0.9048
vn -0.3790 0.0045 0.9254
vn -0.4342 0.0169 0.9007
vn -0.1021 0.1044 0.9893
vn -0.0829 0.1084 0.9906
vn -0.0691 0.1155 0.9909
vn 0.9321 0.2331 0.2773
vn 0.9596 0.0055 0.2814
vn 0.9193 -0.2780 0.2786
vn -0.3299 0.1885 0.9250
vn -0.3291 0.2388 0.9136
vn -0.2944 0.2539 0.9213
vn -0.2834 0.5409 0.7919
vn -0.1881 0.5517 0.8125
vn -0.2929 0.5659 0.7707
vn -0.1380 0.2528 0.9576
vn -0.2958 0.2744 0.9150
vn -0.1171 0.1962 0.9736
vn -0.4440 0.1457 0.8841
vn -0.5372 0.2858 0.7935
vn -0.5911 0.2990 0.7491
vn -0.5694 0.7040 0.4243
vn -0.8555 0.4673 0.2230
vn -0.6394 0.6338 0.4353
vn -0.9927 -0.1025 -0.0633
vn -0.9842 -0.1083 -0.1404
vn -0.9738 -0.1828 -0.1353
vn -0.9437 -0.1659 -0.2863
vn -0.9328 -0.1708 -0.3173
vn -0.9427 -0.1687 -0.2877
vn -0.2262 0.5849 0.7789
vn -0.1929 0.5956 0.7798
vn -0.1713 0.6197 0.7659
vn -0.9520 -0.2942 -0.0847
vn -0.9483 -0.3122 0.0570
vn -0.9709 -0.2022 -0.1284
vn 0.3695 -0.8540 -0.3662
vn 0.0626 -0.6226 -0.7800
vn -0.0198 -0.5718 -0.8202
vn 0.8790 -0.4732 0.0580
vn 0.4788 -0.3056 -0.8230
vn 0.8632 -0.1395 -0.4852
vn -0.8491 0.0217 0.5278
vn -0.8814 0.0307 0.4713
vn -0.7171 0.0924 0.6908
vn -0.1956 -0.6830 0.7037
vn -0.1137 -0.5790 0.8074
vn -0.1523 -0.7493 0.6445
vn 0.5356 -0.2142 0.8168
vn 0.4035 -0.1778 0.8975
vn 0.5149 -0.1237 0.8483
vn 0.4596 0.4789 0.7480
vn 0.3248 0.5331 0.7812
vn 0.5047 0.4181 0.7552
vn 0.7590 0.0304 0.6504
vn 0.7755 0.0064 0.6313
vn 0.7668 0.0482 0.6400
vn 0.8456 -0.3949 0.3593
vn 0.8743 -0.4758 0.0961
vn 0.8458 -0.3967 0.3567
vn -0.6409 0.1182 -0.7585
vn -0.7129 0.0836 -0.6963
vn -0.6444 0.0447 -0.7634
vn 0.4533 -0.0937 -0.8864
vn 0.3319 0.0080 -0.9433
vn 0.4486 0.0618 -0.8916
vn -0.6143 -0.5080 0.6038
vn -0.5606 -0.6760 0.4782
vn -0.6581 -0.4033 0.6358
vn -0.7914 -0.2573 0.5546
vn -0.7303 -0.1778 0.6595
vn -0.7067 -0.2361 0.6670
vn -0.7338 -0.3254 -0.5964
vn -0.7999 -0.3438 -0.4919
vn -0.7970 -0.3827 -0.4673
vn -0.8369 0.1938 0.5119
vn -0.8941 0.0419 0.4460
vn -0.9588 0.1282 0.2535
vn -0.9141 0.3514 0.2023
vn -0.9337 0.3540 0.0545
vn -0.9257 0.3456 0.1536
vn 0.9862 0.0123 -0.1650
vn 0.9846 -0.0766 -0.1570
vn 0.9871 0.1598 0.0082
vn 0.7262 -0.4092 0.5525
vn 0.7077 -0.4209 0.5675
vn 0.7765 -0.3576 0.5188
vn -0.0489 -0.9391 -0.3402
vn -0.0689 -0.9430 -0.3257
vn -0.0824 -0.9328 -0.3508
vn -0.1305 0.1264 -0.9834
vn -0.0557 0.1110 -0.9923
vn -0.1180 0.1719 -0.9780
vn 0.9777 0.1993 -0.0662
vn 0.9844 0.1752 -0.0138
vn 0.9640 0.2344 -0.1255
vn -0.3528 -0.2437 0.9034
vn -0.3278 -0.2628 0.9075
vn -0.3244 -0.2851 0.9019
vn 0.1470 -0.7092 -0.6895
vn 0.1127 -0.7854 -0.6087
vn 0.0544 -0.7969 -0.6017
vn 0.4638 -0.0982 -0.8805
vn 0.5992 -0.0720 -0.7973
vn 0.6024 -0.5865 -0.5415
vn -0.4167 -0.1415 0.8980
vn -0.7385 -0.2152 0.6390
vn -0.3428 -0.1761 0.9228
vn -0.4940 0.5054 0.7075
vn -0.5309 0.4946 0.6881
vn -0.4817 0.5791 0.6577
vn 0.3967 -0.0250 -0.9176
vn 0.3402 0.0215 -0.9401
vn 0.3287 0.0790 -0.9411
vn 0.1820 -0.3130 -0.9321
vn 0.1881 -0.3030 -0.9343
vn 0.1626 -0.3122 -0.9360
vn 0.1519 -0.9877 -0.0374
vn -0.2720 -0.8727 -0.4054
vn 0.0182 -0.9632 -0.2682
vn -0.8870 -0.1224 -0.4453
vn -0.8928 -0.2903 -0.3444
vn -0.5454 -0.6195 -0.5646
vn 0.1404 -0.9849 0.1010
vn 0.1003 -0.9947 0.0207
vn 0.1385 -0.9900 0.0283
vn 0.0760 -0.9913 -0.1073
vn 0.0605 -0.9947 -0.0830
vn 0.1237 -0.9921 -0.0184
vn 0.2622 0.1105 0.9587
vn 0.4132 0.0656 0.9083
vn 0.2827 0.1438 0.9484
vn -0.6526 0.5880 -0.4779
vn -0.5114 0.5365 -0.6713
vn -0.5730 0.5903 -0.5685
vn 0.1613 -0.0091 -0.9869
vn 0.1272 -0.0438 -0.9909
vn 0.1741 -0.0221 -0.9845
vn 0.9565 0.2877 -0.0485
vn 0.9620 0.2632 -0.0734
vn 0.9544 0.2778 -0.1097
vn 0.7786 -0.0898 0.6210
vn 0.8151 -0.0996 0.5707
vn 0.8343 -0.0727 0.5465
vn 0.6373 0.4896 0.5951
vn 0.7002 0.2170 0.6802
vn 0.8019 0.2603 0.5378
vn -0.9608 0.0269 -0.2760
vn -0.9233 -0.0439 -0.3815
vn -0.8802 -0.1978 -0.4313
vn 0.6641 0.2986 -0.6854
vn 0.6617 0.2502 -0.7068
vn 0.6354 0.2959 -0.7132
vn -0.8456 -0.5338 0.0117
vn -0.7706 -0.5135 -0.3776
vn -0.8219 -0.4242 -0.3802
vn -0.0693 0.1627 -0.9842
vn -0.3637 -0.0802 -0.9281
vn -0.2064 0.1468 -0.9674
vn -0.9612 0.0640 -0.2684
vn -0.9405 0.1141 -0.3200
vn -0.8138 0.1234 -0.5679
vn -0.9124 -0.0930 0.3986
vn -0.9161 -0.1043 0.3870
vn -0.8798 -0.0668 0.4706
vn -0.6272 0.4115 0.6613
vn -0.7703 0.3438 0.5371
vn -0.7875 0.3323 0.5190
vn -0.6736 -0.6075 -0.4210
vn -0.7047 -0.5923 -0.3905
vn -0.4571 -0.8780 -0.1422
vn -0.7992 0.5250 0.2927
vn -0.7378 0.5492 0.3926
vn -0.7907 0.4717 0.3902
vn 0.2253 -0.0199 -0.9741
vn 0.3279 0.0172 -0.9446
vn 0.2034 -0.0988 -0.9741
vn 0.7380 -0.0776 0.6703
vn 0.7470 -0.0733 0.6608
vn 0.7544 -0.0706 0.6526
vn -0.4719 -0.0740 0.8785
vn -0.4572 -0.0684 0.8867
vn -0.4561 -0.0721 0.8870
vn -0.4073 0.3733 -0.8335
vn -0.3727 0.3930 -0.8406
vn -0.4475 0.3798 -0.8096
vn -0.7542 -0.0213 -0.6563
vn -0.6776 -0.0018 -0.7354
vn -0.6769 0.0274 -0.7356
vn -0.9218 -0.1025 -0.3739
vn -0.9387 0.0413 -0.3424
vn -0.9513 0.0670 -0.3008
vn -0.4916 0.2866 -0.8223
vn -0.4622 0.2532 -0.8499
vn -0.6079 0.3082 -0.7318
vn -0.3881 -0.0479 0.9204
vn -0.3283 -0.0471 0.9434
vn -0.3591 -0.0553 0.9317
vn -0.8431 0.1588 -0.5138
vn -0.8427 0.1415 -0.5195
vn -0.7973 0.2422 -0.5528
vn 0.6167 0.1922 -0.7634
vn 0.5415 0.1272 -0.8310
vn 0.6818 0.3116 -0.6618
vn -0.8564 0.5122 -0.0652
vn -0.8342 0.5514 -0.0064
vn -0.8613 0.5065 -0.0408
vn -0.8689 -0.1345 -0.4763
vn -0.9254 0.1236 -0.3583
vn -0.9352 -0.0204 -0.3536
vn -0.4969 -0.6880 -0.5289
vn -0.5194 -0.6482 -0.5568
vn -0.4610 -0.6711 -0.5806
vn 0.3032 -0.4835 0.8211
vn 0.6583 -0.3218 0.6805
vn 0.8844 -0.0323 0.4655
vn -0.0840 0.0256 0.9961
vn 0.0222 -0.0019 0.9998
vn -0.0909 -0.0010 0.9959
vn 0.9154 0.0790 0.3947
vn 0.8623 -0.0518 0.5038
vn 0.8993 -0.0258 0.4366
vn 0.6437 -0.7291 -0.2326
vn 0.6474 -0.7051 -0.2893
vn 0.6130 -0.7765 -0.1456
vn 0.8216 0.4044 0.4018
vn 0.6960 0.5785 0.4254
vn 0.8185 0.4512 0.3557
vn 0.7271 0.0708 -0.6828
vn 0.6787 0.1111 -0.7259
vn 0.7374 0.0833 -0.6703
vn -0.8898 0.3805 -0.2518
vn -0.9196 0.3531 -0.1725
vn -0.8868 0.4171 -0.1990
vn 0.5947 -0.0337 0.8033
vn 0.4255 0.0598 0.9030
vn 0.5515 0.0061 0.8341
vn -0.2379 -0.9352 -0.2621
vn -0.2852 -0.9491 -0.1336
vn -0.3321 -0.8998 -0.2831
vn -0.0540 -0.9980 -0.0319
vn -0.0399 -0.9983 0.0429
vn -0.0951 -0.9949 0.0324
vn 0.1624 -0.6652 -0.7288
vn -0.0707 -0.7182 -0.6923
vn 0.0018 -0.7596 -0.6504
vn 0.2066 -0.3836 -0.9001
vn 0.1982 -0.2793 -0.9395
vn 0.2260 -0.3816 -0.8963
vn 0.2237 0.0240 0.9744
vn 0.1032 -0.1059 0.9890
vn 0.0057 0.0753 0.9971
vn -0.5111 0.0543 0.8578
vn -0.6695 0.1173 0.7335
vn -0.6125 0.1474 0.7767
vn 0.6870 -0.6778 -0.2619
vn 0.6450 -0.4812 -0.5937
vn 0.6945 -0.5961 -0.4029
vn -0.7101 -0.5696 0.4139
vn -0.6618 -0.6710 0.3344
vn -0.5650 -0.7538 0.3355
vn 0.9434 -0.3060 0.1277
vn 0.9389 -0.3157 0.1375
vn 0.9425 -0.3019 0.1433
vn 0.8559 -0.2211 -0.4675
vn 0.9176 -0.3067 -0.2529
vn 0.8573 -0.3142 -0.4078
vn 0.9493 -0.2912 0.1183
vn 0.9486 -0.2882 0.1304
vn 0.9558 -0.2726 0.1104
vn 0.6894 -0.4613 -0.5585
vn 0.6211 -0.6448 -0.4455
vn 0.7057 -0.5689 -0.4223
vn 0.4441 0.7813 -0.4386
vn 0.3809 0.8338 -0.3997
vn 0.3271 0.8373 -0.4381
vn 0.0483 0.8946 0.4443
vn 0.3765 0.8401 0.3905
vn 0.1980 0.8730 0.4457
vn 0.6230 0.5781 0.5270
vn 0.6262 0.5190 0.5818
vn 0.6535 0.5092 0.5600
vn -0.8280 0.3025 -0.4722
vn -0.7758 0.3845 -0.5003
vn -0.7705 0.4055 -0.4918
vn -0.3818 -0.0182 0.9241
vn -0.4252 0.0027 0.9051
vn -0.5197 -0.0340 0.8537
vn 0.1212 0.0141 -0.9925
vn 0.2186 0.0577 -0.9741
vn 0.0974 0.0235 -0.9950
vn -0.6262 0.0003 -0.7796
vn -0.8070 0.3337 -0.4871
vn -0.7022 0.1067 -0.7040
vn 0.4155 0.3486 0.8401
vn 0.1863 0.0537 0.9810
vn 0.1317 0.0653 0.9891
vn 0.1155 0.1281 -0.9850
vn 0.1353 0.3941 -0.9090
vn 0.1369 0.3931 -0.9092
vn 0.5714 -0.0606 -0.8184
vn 0.5709 -0.0504 -0.8195
vn 0.6254 -0.0487 -0.7788
vn -0.4815 -0.6176 -0.6219
vn -0.5381 -0.6004 -0.5916
vn -0.5556 -0.5344 -0.6370
vn -0.7006 0.0305 0.7129
vn -0.7307 -0.0160 0.6826
vn -0.6010 0.0415 0.7982
vn -0.7926 0.1656 -0.5868
vn -0.7666 0.1739 -0.6181
vn -0.8114 0.1785 -0.5566
vn 0.5285 -0.8476 -0.0467
vn -0.1974 -0.9711 -0.1342
vn 0.7550 -0.6557 0.0107
vn 0.2354 0.8107 0.5361
vn -0.5150 0.7059 0.4863
vn -0.0443 0.8430 0.5361
vn 0.2636 -0.5049 -0.8219
vn 0.2996 -0.3751 -0.8772
vn 0.2566 -0.4336 -0.8638
vn -0.5090 0.6341 0.5821
vn -0.5852 0.5819 0.5647
vn -0.3338 0.6522 0.6806
vn 0.0887 0.8625 0.4982
vn 0.0205 0.8448 0.5347
vn 0.0816 0.8589 0.5056
vn -0.8193 -0.1700 -0.5475
vn -0.8148 -0.1492 -0.5603
vn -0.8009 -0.1993 -0.5647
vn -0.0067 0.2026 -0.9792
vn -0.1647 0.1920 -0.9675
vn -0.1846 0.1357 -0.9734
vn -0.8213 0.5703 -0.0144
vn -0.8749 0.3945 -0.2810
vn -0.7214 0.5080 -0.4706
vn -0.7956 -0.3751 -0.4756
vn -0.6092 0.0596 -0.7908
vn -0.5686 -0.2706 -0.7768
vn 0.9557 0.0346 -0.2922
vn 0.9291 0.0793 -0.3612
vn 0.9744 0.0217 -0.2236
vn -0.8340 -0.5452 0.0851
vn -0.8429 -0.4550 -0.2871
vn -0.9018 -0.4305 -0.0388
vn -0.7239 -0.3064 0.6181
vn -0.7365 -0.4045 0.5422
vn -0.7864 -0.3579 0.5035
vn 0.5784 0.0558 -0.8138
vn 0.3681 0.0311 -0.9293
vn 0.4539 0.0617 -0.8889
vn 0.2053 -0.0932 -0.9743
vn 0.0655 0.1024 -0.9926
vn 0.0769 -0.1337 -0.9880
vn 0.8357 0.3604 -0.4144
vn 0.6951 0.4930 -0.5233
vn 0.9401 0.2482 -0.2338
vn -0.8686 0.1360 -0.4765
vn -0.8558 0.1494 -0.4953
vn -0.8539 0.1536 -0.4973
vn 0.4685 -0.0409 -0.8825
vn 0.4778 -0.0188 -0.8783
vn 0.4341 0.0046 -0.9009
vn -0.1280 0.7900 0.5996
vn 0.3372 0.5623 0.7550
vn -0.0717 -0.0304 0.9970
vn 0.3190 0.2793 -0.9057
vn -0.2788 0.1411 -0.9499
vn 0.1474 0.2609 -0.9541
vn -0.5146 -0.5221 0.6801
vn -0.4878 -0.5268 0.6960
vn -0.5530 -0.4918 0.6726
vn -0.9413 -0.2478 0.2294
vn -0.9454 -0.1933 0.2625
vn -0.9143 -0.2165 0.3423
vn -0.1354 -0.1132 0.9843
vn -0.0510 -0.1526 0.9870
vn -0.0204 -0.1018 0.9946
vn 0.6470 0.3192 0.6925
vn 0.9234 0.0942 0.3721
vn 0.8945 -0.0841 0.4391
vn 0.2916 -0.0426 0.9556
vn 0.2932 -0.0205 0.9558
vn 0.3426 -0.1132 0.9326
vn -0.1869 -0.9663 0.1771
vn -0.2771 -0.9224 0.2691
vn -0.1591 -0.9598 0.2311
vn 0.8554 -0.4889 -0.1710
vn 0.8704 -0.3471 0.3491
vn 0.9004 -0.2890 0.3251
vn 0.8370 -0.0742 -0.5421
vn 0.7082 -0.0406 -0.7048
vn 0.7498 -0.0652 -0.6584
vn 0.5817 -0.0056 0.8134
vn 0.5813 -0.0367 0.8129
vn 0.5600 -0.0350 0.8278
vn -0.7971 -0.3495 0.4924
vn -0.7687 -0.2753 0.5774
vn -0.7869 -0.2788 0.5506
vn 0.7984 -0.0680 -0.5983
vn 0.7257 0.0366 -0.6870
vn 0.7334 0.0151 -0.6796
vn 0.4276 -0.9026 0.0500
vn 0.3390 -0.9345 0.1088
vn 0.4291 -0.9030 0.0208
vn 0.5251 -0.8240 -0.2128
vn 0.5342 -0.8249 -0.1850
vn 0.4481 -0.8745 -0.1856
vn -0.2585 -0.3339 -0.9065
vn -0.1788 -0.3384 -0.9238
vn -0.5584 -0.4031 -0.7250
vn 0.1720 -0.9817 -0.0818
vn -0.9107 -0.3854 -0.1487
vn 0.0049 -0.8022 -0.5971
vn 0.4795 0.4375 -0.7607
vn 0.6106 0.2325 -0.7570
vn 0.3236 0.3303 -0.8866
vn 0.2572 -0.6682 -0.6981
vn 0.1030 -0.3767 -0.9206
vn -0.1227 -0.6210 -0.7742
vn -0.0024 -0.1341 -0.9910
vn 0.1041 -0.0009 -0.9946
vn -0.0501 0.1618 -0.9855
vn -0.2529 -0.1504 -0.9557
vn -0.2140 0.2485 -0.9447
vn -0.3729 0.1011 -0.9224
vn -0.7911 -0.4757 0.3845
vn -0.9019 -0.2183 0.3726
vn -0.8434 -0.3016 0.4447
vn -0.4699 -0.4126 0.7804
vn -0.4204 -0.4420 0.7924
vn -0.3065 -0.5073 0.8054
vn -0.6885 0.1691 0.7053
vn -0.8053 0.1027 0.5839
vn -0.8025 0.2436 0.5447
vn -0.9857 0.1604 -0.0519
vn -0.9898 0.1352 -0.0447
vn -0.9838 0.1585 -0.0832
vn 0.8831 -0.4431 -0.1544
vn 0.8949 -0.4317 -0.1131
vn 0.8521 -0.4612 -0.2476
vn -0.5238 -0.6259 0.5779
vn -0.5871 -0.6402 0.4954
vn -0.6470 -0.6215 0.4418
vn -0.8665 0.0653 0.4949
vn -0.5627 0.1959 0.8031
vn -0.7064 0.1564 0.6904
vn 0.6142 -0.1379 -0.7770
vn 0.6432 -0.1488 -0.7511
vn 0.5991 -0.1024 -0.7941
vn 0.7622 -0.6247 -0.1700
vn 0.6676 -0.7428 -0.0505
vn 0.6426 -0.7257 -0.2458
vn -0.9763 -0.1385 0.1662
vn -0.9526 -0.1692 0.2530
vn -0.9664 -0.2453 0.0766
vn 0.0208 -0.8778 -0.4786
vn -0.1321 -0.6325 -0.7632
vn -0.2073 -0.7802 -0.5902
vn -0.3095 -0.1863 -0.9325
vn -0.2376 -0.1680 -0.9567
vn -0.3250 -0.1775 -0.9289
vn -0.7737 0.0610 0.6306
vn -0.7658 -0.0643 0.6399
vn -0.8054 0.0399 0.5914
vn 0.4161 -0.8283 -0.3751
vn 0.0385 -0.8191 -0.5724
vn 0.1712 -0.9665 -0.1914
vn 0.5700 -0.3380 -0.7489
vn 0.4856 -0.2529 -0.8368
vn 0.2342 -0.1561 -0.9596
vn 0.6493 -0.0880 -0.7554
vn 0.7010 -0.1786 -0.6904
vn 0.6160 -0.0147 -0.7876
vn -0.7441 0.2577 -0.6164
vn -0.7232 0.2732 -0.6343
vn -0.6857 0.2630 -0.6787
vn 0.2731 -0.3451 -0.8980
vn 0.5179 -0.3422 -0.7840
vn 0.3600 -0.3685 -0.8571
vn 0.9310 0.0972 -0.3518
vn 0.9790 0.0826 -0.1865
vn 0.9909 0.0997 -0.0903
vn -0.2097 0.0618 -0.9758
vn -0.2705 0.0738 -0.9599
vn -0.1530 -0.0358 -0.9876
vn 0.9138 -0.0397 0.4041
vn 0.9052 -0.0542 0.4215
vn 0.9509 0.0421 0.3067
vn 0.4190 -0.8771 0.2349
vn 0.4371 -0.8591 0.2664
vn 0.2930 -0.9318 0.2142
vn -0.3292 0.5391 -0.7752
vn -0.6169 0.4006 -0.6775
vn 0.0650 0.8053 -0.5893
vn -0.8877 0.1268 -0.4426
vn -0.7939 -0.2218 -0.5662
vn -0.7350 0.3549 -0.5777
vn -0.3917 0.7047 -0.5916
vn -0.2741 0.8146 -0.5112
vn -0.3233 0.7005 -0.6362
vn -0.7437 0.6631 -0.0849
vn -0.7466 0.6627 -0.0579
vn -0.8034 0.5912 -0.0704
vn 0.2561 -0.9643 -0.0677
vn 0.1693 -0.9542 -0.2466
vn 0.2746 -0.9610 0.0313
vn 0.9337 0.3116 -0.1761
vn 0.9283 0.2940 -0.2276
vn 0.9150 0.2876 -0.2831
vn 0.6523 0.0177 -0.7577
vn 0.6479 0.0540 -0.7598
vn 0.6582 0.0594 -0.7505
vn 0.4211 -0.1336 -0.8971
vn 0.2514 -0.1039 -0.9623
vn 0.3004 -0.2153 -0.9292
vn 0.3207 -0.0393 -0.9464
vn 0.1587 -0.0831 -0.9838
vn 0.0241 0.1189 -0.9926
vn 0.9550 0.0284 -0.2953
vn 0.9730 0.2267 0.0441
vn 0.9850 0.1493 -0.0869
vn 0.9658 0.1271 0.2258
vn 0.9840 -0.1289 0.1231
vn 0.9847 -0.0148 0.1736
vn 0.1997 0.0765 0.9769
vn 0.2790 0.0005 0.9603
vn 0.2624 -0.0694 0.9625
vn 0.0052 -0.1031 0.9947
vn 0.1510 -0.1029 0.9832
vn 0.2007 -0.0852 0.9759
vn 0.1100 -0.0136 0.9938
vn 0.0711 -0.0443 0.9965
vn -0.0075 -0.0994 0.9950
vn -0.8718 0.1413 -0.4691
vn -0.8878 0.1078 -0.4474
vn -0.8820 0.1271 -0.4538
vn -0.7027 -0.6529 -0.2829
vn -0.7929 -0.6042 -0.0796
vn -0.7379 -0.6695 -0.0859
vn -0.5222 0.1795 0.8337
vn -0.4958 0.1509 0.8552
vn -0.5166 0.1314 0.8461
vn -0.6665 -0.5169 0.5372
vn -0.6175 -0.6267 0.4753
vn -0.3772 -0.6368 0.6725
vn -0.8020 -0.2477 0.5435
vn -0.7453 -0.0797 0.6620
vn -0.7677 -0.2660 0.5830
vn -0.6426 -0.0107 -0.7661
vn -0.6665 -0.0294 -0.7449
vn -0.7209 0.0665 -0.6898
vn -0.9772 0.1281 -0.1696
vn -0.9960 -0.0384 0.0809
vn -0.9981 0.0447 -0.0434
vn 0.4832 0.4385 0.7578
vn 0.4415 0.5232 0.7289
vn 0.4698 0.3934 0.7903
vn 0.2333 0.5968 0.7677
vn 0.2089 0.5892 0.7805
vn 0.2244 0.5285 0.8187
vn 0.4309 0.2765 -0.8590
vn 0.4140 0.3107 -0.8556
vn 0.4546 0.2716 -0.8483
vn -0.5612 0.7937 0.2348
vn -0.4812 0.8626 0.1561
vn -0.4785 0.8228 0.3066
vn 0.1093 0.3962 -0.9117
vn 0.0992 0.3263 -0.9400
vn 0.0893 0.3524 -0.9316
vn 0.9638 -0.1944 0.1826
vn 0.9804 -0.1765 0.0869
vn 0.9723 -0.2232 0.0692
vn -0.8224 0.4548 0.3418
vn -0.8062 0.4236 0.4130
vn -0.8600 0.4324 0.2711
vn 0.6205 -0.3893 0.6807
vn 0.6757 -0.3581 0.6444
vn 0.7183 -0.3427 0.6055
vn -0.4099 -0.3454 -0.8442
vn -0.5368 -0.4330 -0.7241
vn -0.2730 -0.4117 -0.8695
vn 0.5357 -0.2748 -0.7985
vn 0.0177 -0.7229 -0.6908
vn 0.3025 -0.2265 -0.9259
vn 0.7557 -0.0330 0.6541
vn 0.3772 -0.1124 0.9193
vn 0.2123 -0.0786 0.9740
vn -0.8836 0.3638 -0.2948
vn -0.9046 0.3137 -0.2887
vn -0.8689 0.3563 -0.3436
vn 0.0307 0.9372 0.3474
vn 0.0999 0.9553 0.2782
vn 0.0984 0.9413 0.3230
vn 0.1145 -0.4737 -0.8732
vn 0.2440 -0.5280 -0.8134
vn 0.2251 -0.4841 -0.8456
vn -0.5470 0.1180 0.8288
vn -0.5407 0.1352 0.8303
vn -0.4715 0.1550 0.8681
vn -0.9529 -0.0013 0.3033
vn -0.9709 -0.0550 0.2330
vn -0.9906 -0.1311 0.0390
vn -0.9433 -0.1926 -0.2704
vn -0.9034 -0.2012 -0.3785
vn -0.9490 -0.0563 -0.3102
vn -0.9487 -0.1280 -0.2891
vn -0.9446 -0.1977 -0.2621
vn -0.8931 -0.1888 -0.4083
vn 0.3430 -0.8332 -0.4337
vn 0.4485 -0.8196 -0.3564
vn 0.4047 -0.7767 -0.4827
vn 0.8965 -0.1789 0.4054
vn 0.9802 -0.1981 0.0017
vn 0.9847 -0.1721 -0.0274
vn -0.1969 -0.1141 -0.9738
vn 0.2828 -0.3063 -0.9090
vn 0.3745 -0.3113 -0.8734
vn 0.9175 -0.1104 -0.3820
vn 0.5625 -0.0270 -0.8264
vn 0.8468 -0.1154 -0.5192
vn -0.5390 0.4437 -0.7160
vn -0.6220 0.3695 -0.6904
vn -0.3925 0.4646 -0.7938
vn -0.2844 0.6040 0.7445
vn -0.3011 0.6168 0.7273
vn -0.3321 0.5820 0.7422
vn 0.8411 -0.2366 -0.4864
vn 0.9831 -0.1245 0.1343
vn 0.9331 -0.3549 -0.0586
vn 0.7198 -0.6925 0.0481
vn 0.6452 -0.7614 -0.0631
vn 0.6566 -0.7421 0.1348
vn 0.4644 -0.6733 -0.5754
vn 0.4303 -0.7140 -0.5523
vn 0.2233 -0.7842 -0.5789
vn 0.8599 -0.3468 -0.3747
vn 0.8465 -0.2738 -0.4566
vn 0.8408 -0.2677 -0.4706
vn -0.1413 -0.3502 0.9260
vn -0.2206 -0.2998 0.9281
vn -0.2393 -0.2690 0.9329
vn -0.2934 0.4208 0.8584
vn -0.2900 0.5707 0.7682
vn -0.3771 0.3255 0.8671
vn -0.9333 0.0164 -0.3588
vn -0.9331 0.0225 -0.3590
vn -0.8942 0.0493 -0.4449
vn 0.8656 0.2478 -0.4350
vn 0.8549 0.3185 -0.4096
vn 0.8735 0.2307 -0.4287
vn 0.9295 0.0472 -0.3657
vn 0.9625 -0.1804 -0.2028
vn 0.9049 -0.0149 -0.4253
vn 0.3862 -0.3122 -0.8680
vn 0.3515 -0.3595 -0.8644
vn 0.6195 -0.3949 -0.6785
vn -0.8088 -0.0375 0.5869
vn -0.7750 -0.0705 0.6280
vn -0.7658 -0.0944 0.6361
vn 0.4744 0.1335 0.8702
vn 0.3974 0.0527 0.9161
vn 0.3931 0.2311 0.8900
vn 0.1175 -0.3657 0.9233
vn 0.1688 -0.3933 0.9038
vn 0.2161 -0.4072 0.8874
vn -0.3016 0.4061 0.8626
vn -0.4283 0.5067 0.7482
vn -0.3735 0.3670 0.8520
vn -0.3344 -0.0310 0.9419
vn -0.2326 0.0067 0.9726
vn -0.2985 -0.0472 0.9532
vn -0.1064 -0.0557 0.9928
vn -0.2540 0.0528 0.9658
vn -0.3860 -0.1131 0.9155
vn -0.5895 -0.5786 -0.5637
vn -0.6352 -0.5268 -0.5648
vn -0.6331 -0.5544 -0.5402
vn -0.9374 -0.1411 -0.3183
vn -0.9072 -0.1969 -0.3717
vn -0.9371 -0.0831 -0.3391
vn 0.1479 -0.5964 0.7890
vn 0.1917 -0.6293 0.7532
vn 0.3181 -0.5370 0.7813
vn 0.1535 -0.1374 -0.9786
vn 0.1239 -0.1169 -0.9854
vn 0.1167 -0.1410 -0.9831
vn 0.6449 0.0161 0.7641
vn 0.7401 -0.0481 0.6708
vn 0.4368 0.0635 0.8973
vn -0.9607 -0.1026 0.2579
vn -0.9730 -0.0905 0.2122
vn -0.9443 -0.1649 0.2848
vn -0.1931 -0.1695 0.9664
vn 0.1296 -0.1509 0.9800
vn -0.3517 -0.1483 0.9243
vn 0.8741 -0.3435 -0.3435
vn 0.3236 -0.7918 -0.5180
vn 0.7461 -0.4536 -0.4874
vn -0.4052 0.1228 -0.9059
vn -0.4150 0.1306 -0.9004
vn -0.4193 0.1228 -0.8995
vn 0.7733 0.0843 0.6284
vn 0.7408 0.0386 0.6706
vn 0.7598 0.0779 0.6455
vn -0.0716 -0.1610 -0.9844
vn -0.2332 -0.2826 -0.9305
vn -0.3674 -0.2953 -0.8819
vn 0.7777 -0.4594 -0.4290
vn 0.8008 -0.3912 -0.4535
vn 0.7265 -0.4595 -0.5110
vn 0.9403 -0.3189 -0.1187
vn 0.8811 -0.4601 0.1096
vn 0.9627 -0.2664 0.0471
vn -0.9573 -0.1637 0.2381
vn -0.8642 -0.3977 0.3082
vn -0.8767 -0.2407 0.4165
vn 0.3453 -0.4034 -0.8474
vn 0.2662 -0.3568 -0.8954
vn 0.1553 -0.5254 -0.8365
vn 0.9753 -0.0657 -0.2110
vn 0.7286 -0.1339 -0.6717
vn 0.9561 -0.0394 -0.2905
vn 0.9315 -0.2162 0.2924
vn 0.9031 -0.2725 0.3320
vn 0.9378 -0.2055 0.2797
vn -0.7486 -0.6392 -0.1762
vn -0.7996 -0.5776 -0.1646
vn -0.6525 -0.6641 -0.3650
vn 0.9497 0.1292 0.2852
vn 0.9617 0.1752 0.2107
vn 0.9486 0.1944 0.2498
vn 0.8774 0.1906 0.4404
vn 0.8799 0.1899 0.4356
vn 0.8763 0.1739 0.4493
vn 0.8003 -0.3140 -0.5108
vn 0.7041 0.0241 -0.7097
vn 0.7529 0.1090 -0.6491
vn 0.2893 -0.8629 -0.4144
vn -0.0880 -0.8248 -0.5586
vn 0.0436 -0.9984 -0.0349
vn 0.5184 -0.6670 0.5352
vn 0.4376 -0.7132 0.5476
vn 0.6420 -0.7568 0.1231
vn 0.3681 -0.1278 -0.9210
vn 0.3538 -0.1092 -0.9289
vn 0.3588 -0.1210 -0.9255
vn 0.6405 -0.0792 -0.7638
vn 0.2334 -0.0251 -0.9721
vn 0.2679 -0.0886 -0.9594
vn -0.2095 -0.9524 -0.2214
vn -0.1755 -0.9441 -0.2789
vn -0.2367 -0.9573 -0.1659
vn -0.0529 0.2476 -0.9674
vn 0.1260 0.2211 -0.9671
vn -0.1380 0.2845 -0.9487
vn -0.1202 0.1998 -0.9724
vn -0.0351 0.2134 -0.9763
vn -0.1723 0.1879 -0.9670
vn -0.7842 0.4648 0.4111
vn -0.7960 0.4270 0.4290
vn -0.8199 0.3486 0.4542
vn -0.8140 -0.4332 0.3870
vn -0.7645 -0.4599 0.4517
vn -0.7895 -0.4565 0.4102
vn -0.8823 -0.1738 0.4375
vn -0.8097 -0.2383 0.5363
vn -0.8481 -0.2107 0.4861
vn -0.8816 0.0269 0.4712
vn -0.8130 0.0143 0.5820
vn -0.8928 -0.0304 0.4495
vn -0.9216 0.2731 0.2757
vn -0.9304 0.3032 0.2057
vn -0.9442 0.2733 0.1839
vn 0.4526 0.4291 0.7816
vn 0.5128 0.3723 0.7736
vn 0.4358 0.3728 0.8192
vn -0.6724 -0.3002 0.6766
vn -0.5663 -0.2767 0.7764
vn -0.6687 -0.3471 0.6576
vn 0.7034 0.0795 -0.7063
vn 0.8516 -0.0080 -0.5241
vn 0.7115 -0.1466 -0.6873
vn -0.3696 0.5220 0.7687
vn -0.3069 0.4085 0.8596
vn -0.1111 0.7422 0.6609
vn -0.9821 -0.1108 0.1524
vn -0.9784 -0.1340 0.1575
vn -0.9571 -0.0792 0.2786
vn -0.5280 -0.0095 0.8492
vn -0.5246 -0.0144 0.8512
vn -0.5156 -0.0115 0.8568
vn 0.2439 -0.9593 -0.1423
vn 0.2417 -0.9613 -0.1325
vn 0.2254 -0.9639 -0.1418
vn -0.0675 -0.2117 -0.9750
vn -0.0330 -0.0643 -0.9974
vn -0.1257 -0.0190 -0.9919
vn -0.1394 -0.7831 -0.6061
vn -0.2729 -0.7664 -0.5815
vn -0.1322 -0.7272 -0.6736
vn 0.7483 0.5406 0.3844
vn 0.6640 0.6064 0.4375
vn 0.7873 0.5345 0.3075
vn 0.0228 0.1226 -0.9922
vn 0.0145 0.0826 -0.9965
vn 0.0233 0.0736 -0.9970
vn -0.1497 -0.4200 -0.8951
vn -0.4501 -0.4206 -0.7877
vn -0.5553 -0.3609 -0.7493
vn 0.8008 0.3625 -0.4769
vn 0.8741 0.3992 -0.2766
vn 0.7616 0.3039 -0.5723
vn -0.8118 -0.2062 0.5464
vn -0.7754 -0.1907 0.6020
vn -0.8220 -0.1556 0.5478
vn -0.3402 -0.3888 -0.8562
vn -0.4544 -0.2374 -0.8586
vn -0.3915 -0.2772 -0.8774
vn -0.8060 -0.3164 -0.5002
vn -0.7384 -0.4017 -0.5417
vn -0.8056 -0.3354 -0.4884
vn 0.8420 -0.0007 0.5395
vn 0.8513 -0.0076 0.5246
vn 0.8460 -0.0553 0.5303
vn -0.0337 0.0632 0.9974
vn 0.0029 0.0507 0.9987
vn -0.0316 0.0674 0.9972
vn -0.5571 -0.0553 0.8286
vn -0.3534 0.1246 0.9271
vn -0.4241 -0.0263 0.9052
vn -0.9722 -0.2059 -0.1111
vn -0.9567 -0.2315 -0.1763
vn -0.9558 -0.2375 -0.1735
vn 0.5271 0.1961 0.8268
vn 0.5421 0.1916 0.8182
vn 0.5545 0.1816 0.8121
vn -0.5413 0.8218 -0.1776
vn -0.6361 0.7544 -0.1623
vn -0.3736 0.8954 -0.2423
vn -0.2520 0.9670 0.0384
vn -0.3190 0.9467 0.0454
vn -0.2348 0.9699 -0.0644
vn -0.4108 0.1225 0.9034
vn -0.4871 0.4503 0.7483
vn -0.6084 0.1582 0.7777
vn -0.8970 -0.4357 0.0739
vn -0.9016 -0.4326 0.0057
vn -0.8795 -0.4741 0.0415
vn 0.6409 -0.4229 -0.6407
vn 0.9007 -0.2181 -0.3758
vn 0.6926 -0.3584 -0.6260
vn 0.6165 -0.5568 -0.5567
vn 0.8757 -0.2488 -0.4138
vn 0.8681 -0.2837 -0.4072
vn 0.4142 -0.5589 -0.7184
vn 0.2064 -0.6384 -0.7415
vn 0.3742 -0.6437 -0.6675
vn 0.0587 -0.9961 0.0653
vn 0.1443 -0.9878 0.0585
vn 0.2026 -0.9333 0.2963
vn -0.9227 -0.0579 -0.3812
vn -0.9433 0.0076 -0.3317
vn -0.9062 -0.1027 -0.4103
vn 0.1327 0.4900 0.8615
vn 0.0717 0.5500 0.8321
vn 0.0878 0.5585 0.8248
vn -0.1449 0.5576 -0.8173
vn -0.1966 0.5874 -0.7851
vn -0.1676 0.5749 -0.8009
vn 0.9050 -0.4138 -0.0986
vn 0.9323 -0.3302 -0.1475
vn 0.8965 -0.4311 -0.1017
vn -0.7298 -0.6769 0.0962
vn -0.3013 -0.9108 -0.2822
vn -0.0331 -0.9269 -0.3738
vn -0.5058 -0.4647 -0.7268
vn -0.4515 -0.4893 -0.7461
vn -0.5314 -0.5931 -0.6048
vn 0.7303 0.6826 -0.0247
vn 0.8278 0.5266 -0.1938
vn 0.7706 0.6100 0.1847
vn -0.3983 -0.5210 0.7550
vn -0.4285 -0.5911 0.6834
vn -0.5381 -0.4826 0.6910
vn 0.5302 0.2224 -0.8182
vn 0.6569 0.2059 -0.7253
vn 0.6703 0.2528 -0.6977
vn -0.3364 -0.9309 -0.1423
vn -0.3427 -0.9231 -0.1744
vn -0.2276 -0.9344 -0.2741
vn -0.3062 -0.9486 -0.0802
vn -0.2707 -0.9522 -0.1413
vn -0.3006 -0.9458 -0.1229
vn 0.7284 -0.4362 0.5283
vn 0.7276 -0.5156 0.4524
vn 0.8000 -0.4795 0.3608
vn 0.5957 -0.2108 0.7751
vn 0.4075 -0.3175 0.8562
vn 0.6416 -0.3973 0.6561
vn -0.9525 0.0122 -0.3043
vn -0.8948 0.0439 -0.4443
vn -0.9214 0.0308 -0.3874
vn -0.9149 -0.0948 -0.3925
vn -0.9417 -0.0003 -0.3365
vn -0.9684 -0.0134 -0.2491
vn -0.2569 0.0864 0.9626
vn -0.2209 0.0800 0.9720
vn -0.2903 0.0786 0.9537
vn -0.0707 0.2850 -0.9559
vn -0.0079 0.3824 -0.9240
vn -0.0766 0.4248 -0.9021
vn -0.2788 0.1638 0.9463
vn -0.3335 0.1790 0.9256
vn -0.3161 0.1502 0.9368
vn -0.8449 -0.4659 -0.2628
vn -0.7837 -0.5692 -0.2488
vn -0.8685 -0.4452 -0.2179
vn -0.0872 -0.2407 -0.9667
vn -0.3039 -0.2300 -0.9245
vn -0.0743 -0.2679 -0.9606
vn -0.8385 -0.0568 -0.5420
vn -0.6963 -0.0287 -0.7172
vn -0.6263 -0.0194 -0.7793
vn -0.9600 0.1207 -0.2525
vn -0.9601 0.1400 -0.2420
vn -0.9403 0.1673 -0.2964
vn -0.4530 0.3611 -0.8151
vn -0.3819 0.3815 -0.8418
vn -0.4185 0.3743 -0.8275
vn 0.9868 0.0672 0.1476
vn 0.9734 0.2289 0.0124
vn 0.9958 0.0660 0.0636
vn 0.2621 0.0462 0.9639
vn 0.1502 0.0132 0.9886
vn 0.2501 0.0442 0.9672
vn 0.3837 0.9042 -0.1875
vn 0.4358 0.8688 -0.2352
vn 0.3231 0.9218 -0.2142
vn -0.5804 -0.1784 0.7945
vn -0.5060 -0.1111 0.8553
vn -0.5471 -0.1333 0.8264
vn -0.0497 0.1497 0.9875
vn -0.2632 0.2503 0.9317
vn -0.1726 0.2193 0.9603
vn -0.2364 -0.8016 0.5491
vn -0.2620 -0.8315 0.4899
vn -0.1709 -0.8204 0.5457
vn -0.1214 -0.9604 0.2508
vn -0.0244 -0.9559 0.2928
vn 0.0048 -0.9321 0.3622
vn 0.1761 -0.2167 0.9602
vn 0.2787 -0.2694 0.9218
vn 0.2988 -0.2798 0.9124
vn -0.6920 0.0909 0.7162
vn -0.6958 0.0836 0.7133
vn -0.6868 0.0795 0.7225
vn 0.8401 -0.4344 0.3249
vn 0.9526 -0.0676 -0.2967
vn 0.9769 -0.1776 -0.1189
vn -0.9043 -0.3309 -0.2696
vn -0.8698 -0.3593 -0.3382
vn -0.8608 -0.3324 -0.3855
vn -0.9327 0.2439 -0.2658
vn -0.8800 0.4024 -0.2523
vn -0.9180 0.2730 -0.2878
vn 0.9981 -0.0413 -0.0455
vn 0.9962 -0.0838 0.0235
vn 0.9969 -0.0528 -0.0578
vn 0.9282 0.0069 -0.3719
vn 0.8573 0.0383 -0.5134
vn 0.8714 0.0329 -0.4894
vn 0.1844 -0.9217 0.3413
vn 0.1975 -0.9096 0.3655
vn 0.2458 -0.8706 0.4261
vn -0.7839 -0.4615 0.4153
vn -0.7573 -0.4790 0.4439
vn -0.8117 -0.4488 0.3738
vn 0.1338 -0.3500 0.9271
vn 0.2143 0.0554 0.9752
vn 0.3096 -0.1804 0.9336
vn 0.4339 0.1611 -0.8864
vn 0.4732 0.0907 -0.8763
vn 0.1935 0.1515 -0.9693
vn 0.5425 0.0180 0.8398
vn -0.0241 0.2822 0.9591
vn -0.1372 0.4056 0.9037
vn 0.1697 -0.3704 0.9132
vn 0.2495 -0.3334 0.9092
vn 0.2099 -0.4681 0.8584
vn 0.4405 0.8245 -0.3553
vn 0.5160 0.8144 -0.2654
vn 0.4799 0.8205 -0.3106
vn -0.8009 0.0922 0.5917
vn -0.7517 0.0741 0.6554
vn -0.7847 0.0443 0.6183
vn 0.0519 -0.8457 -0.5311
vn 0.0949 -0.8530 -0.5131
vn 0.1888 -0.9091 -0.3714
vn -0.8027 0.5538 -0.2214
vn -0.8435 0.5083 -0.1734
vn -0.8710 0.4679 -0.1495
vn 0.7748 -0.5831 -0.2442
vn 0.6779 -0.6163 -0.4008
vn 0.7421 -0.6425 -0.1909
vn 0.2954 -0.2458 -0.9232
vn 0.2431 -0.0226 -0.9697
vn 0.1272 -0.1042 -0.9864
vn 0.9643 0.1677 -0.2051
vn 0.8601 -0.0347 -0.5089
vn 0.8717 -0.0698 -0.4850
vn -0.0078 -0.3876 0.9218
vn -0.2543 -0.5813 0.7730
vn -0.2313 -0.5447 0.8061
vn -0.3103 -0.3193 -0.8954
vn -0.3412 -0.2932 -0.8931
vn -0.3545 -0.3414 -0.8705
vn 0.8975 0.3992 0.1872
vn 0.9180 0.2196 0.3303
vn 0.9042 0.2534 0.3437
vn 0.8302 0.0969 -0.5491
vn 0.8149 0.1354 -0.5635
vn 0.8376 0.0695 -0.5419
vn 0.5646 0.1130 -0.8176
vn 0.6005 0.1189 -0.7907
vn 0.5700 0.1503 -0.8078
vn -0.5575 -0.8267 0.0760
vn -0.6422 -0.7566 -0.1230
vn -0.5979 -0.7935 0.1134
vn -0.3293 -0.4947 -0.8043
vn -0.4283 -0.7290 -0.5339
vn -0.3822 -0.8619 -0.3333
vn 0.1263 -0.1063 -0.9863
vn 0.3386 0.1036 -0.9352
vn -0.0712 -0.1299 -0.9890
vn 0.4720 0.0425 0.8806
vn 0.4663 0.0732 0.8816
vn 0.5158 0.0881 0.8522
vn 0.6752 0.0104 0.7376
vn 0.7222 0.0135 0.6916
vn 0.6999 -0.0005 0.7142
vn -0.3584 -0.9334 0.0162
vn -0.4986 -0.8502 -0.1691
vn -0.4231 -0.9043 0.0575
vn -0.2297 -0.6117 -0.7570
vn -0.0970 -0.5722 -0.8143
vn -0.0193 -0.5237 -0.8517
vn -0.2953 -0.1346 0.9459
vn -0.3128 -0.2128 0.9257
vn -0.4588 -0.2183 0.8613
vn 0.3255 -0.1209 -0.9378
vn 0.2899 -0.4317 -0.8542
vn 0.2943 -0.4737 -0.8301
vn -0.4098 -0.6559 0.6339
vn -0.4705 -0.6284 0.6195
vn -0.3990 -0.6062 0.6880
vn 0.6257 -0.0753 0.7764
vn 0.6571 -0.0455 0.7524
vn 0.6998 -0.0554 0.7121
vn -0.6979 -0.7153 0.0340
vn -0.6060 -0.7921 0.0728
vn -0.6143 -0.7840 0.0895
vn 0.2421 0.2280 -0.9431
vn 0.3392 0.3902 -0.8560
vn 0.6994 0.5261 -0.4839
vn -0.0291 -0.0460 0.9985
vn 0.1696 0.0499 0.9843
vn 0.1088 0.1765 0.9783
vn 0.2816 -0.3039 0.9101
vn 0.3798 -0.2456 0.8919
vn 0.3941 -0.2852 0.8737
vn -0.6692 -0.6873 0.2824
vn -0.8127 -0.5421 0.2137
vn -0.7055 -0.6288 0.3270
vn -0.7646 -0.0100 -0.6445
vn -0.7469 -0.0946 -0.6582
vn -0.6709 0.0686 -0.7383
vn 0.2882 0.8511 0.4387
vn 0.2994 0.8313 0.4682
vn 0.3062 0.8437 0.4409
vn 0.4163 0.6999 -0.5804
vn 0.3820 0.7104 -0.5911
vn 0.3188 0.7446 -0.5864
vn -0.0317 -0.3720 -0.9277
vn 0.0022 -0.6319 -0.7750
vn 0.0379 -0.4882 -0.8719
vn -0.5335 -0.4754 -0.6995
vn -0.5083 -0.2114 -0.8348
vn -0.6324 -0.3142 -0.7080
vn 0.0282 0.5149 -0.8568
vn 0.0448 0.4997 -0.8651
vn 0.0128 0.6349 -0.7725
vn 0.0198 -0.9815 -0.1906
vn -0.3750 -0.8459 -0.3792
vn -0.1301 -0.9417 -0.3104
vn -0.4170 0.1760 -0.8917
vn -0.4145 0.1783 -0.8924
vn -0.4209 0.1794 -0.8892
vn 0.3169 -0.2098 0.9250
vn 0.3763 -0.1076 0.9202
vn 0.3371 -0.2790 0.8992
vn -0.5954 0.0184 0.8032
vn -0.5655 -0.0049 0.8247
vn -0.5684 -0.0115 0.8227
vn 0.9685 0.2195 0.1177
vn 0.9656 0.2525 0.0618
vn 0.9586 0.2848 0.0005
vn 0.2414 -0.0888 -0.9664
vn 0.0690 -0.0533 -0.9962
vn 0.1280 -0.0487 -0.9906
vn -0.4253 0.7252 -0.5415
vn -0.4368 0.7851 -0.4391
vn -0.3954 0.7856 -0.4759
vn 0.2247 -0.6787 -0.6992
vn 0.0184 -0.7283 -0.6850
vn 0.0243 -0.6484 -0.7609
vn 0.3584 -0.5842 0.7282
vn 0.4038 -0.6422 0.6516
vn 0.3820 -0.5410 0.7493
vn 0.2060 -0.6966 0.6873
vn 0.3337 -0.7192 0.6094
vn 0.4029 -0.6926 0.5983
vn 0.0091 -0.2269 0.9739
vn -0.8303 -0.2694 0.4879
vn -0.5197 -0.3564 0.7764
vn 0.0615 0.8274 -0.5582
vn 0.0868 0.8280 -0.5540
vn 0.1254 0.8238 -0.5529
vn 0.1737 0.3655 -0.9145
vn 0.0677 0.4353 -0.8977
vn 0.0844 0.3701 -0.9251
vn -0.4489 -0.4403 0.7776
vn -0.3292 -0.8319 0.4466
vn -0.2776 -0.5716 0.7722
vn 0.1222 -0.3195 0.9397
vn 0.1270 -0.3382 0.9325
vn 0.1527 -0.3305 0.9314
vn 0.6595 -0.6504 -0.3768
vn 0.5912 -0.5919 -0.5479
vn 0.7153 -0.5840 -0.3837
vn 0.2565 -0.3824 0.8877
vn 0.1914 -0.3719 0.9083
vn 0.2732 -0.3915 0.8787
vn -0.3393 0.3671 0.8661
vn -0.3377 0.3608 0.8693
vn -0.3025 0.3664 0.8799
vn -0.9532 -0.0520 -0.2977
vn -0.9524 -0.0541 -0.2999
vn -0.9260 0.0329 -0.3761
vn -0.2970 -0.8688 0.3962
vn -0.4654 -0.7444 0.4789
vn -0.2455 -0.7314 0.6363
vn 0.8672 -0.4943 0.0608
vn 0.8475 -0.5084 0.1523
vn 0.8918 -0.4370 0.1168
vn 0.8726 -0.4884 0.0019
vn 0.9173 -0.3793 -0.1215
vn 0.8479 -0.4333 -0.3054
vn -0.5848 -0.3328 0.7397
vn -0.5076 -0.4185 0.7531
vn -0.5635 -0.4078 0.7185
vn 0.5364 -0.8198 0.2006
vn 0.3602 -0.8923 -0.2722
vn 0.5498 -0.8299 0.0942
vn 0.6791 -0.7274 0.0984
vn 0.6076 -0.7926 0.0513
vn 0.6021 -0.7842 -0.1501
vn 0.8941 -0.4448 0.0525
vn 0.8162 -0.5716 0.0844
vn 0.8813 -0.4716 -0.0305
vn 0.9819 -0.1367 -0.1308
vn 0.9674 -0.2458 0.0604
vn 0.9940 0.0394 -0.1018
vn -0.9590 -0.2478 0.1375
vn -0.9154 -0.3905 -0.0976
vn -0.9783 -0.1991 0.0568
vn -0.1360 -0.4733 0.8703
vn -0.1206 -0.5962 0.7938
vn -0.1197 -0.6290 0.7681
vn 0.0196 -0.8154 -0.5786
vn 0.1689 -0.8451 -0.5073
vn 0.0514 -0.7366 -0.6744
vn -0.9343 -0.3539 -0.0434
vn -0.9557 -0.2742 -0.1066
vn -0.8868 -0.4612 -0.0289
vn -0.9692 0.1083 -0.2213
vn -0.9841 0.0483 -0.1708
vn -0.9998 0.0022 0.0219
vn -0.9920 -0.0754 -0.1010
vn -0.9884 -0.0867 -0.1245
vn -0.9526 -0.1034 -0.2862
vn 0.0192 0.0409 0.9990
vn 0.0538 0.0181 0.9984
vn 0.0043 0.0637 0.9980
vn 0.9655 0.1718 0.1955
vn 0.9924 0.0047 0.1230
vn 0.9805 0.1401 0.1375
vn 0.1580 -0.9359 -0.3149
vn 0.0846 -0.9049 -0.4172
vn 0.1310 -0.8008 -0.5845
vn 0.6765 0.6015 -0.4249
vn 0.6040 0.6687 -0.4337
vn 0.5544 0.6681 -0.4962
vn -0.7468 -0.2172 0.6286
vn -0.8612 -0.1070 0.4969
vn -0.8013 -0.2180 0.5572
vn -0.9321 -0.1214 0.3411
vn -0.9326 -0.2065 0.2959
vn -0.8730 -0.3382 0.3513
vn -0.0214 -0.9487 0.3154
vn -0.0569 -0.9537 0.2953
vn -0.0485 -0.9514 0.3042
vn 0.7282 -0.0032 -0.6854
vn 0.7924 0.0389 -0.6088
vn 0.8714 -0.1283 -0.4735
vn 0.9933 -0.0701 -0.0917
vn 0.9226 -0.3717 -0.1036
vn 0.8295 -0.2994 -0.4714
vn 0.7794 0.3748 0.5021
vn 0.7423 0.5133 0.4308
vn 0.7937 0.4209 0.4392
vn 0.9502 0.0291 -0.3104
vn 0.9542 -0.1588 -0.2534
vn 0.9377 -0.0282 -0.3464
vn 0.5128 0.8428 -0.1634
vn 0.5523 0.8027 -0.2251
vn 0.3834 0.9182 -0.0997
vn -0.6049 -0.7557 -0.2510
vn -0.2761 -0.7853 -0.5541
vn -0.4406 -0.7889 -0.4284
vn -0.2658 0.2489 0.9313
vn -0.3252 0.3020 0.8961
vn -0.4015 0.2565 0.8792
vn -0.9339 -0.2023 -0.2950
vn -0.9436 -0.1255 -0.3062
vn -0.9563 -0.0759 -0.2824
vn 0.4905 0.0979 -0.8659
vn 0.3805 0.0246 -0.9244
vn 0.4768 0.0772 -0.8756
vn -0.4920 -0.8700 -0.0306
vn -0.3795 -0.9208 0.0903
vn -0.3956 -0.9038 0.1632
vn -0.9780 0.1824 0.1012
vn -0.9643 0.1952 0.1788
vn -0.9591 0.1636 0.2309
vn 0.3811 -0.9193 -0.0981
vn 0.4293 -0.8950 0.1209
vn 0.3652 -0.9309 0.0119
vn -0.4094 -0.6862 0.6013
vn -0.6545 -0.3149 0.6874
vn -0.0424 -0.4455 0.8943
vn 0.2309 -0.8678 0.4399
vn 0.3079 -0.8749 0.3739
vn 0.1098 -0.9697 0.2180
vn -0.6313 0.0792 0.7715
vn -0.5008 0.0865 0.8612
vn -0.6204 0.0844 0.7798
vn -0.5676 -0.0126 0.8232
vn -0.4930 -0.3226 0.8080
vn -0.6188 0.0285 0.7850
vn 0.9990 -0.0169 -0.0424
vn 0.9945 -0.0287 -0.1012
vn 0.9920 -0.0255 -0.1234
vn 0.5200 -0.0889 -0.8495
vn 0.5003 -0.0800 -0.8622
vn 0.5369 -0.0837 -0.8395
vn -0.9219 -0.1037 0.3733
vn -0.9439 -0.1064 0.3125
vn -0.9309 -0.0879 0.3545
vn -0.6624 0.0393 0.7481
vn -0.5929 -0.0246 0.8049
vn -0.6422 0.0213 0.7663
vn -0.7567 -0.1948 -0.6241
vn -0.7077 -0.1702 -0.6857
vn -0.7027 -0.1716 -0.6905
vn -0.4818 -0.1839 -0.8567
vn -0.3285 -0.2490 -0.9111
vn -0.3412 -0.1719 -0.9241
vn -0.5606 -0.0260 -0.8277
vn -0.6090 -0.0436 -0.7920
vn -0.5757 -0.0059 -0.8177
vn -0.7100 0.0727 0.7004
vn -0.8761 0.0475 0.4798
vn -0.9823 0.1620 0.0942
vn -0.0003 0.5747 -0.8184
vn 0.0150 0.5496 -0.8353
vn 0.0006 0.5991 -0.8006
vn 0.8590 -0.0933 -0.5033
vn 0.7889 -0.0392 -0.6133
vn 0.8353 -0.1220 -0.5360
vn 0.0556 0.0553 0.9969
vn 0.0847 0.0245 0.9961
vn 0.0189 -0.0231 0.9996
vn -0.0586 -0.9952 0.0779
vn 0.2037 -0.6614 -0.7218
vn -0.0682 -0.9709 -0.2297
vn -0.9852 -0.0251 -0.1696
vn -0.9447 -0.0965 -0.3135
vn -0.9474 -0.3103 0.0790
vn -0.1277 0.3289 -0.9357
vn -0.2983 0.3352 -0.8937
vn -0.1462 0.4585 -0.8766
vn -0.5440 0.3801 0.7480
vn -0.5660 0.3299 0.7556
vn -0.5051 0.3730 0.7783
vn 0.6844 0.2694 -0.6775
vn 0.6827 0.2904 -0.6705
vn 0.6632 0.3628 -0.6547
vn 0.4906 0.3986 -0.7749
vn 0.5608 0.3862 -0.7323
vn 0.5395 0.4188 -0.7304
vn 0.5756 0.0765 0.8141
vn 0.5066 0.0072 0.8621
vn 0.6706 0.1410 0.7283
vn -0.9721 0.2174 0.0877
vn -0.9770 0.2120 -0.0236
vn -0.9692 0.2245 -0.1008
vn 0.6344 -0.5689 -0.5234
vn 0.5761 -0.8146 -0.0668
vn 0.7537 -0.5644 -0.3366
vn -0.6163 0.0995 0.7812
vn -0.5926 0.0280 0.8050
vn -0.8087 0.0271 0.5876
vn -0.0763 -0.3767 0.9232
vn -0.5491 -0.0269 0.8353
vn -0.0994 -0.2626 0.9598
vn -0.5713 -0.3638 0.7357
vn -0.8008 -0.2185 0.5576
vn -0.6499 -0.3202 0.6893
vn 0.7988 -0.4426 0.4075
vn 0.8251 -0.3912 0.4076
vn 0.8407 -0.3648 0.4002
vn 0.6245 -0.7808 -0.0173
vn 0.6648 -0.7416 -0.0899
vn 0.5971 -0.7975 -0.0868
vn 0.7631 0.1278 -0.6335
vn 0.7722 0.1785 -0.6098
vn 0.6751 0.2226 -0.7034
vn 0.2029 -0.1739 0.9636
vn 0.1883 -0.1728 0.9668
vn 0.1183 -0.2880 0.9503
vn -0.6130 0.7123 0.3419
vn -0.6048 0.7234 0.3330
vn -0.6630 0.6306 0.4035
vn 0.9767 -0.1630 -0.1396
vn 0.8801 -0.4688 -0.0749
vn 0.8811 -0.4512 -0.1418
vn -0.6911 -0.3243 -0.6459
vn -0.8395 -0.3246 -0.4357
vn -0.8307 -0.2113 -0.5151
vn 0.7882 -0.0842 0.6097
vn 0.8244 0.0192 0.5656
vn 0.9825 0.0873 0.1643
vn 0.7961 -0.1650 0.5823
vn 0.8810 -0.1709 0.4411
vn 0.6221 -0.1740 0.7634
vn -0.7536 0.5370 0.3790
vn -0.7249 0.5637 0.3959
vn -0.7220 0.5475 0.4230
vn 0.3086 0.9360 -0.1694
vn 0.3513 0.9273 -0.1290
vn 0.3264 0.9364 -0.1290
vn 0.3525 0.0559 -0.9341
vn 0.3699 0.1700 -0.9134
vn 0.2116 -0.0498 -0.9761
vn -0.5281 0.0543 -0.8475
vn -0.5161 0.0278 -0.8561
vn -0.5776 0.2471 -0.7780
vn 0.9831 -0.1814 0.0256
vn 0.9802 -0.1944 -0.0367
vn 0.9990 -0.0455 0.0021
vn 0.9753 0.2173 0.0404
vn 0.9931 0.0410 0.1096
vn 0.9874 0.1578 -0.0090
vn -0.8902 -0.3287 -0.3155
vn -0.4970 -0.7907 -0.3575
vn -0.6903 -0.6911 -0.2143
vn 0.1719 0.6359 -0.7524
vn 0.1487 0.2316 -0.9614
vn 0.1269 0.3165 -0.9401
vn -0.1052 0.2368 -0.9659
vn -0.3839 0.4373 -0.8133
vn -0.4309 0.1993 -0.8801
vn -0.3628 0.1493 0.9198
vn -0.2788 0.0640 0.9582
vn -0.2652 -0.1312 0.9552
vn -0.9432 -0.2410 0.2288
vn -0.8805 -0.4460 0.1605
vn -0.8957 -0.0357 0.4431
vn -0.4872 0.3279 0.8094
vn -0.5004 0.3559 0.7893
vn -0.3444 0.3514 0.8706
vn 0.7469 -0.1276 -0.6526
vn 0.7307 -0.1280 -0.6706
vn 0.6504 -0.1673 -0.7409
vn -0.4616 -0.4408 -0.7698
vn -0.4593 -0.4358 -0.7740
vn -0.4530 -0.4188 -0.7870
vn -0.4055 -0.3321 0.8516
vn -0.3879 -0.4080 0.8265
vn -0.4023 -0.3173 0.8588
vn -0.9440 0.2357 0.2309
vn -0.9562 0.2245 0.1878
vn -0.9278 0.2050 0.3116
vn 0.2660 0.3374 0.9030
vn 0.4881 0.2475 0.8369
vn 0.2873 0.3974 0.8715
vn 0.8157 -0.0398 -0.5771
vn 0.6309 -0.0072 -0.7759
vn 0.6554 -0.0253 -0.7549
vn -0.8469 0.0664 -0.5276
vn -0.9052 0.0014 -0.4250
vn -0.8794 0.0150 -0.4758
vn -0.6122 -0.0788 -0.7868
vn -0.6101 -0.1493 -0.7781
vn -0.5602 -0.1996 -0.8040
vn -0.3810 0.1732 -0.9082
vn -0.4618 0.1604 -0.8723
vn -0.3746 0.1895 -0.9076
vn 0.9602 0.0511 -0.2747
vn 0.9531 0.0972 -0.2865
vn 0.8985 0.1669 -0.4060
vn 0.8719 -0.1781 -0.4561
vn 0.9061 -0.2248 -0.3584
vn 0.8794 -0.0765 -0.4699
vn 0.7528 -0.6148 -0.2354
vn 0.7978 -0.5601 -0.2231
vn 0.7893 -0.4635 -0.4027
vn 0.7916 -0.4969 -0.3556
vn 0.6893 -0.5724 -0.4440
vn 0.7802 -0.5359 -0.3226
vn -0.0391 0.1645 0.9856
vn -0.1343 0.1901 0.9725
vn -0.0956 0.1531 0.9836
vn -0.2470 -0.4457 0.8604
vn -0.2331 -0.1862 0.9545
vn -0.2646 -0.4183 0.8689
vn 0.1105 -0.0322 0.9934
vn -0.0977 -0.0751 0.9924
vn 0.1246 -0.0191 0.9920
vn -0.3059 -0.8975 -0.3178
vn -0.1752 -0.9523 -0.2498
vn -0.4859 -0.8289 -0.2772
vn -0.0546 -0.9457 0.3203
vn 0.0365 -0.9451 0.3247
vn -0.0473 -0.9162 0.3980
vn 0.5120 -0.3887 0.7661
vn 0.5656 -0.3992 0.7217
vn 0.5408 -0.3892 0.7457
vn -0.0296 0.8300 -0.5570
vn 0.0798 0.8273 -0.5561
vn 0.0235 0.8753 -0.4829
vn 0.9340 0.0398 0.3551
vn 0.9382 0.0587 0.3409
vn 0.9441 0.0506 0.3259
vn 0.9579 -0.2790 0.0684
vn 0.9931 0.1000 0.0620
vn 0.9973 -0.0702 0.0219
vn 0.9577 -0.1713 -0.2313
vn 0.9917 -0.0801 -0.1006
vn 0.9752 -0.0557 0.2140
vn 0.7279 0.0502 0.6838
vn 0.7875 0.1114 0.6062
vn 0.7592 -0.0197 0.6506
vn 0.8588 -0.3532 0.3710
vn 0.9445 -0.2329 0.2318
vn 0.9057 -0.3041 0.2952
vn 0.9510 0.2935 0.0975
vn 0.9378 0.2906 0.1902
vn 0.9370 0.2957 0.1862
vn 0.2054 0.7045 -0.6794
vn 0.3003 0.6715 -0.6775
vn 0.1976 0.7344 -0.6493
vn 0.7026 -0.6204 -0.3484
vn 0.7518 -0.6047 -0.2629
vn 0.7563 -0.6280 -0.1834
vn 0.9016 -0.2417 0.3587
vn 0.8949 -0.2021 0.3979
vn 0.9442 -0.1297 0.3027
vn -0.1780 0.0026 -0.9840
vn -0.2240 0.0052 -0.9746
vn -0.1545 -0.0342 -0.9874
vn 0.3407 0.0402 -0.9393
vn 0.2583 0.0588 -0.9643
vn 0.1806 0.0148 -0.9834
vn -0.6064 -0.0184 -0.7949
vn -0.8234 0.0786 -0.5620
vn -0.5714 -0.0389 -0.8198
vn 0.9659 -0.1863 -0.1796
vn 0.9807 -0.1160 -0.1574
vn 0.9735 -0.1809 -0.1397
vn -0.1524 0.8070 -0.5705
vn 0.0237 0.8462 -0.5323
vn -0.0564 0.8466 -0.5293
vn -0.7051 -0.5413 0.4581
vn -0.7615 -0.6030 0.2378
vn -0.8141 -0.5481 0.1918
vn 0.7675 0.5833 0.2659
vn 0.7217 0.6636 0.1971
vn 0.7253 0.6287 0.2805
vn 0.6285 0.5984 0.4970
vn 0.6426 0.5784 0.5025
vn 0.5835 0.6263 0.5170
vn -0.9979 -0.0127 -0.0631
vn -0.9968 0.0005 -0.0800
vn -0.9986 0.0073 -0.0532
vn 0.0091 -0.7302 -0.6832
vn 0.0418 -0.7449 -0.6659
vn -0.1241 -0.7212 -0.6815
vn -0.8011 0.4538 -0.3904
vn -0.9131 0.3612 -0.1893
vn -0.5918 0.7738 -0.2256
vn 0.4341 0.0449 0.8998
vn 0.4467 0.0672 0.8921
vn 0.4376 0.1008 0.8935
vn -0.1174 0.8583 0.4996
vn -0.1204 0.8706 0.4771
vn -0.2970 0.7948 0.5292
vn -0.5533 0.5399 0.6343
vn -0.6254 0.5794 0.5227
vn -0.5569 0.6415 0.5276
vn 0.0936 0.3162 -0.9441
vn 0.0499 0.3223 -0.9453
vn -0.0316 0.3227 -0.9460
vn 0.6049 -0.4377 0.6652
vn 0.6866 -0.3425 0.6413
vn 0.6170 -0.4063 0.6740
vn -0.0708 -0.9889 0.1303
vn 0.2925 -0.8098 -0.5086
vn 0.2356 -0.6941 -0.6802
vn -0.9203 0.0817 -0.3825
vn -0.9187 0.0956 -0.3832
vn -0.9531 0.0064 -0.3025
vn 0.9125 -0.3897 -0.1247
vn 0.4559 0.0297 -0.8895
vn 0.8688 -0.4614 -0.1795
vn 0.4878 0.0937 0.8679
vn 0.6128 0.0013 0.7902
vn 0.5107 0.0430 0.8587
vn 0.5119 -0.7339 0.4464
vn 0.4726 -0.7833 0.4037
vn 0.4668 -0.7733 0.4291
vn 0.7179 -0.3030 0.6267
vn 0.7286 -0.4811 0.4876
vn 0.7258 -0.4855 0.4874
vn -0.0609 -0.0399 0.9973
vn -0.1617 -0.0566 0.9852
vn -0.2228 0.0048 0.9749
vn -0.9131 0.4074 0.0132
vn -0.9205 0.2906 -0.2612
vn -0.8851 0.4001 0.2377
vn -0.3626 0.3551 0.8616
vn -0.5230 0.4446 0.7272
vn -0.4357 0.3930 0.8098
vn -0.1664 0.5053 -0.8467
vn -0.1383 0.4297 -0.8923
vn -0.1958 0.4642 -0.8638
vn -0.0612 -0.8922 0.4475
vn -0.0947 -0.8922 0.4417
vn -0.0258 -0.8912 0.4528
vn -0.8800 -0.4106 -0.2389
vn -0.6515 -0.5865 -0.4812
vn -0.7491 -0.5816 -0.3172
vn -0.5212 -0.0485 0.8521
vn -0.6739 -0.0616 0.7363
vn -0.5856 -0.0668 0.8078
vn -0.2176 -0.0530 0.9746
vn -0.1118 -0.1572 0.9812
vn -0.2699 -0.1079 0.9568
vn -0.9540 -0.2160 -0.2078
vn -0.9734 -0.0880 -0.2116
vn -0.9374 -0.2167 -0.2725
vn -0.0298 -0.5312 0.8467
vn -0.0320 -0.5458 0.8373
vn 0.0037 -0.5397 0.8419
vn -0.0490 -0.0222 -0.9986
vn -0.0684 -0.0366 -0.9970
vn -0.0809 -0.0337 -0.9961
vn 0.8846 -0.3514 0.3066
vn 0.8993 -0.4199 0.1225
vn 0.8449 -0.4918 0.2102
vn 0.6788 -0.6901 0.2510
vn 0.6837 -0.4420 0.5807
vn 0.7744 -0.5892 0.2307
vn 0.0534 -0.3828 0.9223
vn -0.0205 -0.2787 0.9602
vn -0.1760 -0.3126 0.9334
vn -0.1118 -0.8935 -0.4348
vn -0.3880 -0.8669 -0.3131
vn -0.5202 -0.4783 -0.7075
vn 0.7678 -0.1986 -0.6091
vn 0.7014 -0.2009 -0.6839
vn 0.7290 -0.2267 -0.6459
vn -0.3024 0.8082 -0.5053
vn -0.1290 0.8489 -0.5125
vn -0.1859 0.8516 -0.4901
vn -0.1976 0.5357 -0.8209
vn -0.1475 0.5976 -0.7881
vn -0.2684 0.5721 -0.7750
vn -0.9869 0.1559 0.0407
vn -0.9853 0.1572 0.0671
vn -0.9867 0.1616 -0.0183
vn -0.9855 0.1470 0.0850
vn -0.9872 0.1222 0.1021
vn -0.9871 0.1280 0.0963
vn 0.0515 0.0601 0.9969
vn 0.1121 0.0535 0.9923
vn 0.0725 0.0518 0.9960
vn -0.4768 -0.8785 -0.0320
vn -0.5003 -0.8554 -0.1341
vn -0.4772 -0.8709 0.1175
vn -0.8145 0.1190 0.5678
vn -0.8591 0.0765 0.5060
vn -0.7385 0.1344 0.6607
vn 0.3713 -0.3098 -0.8753
vn 0.3521 -0.4739 -0.8071
vn 0.5356 -0.4231 -0.7308
vn 0.8401 0.0078 -0.5424
vn 0.7320 0.0323 -0.6806
vn 0.8903 -0.0447 -0.4532
vn 0.4267 0.1544 0.8911
vn 0.4058 0.1752 0.8970
vn 0.5936 0.2019 0.7790
vn -0.0723 0.8556 0.5125
vn 0.0051 0.7753 0.6315
vn -0.2382 0.6634 0.7094
vn 0.6021 -0.0653 0.7957
vn 0.6922 -0.0856 0.7166
vn 0.6667 -0.0485 0.7437
vn -0.8443 -0.0681 -0.5316
vn -0.8445 -0.0560 -0.5326
vn -0.8534 -0.0480 -0.5191
vn 0.2762 0.0746 0.9582
vn 0.3211 0.0785 0.9438
vn 0.2631 0.0664 0.9625
vn -0.9083 -0.2773 -0.3131
vn -0.9862 -0.1207 -0.1133
vn -0.8913 -0.3241 -0.3172
vn -0.9855 -0.0464 -0.1629
vn -0.9922 -0.0930 -0.0833
vn -0.9653 -0.0596 -0.2543
vn 0.6377 -0.0407 -0.7692
vn 0.5152 -0.0310 -0.8565
vn 0.6152 0.0436 -0.7871
vn 0.3616 0.9301 -0.0649
vn 0.2897 0.8341 -0.4694
vn 0.3541 0.9337 0.0529
vn -0.6934 -0.1601 0.7025
vn -0.6816 -0.0996 0.7250
vn -0.7164 -0.0479 0.6961
vn -0.0142 -0.6565 -0.7542
vn -0.2275 -0.7113 -0.6650
vn -0.0685 -0.7477 -0.6605
vn -0.5497 0.1441 -0.8229
vn -0.5801 0.2047 -0.7884
vn -0.6068 0.1901 -0.7718
vn 0.9659 -0.0610 0.2518
vn 0.9672 -0.0440 0.2500
vn 0.9563 -0.1379 0.2578
vn -0.0333 -0.1442 -0.9890
vn 0.1137 -0.3106 -0.9437
vn 0.5763 -0.0402 -0.8162
vn -0.9926 0.1111 -0.0480
vn -0.9902 0.1390 -0.0153
vn -0.9927 0.1062 0.0575
vn -0.4199 -0.8981 0.1310
vn -0.5185 -0.8532 0.0568
vn -0.4156 -0.9041 0.0990
vn 0.0046 0.4634 -0.8861
vn 0.0460 0.5487 -0.8348
vn 0.0248 0.3742 -0.9270
vn -0.3965 0.0002 -0.9180
vn -0.3750 0.0290 -0.9266
vn -0.3575 0.0049 -0.9339
vn -0.6926 -0.0394 0.7203
vn -0.6541 0.0011 0.7564
vn -0.5577 0.0359 0.8293
vn 0.7130 0.4084 0.5699
vn 0.6882 0.4259 0.5873
vn 0.8534 0.2566 0.4538
vn 0.6232 0.6596 0.4201
vn 0.5598 0.6744 0.4814
vn 0.4947 0.7114 0.4992
vn -0.7787 0.2550 -0.5732
vn -0.8020 0.2512 -0.5419
vn -0.7855 0.2927 -0.5453
vn -0.5269 -0.7273 0.4398
vn -0.4236 -0.7956 0.4331
vn -0.5004 -0.7955 0.3418
vn -0.8655 0.1582 0.4752
vn -0.8570 0.1571 0.4908
vn -0.8879 0.2144 0.4070
vn -0.8458 0.0943 0.5251
vn -0.8672 0.0151 0.4978
vn -0.9141 -0.0472 0.4028
vn 0.0033 0.4244 0.9055
vn 0.1667 0.2917 0.9419
vn -0.0096 0.2570 0.9664
vn -0.3154 0.5331 0.7851
vn -0.3378 0.4949 0.8006
vn -0.2996 0.5811 0.7567
vn 0.9789 0.0747 0.1901
vn 0.9787 0.0710 0.1924
vn 0.9801 0.0796 0.1816
vn 0.6635 0.0383 -0.7472
vn 0.4916 0.0280 -0.8704
vn 0.5170 -0.0092 -0.8559
vn 0.8285 0.0030 -0.5600
vn 0.8755 -0.1066 -0.4713
vn 0.8098 -0.0376 -0.5855
vn -0.1029 -0.0211 0.9945
vn -0.0846 -0.0106 0.9964
vn 0.0006 -0.0049 1.0000
vn 0.4284 -0.6193 -0.6580
vn 0.4184 -0.5363 -0.7330
vn 0.3406 -0.6095 -0.7159
vn -0.3267 0.3139 -0.8915
vn -0.3122 0.2862 -0.9059
vn -0.2780 0.3973 -0.8745
vn -0.7541 0.2996 0.5845
vn -0.8219 0.3372 0.4590
vn -0.7838 0.3467 0.5152
vn -0.7867 0.6112 0.0871
vn -0.8422 0.4965 -0.2103
vn -0.7014 0.7033 0.1158
vn -0.9207 0.1098 0.3746
vn -0.9691 0.1063 0.2227
vn -0.9452 0.0979 0.3115
vn -0.0625 -0.3887 0.9193
vn -0.0643 -0.3619 0.9300
vn -0.3548 -0.6159 0.7034
vn 0.0079 -0.3972 0.9177
vn -0.1630 -0.5487 0.8200
vn -0.1933 -0.5383 0.8203
vn 0.6937 0.3940 0.6029
vn 0.6145 0.3266 0.7182
vn 0.6164 0.3871 0.6857
vn 0.0164 -0.3556 -0.9345
vn -0.0526 -0.1609 -0.9856
vn -0.0221 -0.2871 -0.9576
vn -0.5161 -0.0632 -0.8542
vn -0.5882 -0.0824 -0.8045
vn -0.4725 -0.1212 -0.8729
vn -0.8996 -0.2642 0.3477
vn -0.9240 -0.2520 0.2875
vn -0.7663 -0.3041 0.5659
vn 0.4719 -0.8716 -0.1331
vn 0.3668 -0.9079 -0.2029
vn 0.3627 -0.9161 0.1710
vn 0.5013 -0.1146 -0.8577
vn 0.4769 -0.0089 -0.8789
vn 0.4451 -0.0734 -0.8924
vn -0.3579 0.2386 -0.9028
vn -0.1816 0.3286 -0.9268
vn -0.3177 0.2920 -0.9021
vn 0.8217 -0.0211 0.5696
vn 0.8603 -0.1439 0.4890
vn 0.7891 0.0145 0.6141
vn -0.1498 0.5082 -0.8481
vn 0.0127 0.5365 -0.8438
vn -0.0650 0.4727 -0.8788
vn -0.9613 -0.1120 0.2515
vn -0.9435 -0.0896 0.3189
vn -0.9441 -0.0959 0.3153
vn 0.3804 0.8694 0.3154
vn 0.4093 0.8766 0.2531
vn 0.4633 0.8305 0.3091
vn -0.5143 -0.1165 -0.8497
vn -0.4531 -0.1263 -0.8825
vn -0.4279 -0.1658 -0.8885
vn 0.9338 0.1506 -0.3246
vn 0.9479 0.1973 -0.2501
vn 0.9642 0.2442 -0.1034
vn -0.3787 -0.2297 -0.8965
vn -0.6560 -0.2940 -0.6952
vn -0.6484 -0.3513 -0.6754
vn -0.9794 -0.0033 0.2021
vn -0.9729 -0.0185 0.2304
vn -0.9951 0.0195 0.0973
vn 0.6897 -0.3056 -0.6565
vn 0.6559 -0.3120 -0.6873
vn 0.7349 -0.2327 -0.6371
vn 0.6670 -0.0832 -0.7404
vn 0.5843 -0.1093 -0.8041
vn 0.6088 -0.0841 -0.7888
vn 0.5962 0.2324 -0.7685
vn 0.5202 0.2554 -0.8150
vn 0.6341 0.2200 -0.7413
vn -0.2176 0.1863 0.9581
vn 0.0645 0.0872 0.9941
vn -0.1971 -0.0109 0.9803
vn 0.7788 -0.5824 0.2331
vn 0.7861 -0.5906 0.1821
vn 0.8105 -0.5683 0.1420
vn 0.8336 0.1707 0.5253
vn 0.9365 0.0743 0.3427
vn 0.9241 0.1315 0.3588
vn -0.1606 0.9581 -0.2373
vn -0.0853 0.9245 -0.3716
vn 0.0471 0.9563 -0.2885
vn -0.2510 -0.8786 -0.4064
vn -0.2194 -0.8164 -0.5342
vn -0.1840 -0.8564 -0.4825
vn 0.4576 -0.5433 -0.7038
vn 0.5707 -0.5762 -0.5851
vn 0.5249 -0.6640 -0.5326
vn -0.0566 -0.4912 -0.8692
vn -0.3230 -0.3633 -0.8739
vn -0.0586 -0.4677 -0.8820
vn 0.7398 -0.4713 -0.4802
vn 0.7962 -0.4487 -0.4060
vn 0.7398 -0.4602 -0.4909
vn 0.7746 -0.4014 -0.4887
vn 0.7889 -0.3914 -0.4737
vn 0.7657 -0.3465 -0.5418
vn 0.1202 0.7951 -0.5945
vn 0.2652 0.7810 -0.5655
vn 0.1615 0.8199 -0.5492
vn 0.4815 0.6945 -0.5346
vn 0.4804 0.6791 -0.5551
vn 0.5922 0.6464 -0.4812
vn 0.9477 0.0379 0.3168
vn 0.9382 0.0523 0.3421
vn 0.9257 0.0773 0.3703
vn 0.1215 -0.4506 -0.8844
vn 0.2545 -0.7281 -0.6365
vn 0.2642 -0.2970 -0.9176
vn -0.9733 0.0046 -0.2295
vn -0.9805 -0.0752 -0.1814
vn -0.9854 -0.1221 -0.1186
vn 0.8176 -0.0029 0.5758
vn 0.7858 -0.0128 0.6183
vn 0.7927 -0.0119 0.6095
vn -0.7998 0.3586 -0.4814
vn -0.8089 0.4185 -0.4130
vn -0.8233 0.3859 -0.4161
vn 0.1234 0.2724 -0.9542
vn 0.2743 0.2674 -0.9237
vn 0.3067 0.2993 -0.9035
vn 0.4651 0.0712 -0.8824
vn 0.3194 0.0743 -0.9447
vn 0.5811 0.1662 -0.7966
vn 0.6378 0.3947 0.6614
vn 0.7132 0.2361 0.6600
vn 0.7168 0.2875 0.6352
vn -0.2568 0.1870 0.9482
vn -0.4516 0.1401 0.8812
vn -0.3013 0.2868 0.9094
vn 0.6322 0.1083 0.7672
vn 0.5594 0.3568 0.7482
vn 0.5875 0.1125 0.8014
vn -0.2338 0.5398 0.8087
vn -0.2715 0.5553 0.7861
vn -0.2522 0.5288 0.8104
vn -0.9261 0.0129 -0.3771
vn -0.9668 0.1282 -0.2211
vn -0.9647 0.0393 -0.2603
vn -0.1447 -0.8465 -0.5123
vn -0.5389 -0.6855 -0.4895
vn -0.7232 -0.5485 -0.4197
vn -0.6099 -0.7807 0.1359
vn -0.5805 -0.8046 0.1249
vn -0.6365 -0.7609 0.1258
vn 0.1598 0.9002 0.4051
vn 0.1631 0.9306 0.3276
vn 0.1936 0.8803 0.4330
vn -0.9159 0.3868 0.1071
vn -0.9220 0.3758 0.0933
vn -0.9131 0.3957 0.0984
vn 0.4688 0.0567 -0.8815
vn 0.5389 0.0945 -0.8370
vn 0.5277 0.0850 -0.8451
vn -0.7588 -0.4479 -0.4729
vn -0.7450 -0.4977 -0.4442
vn -0.7499 -0.4831 -0.4520
vn 0.2579 -0.3003 -0.9183
vn -0.2350 -0.0694 -0.9695
vn 0.3282 -0.3849 -0.8626
vn 0.0518 -0.1240 0.9909
vn 0.5474 0.0150 0.8367
vn 0.5414 0.0601 0.8386
vn -0.6373 0.4033 0.6567
vn -0.6488 0.3644 0.6680
vn -0.6533 0.4004 0.6426
vn -0.1293 -0.9301 0.3438
vn -0.2083 -0.9721 0.1078
vn 0.0281 -0.9749 0.2210
vn 0.4910 -0.6882 -0.5341
vn 0.5464 -0.6332 -0.5481
vn 0.4851 -0.6684 -0.5639
vn -0.4371 -0.0942 0.8945
vn -0.4394 -0.0596 0.8963
vn -0.1289 -0.0470 0.9905
vn -0.8823 0.1813 -0.4344
vn -0.8414 0.1922 -0.5050
vn -0.9308 0.1835 -0.3162
vn -0.2502 0.7572 -0.6034
vn -0.3078 0.7511 -0.5841
vn -0.3519 0.6936 -0.6286
vn -0.5498 -0.2559 0.7951
vn -0.4306 -0.3575 0.8287
vn -0.5090 -0.2447 0.8253
vn 0.9332 0.3579 -0.0332
vn 0.8464 0.2956 -0.4431
vn 0.8595 0.0742 -0.5057
vn -0.2546 -0.8928 0.3716
vn 0.0130 -0.9905 0.1372
vn -0.0279 -0.9484 0.3158
vn -0.5246 0.0367 0.8505
vn -0.6221 0.1297 0.7722
vn -0.5814 0.0360 0.8128
vn 0.4157 0.0246 0.9092
vn 0.6400 0.0710 0.7650
vn 0.7613 0.1095 0.6391
vn -0.6080 -0.7879 -0.0971
vn -0.4582 -0.8794 -0.1292
vn -0.6168 -0.7853 0.0545
vn -0.5282 0.7575 -0.3837
vn -0.5670 0.6625 -0.4894
vn -0.6262 0.6998 -0.3437
vn 0.9612 -0.2437 -0.1292
vn 0.9584 -0.2729 -0.0831
vn 0.9581 -0.2317 -0.1685
vn -0.1170 -0.7730 -0.6236
vn -0.1433 -0.7833 -0.6049
vn -0.1861 -0.7951 -0.5772
vn 0.6644 0.1004 0.7406
vn 0.6447 0.0893 0.7592
vn 0.6530 0.1068 0.7498
vn 0.7955 0.5563 0.2403
vn 0.6996 0.5021 0.5084
vn 0.7809 0.5083 0.3631
vn 0.9608 -0.1515 -0.2321
vn 0.9451 -0.2808 -0.1670
vn 0.9801 0.0259 -0.1966
vn 0.5932 0.6490 0.4763
vn 0.7699 0.5546 0.3158
vn 0.7007 0.5830 0.4113
vn -0.2552 0.2007 0.9458
vn -0.3473 0.3381 0.8747
vn -0.1351 0.2637 0.9551
vn -0.9974 -0.0653 -0.0290
vn -0.9842 -0.0953 -0.1491
vn -0.9945 -0.0434 -0.0948
vn -0.0905 0.9540 0.2859
vn -0.0608 0.8907 0.4504
vn -0.1615 0.8740 0.4583
vn -0.3788 0.1293 0.9164
vn -0.3751 0.0223 0.9267
vn -0.2481 0.1318 0.9597
vn -0.0724 0.1761 -0.9817
vn 0.7420 0.1617 -0.6506
vn 0.3448 0.1817 -0.9209
vn 0.3770 0.0421 -0.9253
vn 0.5967 0.2385 -0.7662
vn 0.5826 0.1633 -0.7962
vn 0.3453 0.0922 -0.9340
vn 0.1955 0.1560 -0.9682
vn 0.6188 0.1941 -0.7612
vn 0.3545 0.6068 -0.7114
vn 0.3632 0.6074 -0.7065
vn 0.3329 0.5867 -0.7382
vn 0.2445 0.1289 0.9610
vn 0.3357 0.0991 0.9368
vn 0.2563 0.1047 0.9609
vn 0.5683 -0.4002 -0.7190
vn 0.3547 -0.5020 -0.7888
vn -0.1889 -0.9010 -0.3906
vn -0.4116 0.1718 -0.8950
vn -0.3634 0.1502 -0.9195
vn -0.4116 0.1961 -0.8900
vn 0.2830 0.1475 0.9477
vn 0.3837 0.1421 0.9125
vn 0.3146 0.0845 0.9455
vn -0.2809 -0.5175 0.8082
vn -0.2269 -0.5275 0.8187
vn -0.1790 -0.5183 0.8363
vn -0.1356 0.8690 0.4758
vn 0.2360 0.8430 0.4834
vn 0.0248 0.8817 0.4711
vn 0.7869 -0.0599 0.6142
vn 0.8083 -0.1095 0.5785
vn 0.8235 -0.0809 0.5615
vn 0.7009 -0.0703 0.7098
vn 0.8448 -0.2488 0.4737
vn 0.8062 -0.1469 0.5731
vn 0.9482 -0.2457 0.2013
vn 0.9778 -0.1961 0.0745
vn 0.9443 -0.2449 0.2198
vn 0.7578 -0.3644 0.5412
vn 0.7233 -0.3948 0.5666
vn 0.7806 -0.3472 0.5198
vn 0.7235 -0.0486 -0.6886
vn 0.7887 -0.0908 -0.6081
vn 0.7020 -0.1136 -0.7031
vn 0.0615 -0.3572 -0.9320
vn 0.0445 -0.3601 -0.9318
vn 0.1561 -0.3534 -0.9224
vn 0.9919 -0.1219 0.0349
vn 0.9823 -0.1489 0.1134
vn 0.9877 -0.0133 0.1557
vn -0.7004 0.3055 0.6451
vn -0.6594 0.3537 0.6634
vn -0.6781 0.3474 0.6477
vn -0.0391 -0.9991 -0.0179
vn -0.6796 -0.6700 -0.2987
vn -0.5136 -0.8179 -0.2595
vn 0.0540 0.9515 0.3028
vn 0.1413 0.8266 0.5447
vn -0.0080 0.9686 0.2485
vn -0.2955 -0.0329 -0.9548
vn -0.2692 -0.0575 -0.9614
vn -0.3719 -0.0028 -0.9283
vn -0.0128 -0.3482 0.9373
vn 0.0743 -0.0318 0.9967
vn -0.0349 -0.1252 0.9915
vn 0.4852 -0.0766 -0.8710
vn 0.4681 -0.0573 -0.8818
vn 0.4965 -0.0589 -0.8661
vn -0.4388 -0.5727 0.6924
vn -0.3759 -0.6047 0.7022
vn -0.4184 -0.5218 0.7434
vn 0.7262 -0.2119 0.6540
vn 0.6595 -0.2116 0.7213
vn 0.7278 -0.2001 0.6559
vn -0.5669 -0.1712 0.8058
vn 0.1248 -0.2221 0.9670
vn -0.2943 -0.1869 0.9372
vn -0.4917 0.2463 -0.8352
vn -0.4589 0.2291 -0.8584
vn -0.4431 0.2324 -0.8658
vn -0.5565 -0.4205 -0.7166
vn -0.3889 -0.4504 -0.8037
vn -0.4867 -0.4194 -0.7663
vn -0.0817 0.5802 0.8104
vn -0.0009 0.3786 0.9256
vn -0.1030 0.4642 0.8797
vn -0.2658 0.7097 0.6524
vn -0.2228 0.8397 0.4953
vn -0.3518 0.7108 0.6091
vn 0.6965 -0.1160 -0.7081
vn 0.7374 -0.1656 -0.6548
vn 0.6867 -0.1458 -0.7122
vn 0.1548 -0.0062 -0.9879
vn 0.2023 -0.0153 -0.9792
vn 0.1930 0.0374 -0.9805
vn -0.7055 0.6256 -0.3330
vn -0.6763 0.5737 -0.4621
vn -0.6804 0.5254 -0.5108
vn -0.4796 0.0637 0.8752
vn -0.3737 0.1084 0.9212
vn -0.5278 0.0150 0.8492
vn -0.6564 0.0416 -0.7533
vn 0.0293 0.1884 -0.9817
vn -0.4442 0.5725 -0.6891
vn -0.8145 -0.0466 0.5783
vn -0.8581 0.0234 0.5129
vn -0.8159 0.0270 0.5775
vn -0.7248 0.6051 -0.3293
vn -0.7369 0.3284 -0.5909
vn -0.4877 -0.0272 -0.8726
vn 0.8955 -0.1096 -0.4314
vn 0.8677 -0.1230 -0.4816
vn 0.8386 -0.1559 -0.5219
vn 0.4477 0.5710 0.6882
vn 0.4545 0.5364 0.7111
vn 0.4699 0.5533 0.6877
vn 0.7280 -0.2957 0.6185
vn 0.8371 -0.3033 0.4552
vn 0.7296 -0.3198 0.6045
vn 0.3641 0.8515 0.3774
vn 0.2896 0.8556 0.4290
vn 0.3018 0.8772 0.3733
vn 0.2195 0.8756 0.4302
vn 0.2098 0.8699 0.4464
vn 0.1890 0.8745 0.4466
vn 0.1197 0.5723 0.8112
vn 0.1419 0.4928 0.8585
vn 0.1263 0.5024 0.8554
vn -0.6782 -0.0886 0.7295
vn -0.5616 -0.0227 0.8271
vn -0.5949 0.0035 0.8038
vn 0.9946 -0.0474 0.0921
vn 0.9980 0.0368 0.0521
vn 0.9978 0.0043 0.0661
vn -0.2792 -0.1930 0.9407
vn -0.3621 -0.2019 0.9100
vn -0.4264 -0.2071 0.8805
vn 0.0633 -0.9980 -0.0046
vn 0.2461 -0.9550 0.1657
vn 0.1863 -0.9821 0.0269
vn -0.0671 -0.0235 0.9975
vn -0.0376 -0.0096 0.9992
vn 0.0885 0.0528 0.9947
vn -0.7368 -0.1876 -0.6496
vn -0.6750 -0.2175 -0.7050
vn -0.6656 -0.1227 -0.7362
vn -0.7585 -0.3088 0.5739
vn -0.8637 -0.1588 0.4784
vn -0.9286 -0.1499 0.3395
vn -0.2386 -0.7690 0.5931
vn -0.2403 -0.8106 0.5340
vn -0.2965 -0.7602 0.5780
vn -0.3188 -0.0131 -0.9477
vn -0.1148 -0.3311 -0.9366
vn -0.0850 -0.0935 -0.9920
vn -0.7184 0.1523 -0.6788
vn -0.8054 0.0256 -0.5922
vn -0.7450 0.2476 -0.6194
vn -0.9209 0.1559 -0.3572
vn -0.8887 -0.0907 -0.4494
vn -0.9044 -0.1374 -0.4039
vn -0.9583 -0.1527 -0.2415
vn -0.9781 -0.0743 -0.1946
vn -0.9927 -0.1142 -0.0386
vn 0.3133 0.0831 0.9460
vn 0.2504 0.0817 0.9647
vn 0.2747 0.0834 0.9579
vn 0.8850 -0.0652 -0.4610
vn 0.8902 0.0165 -0.4553
vn 0.8487 -0.0922 -0.5208
vn 0.7718 -0.5688 -0.2841
vn 0.7127 -0.6415 -0.2837
vn 0.7204 -0.6211 -0.3086
vn -0.5632 -0.0780 -0.8226
vn -0.4049 -0.2760 -0.8717
vn -0.5968 0.0241 -0.8020
vn 0.1422 0.3168 -0.9378
vn -0.0160 0.4579 -0.8889
vn 0.0935 0.4084 -0.9080
vn -0.1150 0.0129 0.9933
vn -0.1177 0.0562 0.9915
vn -0.1572 0.0802 0.9843
vn -0.9911 0.1225 -0.0523
vn -0.9963 0.0793 -0.0335
vn -0.9955 0.0294 -0.0900
vn 0.2047 -0.0694 -0.9764
vn 0.1906 -0.1602 -0.9685
vn 0.1389 -0.1839 -0.9731
vn -0.9526 -0.0651 -0.2973
vn -0.9543 -0.1099 -0.2780
vn -0.9486 -0.0499 -0.3125
vn 0.9185 0.0770 0.3880
vn 0.9132 0.0645 0.4023
vn 0.9186 0.0551 0.3914
vn -0.3785 -0.9106 0.1660
vn -0.2233 -0.9730 -0.0580
vn -0.0577 -0.9635 -0.2614
vn -0.3472 0.1992 0.9164
vn -0.3766 0.2188 0.9002
vn -0.2838 0.2466 0.9266
vn 0.7879 0.4852 -0.3793
vn 0.8925 0.0269 -0.4503
vn 0.8732 0.0132 -0.4873
vn -0.4634 -0.0840 -0.8821
vn -0.5400 -0.1169 -0.8335
vn -0.4459 -0.1037 -0.8890
vn -0.0161 -0.7450 -0.6669
vn -0.0776 -0.8034 -0.5903
vn -0.0389 -0.7855 -0.6176
vn 0.3621 0.0372 0.9314
vn 0.3274 0.0180 0.9447
vn 0.3605 0.1704 0.9171
vn -0.5465 -0.8220 -0.1603
vn -0.5533 -0.8170 -0.1627
vn -0.5533 -0.8161 -0.1667
vn -0.8845 -0.4652 -0.0359
vn -0.8815 -0.4521 0.1359
vn -0.9024 -0.4069 0.1415
vn 0.9876 0.1509 0.0440
vn 0.9703 0.0514 -0.2365
vn 0.7450 -0.0923 -0.6606
vn -0.5949 -0.0530 -0.8021
vn -0.6113 -0.0986 -0.7852
vn -0.6360 -0.1318 -0.7603
vn -0.8143 -0.4774 0.3301
vn -0.9069 -0.3671 0.2067
vn -0.8192 -0.4926 0.2937
vn -0.6614 0.1182 0.7407
vn -0.7119 0.1168 0.6925
vn -0.7076 0.1535 0.6898
vn 0.6161 -0.2951 -0.7303
vn 0.4685 -0.3458 -0.8130
vn 0.5451 -0.2930 -0.7855
vn 0.3268 0.2804 0.9026
vn 0.1820 0.8390 0.5129
vn 0.5140 0.0030 0.8578
vn 0.8430 0.3684 -0.3920
vn 0.8119 0.3356 -0.4777
vn 0.8957 0.2500 -0.3676
vn 0.1941 0.9810 -0.0029
vn 0.2640 0.9608 -0.0851
vn 0.1382 0.9900 -0.0279
vn -0.8131 0.0805 0.5765
vn -0.7575 0.0510 0.6508
vn -0.8162 0.0564 0.5750
vn -0.4765 -0.1566 0.8651
vn -0.4407 -0.1655 0.8823
vn -0.5908 -0.1133 0.7988
vn -0.2009 0.0617 -0.9777
vn -0.2754 0.1120 -0.9548
vn -0.3241 0.1193 -0.9385
vn 0.8763 -0.0845 -0.4742
vn 0.9387 -0.0603 -0.3393
vn 0.9137 -0.0410 -0.4042
vn -0.6917 -0.5808 -0.4291
vn -0.6572 -0.6362 -0.4042
vn -0.6526 -0.6030 -0.4587
vn 0.2662 -0.3987 -0.8776
vn 0.2547 -0.3534 -0.9001
vn -0.4116 -0.1147 -0.9041
vn -0.9673 -0.2513 0.0355
vn -0.9722 -0.2281 0.0526
vn -0.9708 -0.2393 -0.0184
vn 0.1786 -0.8457 -0.5030
vn -0.0131 -0.6922 -0.7216
vn 0.0415 -0.7345 -0.6773
vn -0.3783 -0.1343 0.9159
vn -0.2581 0.0351 0.9655
vn -0.2631 0.0730 0.9620
vn -0.8468 0.3394 0.4095
vn -0.8890 0.3141 0.3331
vn -0.8623 0.3314 0.3829
vn 0.1228 0.4633 -0.8776
vn 0.0948 0.4405 -0.8927
vn 0.0998 0.4396 -0.8926
vn -0.8799 0.0068 0.4751
vn -0.7601 0.0614 0.6469
vn -0.8765 0.0289 0.4805
vn 0.2185 -0.3355 -0.9164
vn -0.2716 -0.7347 -0.6217
vn -0.1226 -0.6010 -0.7898
vn 0.7039 -0.7063 -0.0755
vn 0.7044 -0.6899 -0.1669
vn 0.8388 -0.4118 -0.3562
vn -0.0087 -0.3440 0.9389
vn 0.0987 -0.3802 0.9196
vn -0.0387 -0.2592 0.9650
vn 0.9048 0.0477 0.4233
vn 0.8859 0.0465 0.4615
vn 0.9293 0.0805 0.3603
vn 0.0877 0.1253 -0.9882
vn 0.0617 0.1476 -0.9871
vn 0.0387 0.1546 -0.9872
vn 0.4557 0.0791 -0.8866
vn 0.4754 -0.0528 -0.8782
vn 0.4480 0.0547 -0.8923
vn 0.8545 0.5158 0.0617
vn 0.8376 0.5460 -0.0178
vn 0.9150 0.3810 0.1326
vn 0.7786 0.2026 -0.5940
vn 0.9832 0.1181 -0.1390
vn 0.7581 0.4075 -0.5091
vn -0.8954 0.4411 0.0605
vn -0.8757 0.4786 0.0633
vn -0.8010 0.5936 0.0776
vn -0.9065 0.3789 -0.1863
vn -0.9039 0.3008 -0.3042
vn -0.8582 0.3419 -0.3828
vn 0.8782 0.1615 0.4502
vn 0.8315 0.1440 0.5366
vn 0.7845 0.1277 0.6068
vn 0.1538 -0.8872 0.4350
vn 0.0821 -0.9125 0.4007
vn -0.0103 -0.9419 0.3357
vn -0.9972 0.0429 -0.0611
vn -0.9966 0.0825 0.0054
vn -0.9899 0.1193 0.0760
vn -0.8969 -0.0327 -0.4411
vn -0.9059 -0.0522 -0.4202
vn -0.9030 -0.0473 -0.4271
vn 0.0341 -0.2354 -0.9713
vn -0.0958 -0.1378 -0.9858
vn -0.2097 -0.0860 -0.9740
vn -0.1271 0.0082 -0.9918
vn -0.1256 0.0160 -0.9920
vn -0.0807 -0.0045 -0.9967
vn -0.8579 -0.3153 0.4057
vn -0.8845 -0.2292 0.4063
vn -0.8725 -0.2617 0.4125
vn -0.9338 -0.2828 0.2193
vn -0.9060 -0.2791 0.3181
vn -0.9081 -0.2946 0.2975
vn -0.3004 -0.2180 0.9286
vn -0.2007 -0.1523 0.9677
vn -0.1835 -0.3451 0.9205
vn -0.0026 -0.7668 0.6419
vn 0.1171 -0.8858 0.4490
vn 0.0294 -0.9832 -0.1801
vn 0.9266 -0.3202 0.1973
vn 0.9734 -0.1707 0.1529
vn 0.9836 -0.1793 0.0185
vn -0.4970 -0.4116 0.7640
vn -0.7312 -0.5201 0.4414
vn -0.6830 -0.6340 0.3628
vn 0.8072 0.0661 -0.5865
vn 0.8578 0.1501 -0.4916
vn 0.8723 0.1212 -0.4738
vn -0.1165 -0.6886 0.7157
vn 0.0526 -0.9939 -0.0971
vn 0.0557 -0.9976 -0.0404
vn 0.8293 0.3469 0.4382
vn 0.7719 0.3399 0.5373
vn 0.7986 0.3392 0.4972
vn -0.1372 0.0219 -0.9903
vn -0.1943 -0.0131 -0.9809
vn -0.2256 -0.0162 -0.9741
vn -0.7679 -0.4387 0.4668
vn -0.6418 -0.3853 0.6630
vn -0.6737 -0.5312 0.5139
vn -0.6068 0.0500 -0.7933
vn -0.5726 -0.0612 -0.8176
vn -0.6786 -0.0006 -0.7345
vn 0.0791 -0.2995 0.9508
vn 0.0751 -0.2068 0.9755
vn 0.0369 -0.2214 0.9745
vn -0.5915 0.2198 -0.7758
vn -0.6997 0.2708 -0.6611
vn -0.6512 0.2440 -0.7186
vn -0.4656 -0.5466 -0.6960
vn -0.5003 -0.4731 -0.7252
vn -0.4506 -0.4920 -0.7449
vn -0.4580 0.2291 -0.8589
vn -0.3584 0.2013 -0.9116
vn -0.2601 0.1954 -0.9456
vn -0.9698 -0.0740 -0.2324
vn -0.9967 0.0255 -0.0773
vn -0.9956 -0.0121 0.0933
vn 0.7946 -0.0736 -0.6026
vn 0.7276 -0.2115 -0.6526
vn 0.7397 -0.0700 -0.6692
vn 0.9214 0.0818 -0.3799
vn 0.8444 0.0433 -0.5339
vn 0.8801 0.0155 -0.4746
vn -0.5697 0.1753 0.8029
vn -0.6018 0.1103 0.7910
vn -0.6052 0.0602 0.7938
vn 0.2008 0.1262 0.9715
vn 0.1925 0.1062 0.9755
vn 0.2485 0.0793 0.9654
vn -0.9530 0.2127 -0.2157
vn -0.9646 0.2439 -0.1004
vn -0.9573 0.2121 -0.1962
vn -0.2596 -0.2991 0.9182
vn 0.0560 -0.3631 0.9301
vn -0.3139 -0.3153 0.8955
vn 0.4630 -0.0050 -0.8863
vn 0.3190 0.0595 -0.9459
vn 0.3460 0.0423 -0.9373
vn -0.6784 0.2762 -0.6808
vn -0.6883 0.2561 -0.6787
vn -0.6809 0.2606 -0.6844
vn -0.3743 0.9031 0.2103
vn -0.3516 0.9065 0.2339
vn -0.3364 0.8934 0.2977
vn 0.2047 0.6161 -0.7606
vn 0.1986 0.6500 -0.7335
vn 0.1613 0.6241 -0.7645
vn -0.7683 0.3506 -0.5355
vn -0.7329 0.3185 -0.6012
vn -0.7173 0.2829 -0.6367
vn -0.9849 0.1730 0.0076
vn -0.9905 0.1364 0.0153
vn -0.9898 0.1387 -0.0310
vn 0.8290 -0.1138 0.5475
vn 0.8459 -0.1441 0.5134
vn 0.7308 -0.1884 0.6561
vn 0.1235 0.0698 0.9899
vn 0.2940 0.0969 0.9509
vn 0.2241 0.0676 0.9722
vn -0.9336 -0.0471 0.3552
vn -0.9146 -0.0083 0.4042
vn -0.9129 -0.0385 0.4063
vn 0.2185 0.0710 0.9733
vn 0.5264 0.1527 0.8364
vn 0.6073 0.3059 0.7332
vn -0.1157 0.1548 0.9811
vn -0.0078 0.1464 0.9892
vn -0.1682 0.1352 0.9764
vn -0.5578 0.0019 0.8300
vn -0.5830 0.0060 0.8125
vn -0.3874 -0.0227 0.9216
vn 0.8863 0.0234 0.4625
vn 0.8716 0.0301 0.4892
vn 0.9164 0.0310 0.3989
vn -0.3994 -0.5157 -0.7580
vn -0.3170 -0.5700 -0.7580
vn 0.1235 -0.4690 -0.8745
vn -0.7182 -0.3151 -0.6204
vn -0.9272 -0.1506 -0.3431
vn -0.6414 -0.4297 -0.6356
vn -0.0990 -0.9897 0.1037
vn -0.5417 -0.7771 0.3205
vn -0.1482 -0.8997 0.4105
vn -0.8467 0.0035 0.5320
vn -0.7580 0.1227 0.6406
vn -0.8053 0.0293 0.5921
vn -0.1206 0.7890 0.6024
vn -0.1082 0.8100 0.5764
vn -0.3313 0.6742 0.6601
vn 0.0479 -0.7760 -0.6289
vn 0.0695 -0.7733 -0.6303
vn 0.0283 -0.8478 -0.5296
vn 0.3994 -0.0276 -0.9164
vn 0.3961 -0.0470 -0.9170
vn 0.4126 -0.0452 -0.9098
vn 0.4078 -0.0263 -0.9127
vn 0.3821 -0.0506 -0.9227
vn 0.3971 -0.0399 -0.9169
vn 0.8594 0.0274 0.5106
vn 0.8995 0.0099 0.4368
vn 0.8851 0.0109 0.4653
vn -0.8967 -0.0760 0.4361
vn -0.9092 0.0747 0.4095
vn -0.8769 0.1505 0.4564
vn -0.1349 0.4051 -0.9042
vn 0.0789 0.5505 -0.8311
vn -0.1016 0.4230 -0.9004
vn -0.4289 -0.0173 0.9032
vn -0.4205 -0.0307 0.9068
vn -0.4287 -0.0224 0.9032
vn -0.1852 0.1295 0.9741
vn -0.1754 0.1107 0.9782
vn -0.2046 0.1097 0.9727
vn -0.4031 -0.5322 -0.7445
vn -0.3102 -0.5546 -0.7721
vn -0.4883 -0.4645 -0.7388
vn -0.5715 -0.8206 -0.0001
vn -0.4466 -0.5969 0.6666
vn -0.0793 -0.8278 0.5554
vn 0.1900 -0.1082 -0.9758
vn 0.1803 -0.0970 -0.9788
vn 0.1406 -0.0646 -0.9880
vn 0.5470 0.1981 0.8133
vn 0.5766 0.2115 0.7892
vn 0.5696 0.2131 0.7939
vn 0.1244 -0.9619 -0.2433
vn -0.1051 -0.8800 0.4632
vn -0.1189 -0.9582 0.2603
vn -0.9236 0.3832 0.0074
vn -0.8810 0.4666 0.0785
vn -0.9704 0.2398 -0.0287
vn 0.7608 0.5644 -0.3204
vn 0.7410 0.5712 -0.3529
vn 0.7576 0.5542 -0.3448
vn -0.9479 0.1372 -0.2875
vn -0.9503 0.1369 -0.2796
vn -0.9075 0.1666 -0.3857
vn 0.5650 -0.4634 -0.6827
vn 0.4814 -0.4791 -0.7340
vn 0.5144 -0.5019 -0.6953
vn -0.5784 -0.2997 -0.7587
vn -0.8429 -0.1245 -0.5235
vn -0.3578 -0.4250 -0.8315
vn -0.0217 0.4918 0.8704
vn -0.0355 0.4978 0.8665
vn 0.0672 0.5190 0.8521
vn 0.8716 0.4761 -0.1168
vn 0.8820 0.4235 -0.2068
vn 0.8716 0.4558 -0.1801
vn 0.1374 0.4483 0.8833
vn 0.1451 0.4041 0.9031
vn 0.1453 0.3280 0.9334
vn -0.5384 -0.1728 0.8248
vn -0.5699 -0.0972 0.8160
vn -0.4430 -0.2084 0.8720
vn 0.9409 0.0256 0.3377
vn 0.9400 0.0298 0.3399
vn 0.9427 0.0159 0.3332
vn -0.1787 0.0870 0.9800
vn -0.1242 0.2268 0.9660
vn -0.1506 0.2216 0.9634
vn 0.4288 0.8076 0.4048
vn 0.1151 0.9153 0.3860
vn 0.2548 0.8474 0.4659
vn 0.9663 -0.2463 -0.0743
vn 0.9516 -0.2984 -0.0740
vn 0.9283 -0.3603 -0.0918
vn -0.7423 0.2601 -0.6175
vn -0.5833 0.3397 -0.7378
vn -0.7217 0.2944 -0.6264
vn -0.3286 -0.0860 -0.9406
vn -0.4702 -0.2158 -0.8557
vn -0.2562 0.0593 -0.9648
vn -0.1434 -0.2202 -0.9649
vn -0.1687 -0.2328 -0.9578
vn -0.2253 -0.2548 -0.9404
vn -0.9977 -0.0187 -0.0646
vn -0.9874 0.1396 0.0743
vn -0.9922 -0.1220 -0.0241
vn -0.7362 -0.2130 -0.6424
vn -0.7844 -0.2958 -0.5451
vn -0.7928 -0.2468 -0.5573
vn 0.9478 -0.2776 -0.1567
vn 0.9328 -0.3379 -0.1251
vn 0.9467 -0.2742 -0.1689
vn -0.4977 0.2489 0.8309
vn -0.5035 0.3054 0.8082
vn -0.6202 0.5482 0.5611
vn -0.6889 0.2774 -0.6697
vn -0.6535 0.2285 -0.7216
vn -0.6285 0.1495 -0.7633
vn 0.9370 -0.3228 0.1337
vn 0.9340 -0.3279 0.1419
vn 0.9406 -0.3090 0.1405
vn 0.4685 -0.3490 0.8116
vn 0.3983 -0.3455 0.8497
vn 0.5021 -0.3946 0.7696
vn 0.9607 -0.0352 -0.2753
vn 0.9453 -0.0219 -0.3254
vn 0.9397 -0.0154 -0.3416
vn 0.4838 -0.8494 -0.2108
vn 0.6932 -0.7168 -0.0751
vn 0.6517 -0.7220 -0.2324
vn 0.5680 -0.2918 -0.7696
vn 0.5485 -0.4713 -0.6906
vn 0.6648 -0.5332 -0.5232
vn 0.9732 -0.0151 0.2296
vn 0.9721 0.0092 0.2342
vn 0.9768 -0.0087 0.2138
vn 0.5697 0.8125 -0.1239
vn 0.6068 0.7877 -0.1061
vn 0.6451 0.7313 -0.2213
vn -0.8982 0.1256 0.4212
vn -0.8515 -0.0036 0.5244
vn -0.8804 0.1859 0.4363
vn -0.7563 0.3312 0.5642
vn -0.8086 0.3012 0.5053
vn -0.8161 0.3916 0.4251
vn -0.6665 0.3464 0.6602
vn -0.6283 0.3154 0.7112
vn -0.7051 0.3082 0.6386
vn -0.3157 0.1239 0.9407
vn -0.5944 0.0324 0.8035
vn -0.4438 -0.0873 0.8919
vn 0.2573 0.5125 -0.8192
vn 0.1636 0.4386 -0.8836
vn 0.0323 0.4349 -0.8999
vn 0.5225 0.3957 -0.7553
vn 0.3183 0.6511 -0.6890
vn 0.5854 0.4769 -0.6557
vn 0.0150 0.3657 -0.9306
vn 0.1114 0.3785 -0.9189
vn 0.0651 0.5165 -0.8538
vn -0.9991 0.0152 0.0387
vn -0.9998 -0.0075 0.0211
vn -0.9997 -0.0022 0.0261
vn 0.9822 0.1704 0.0796
vn 0.9693 0.1333 0.2068
vn 0.9598 0.2143 0.1814
vn -0.0967 0.9917 -0.0849
vn 0.0615 0.9977 -0.0286
vn -0.1084 0.9938 0.0245
vn 0.0284 -0.1519 -0.9880
vn 0.0108 -0.1528 -0.9882
vn 0.1157 -0.1682 -0.9789
vn -0.6606 0.7400 -0.1265
vn -0.6883 0.7173 -0.1084
vn -0.6748 0.7311 -0.1009
vn 0.3370 0.9097 0.2426
vn 0.3522 0.9185 0.1797
vn 0.3637 0.9237 0.1204
vn 0.4537 -0.5755 0.6804
vn 0.5363 -0.4332 0.7244
vn 0.6371 -0.4898 0.5951
vn -0.1284 -0.1912 -0.9731
vn -0.1237 -0.1749 -0.9768
vn -0.1563 -0.2150 -0.9640
vn -0.9570 -0.2562 -0.1362
vn -0.9508 -0.1339 -0.2794
vn -0.9506 -0.1328 -0.2806
vn 0.1581 0.3543 0.9217
vn 0.1060 0.3666 0.9243
vn 0.1071 0.2558 0.9608
vn 0.8895 0.3548 -0.2880
vn 0.9021 0.3808 -0.2032
vn 0.9164 0.3483 -0.1971
vn 0.5091 -0.6126 -0.6046
vn 0.4448 -0.7884 -0.4250
vn 0.5402 -0.6216 -0.5672
vn 0.6348 -0.2261 -0.7388
vn 0.6749 -0.1184 -0.7284
vn 0.7151 -0.1900 -0.6727
vn 0.8346 0.5491 -0.0436
vn 0.9368 0.3498 -0.0124
vn 0.8953 0.4333 -0.1032
vn 0.9892 -0.0117 -0.1458
vn 0.9867 0.0222 -0.1611
vn 0.9499 -0.0383 -0.3102
vn 0.8096 0.5867 0.0195
vn 0.7912 0.5921 0.1535
vn 0.8441 0.5088 0.1692
vn -0.5103 -0.0868 0.8556
vn -0.6850 -0.1411 0.7148
vn -0.5101 -0.1181 0.8520
vn -0.3632 -0.1561 0.9185
vn -0.6446 -0.0570 0.7624
vn -0.5416 -0.1555 0.8261
vn -0.9468 -0.2755 0.1664
vn -0.9124 -0.3147 0.2617
vn -0.9167 -0.3580 0.1775
vn 0.4516 0.0323 -0.8916
vn 0.3768 -0.0464 -0.9251
vn 0.2318 -0.0654 -0.9706
vn 0.7330 -0.0083 -0.6802
vn 0.7317 -0.0085 -0.6816
vn 0.7970 -0.0079 -0.6039
vn -0.1811 -0.9763 0.1186
vn -0.5263 -0.8209 0.2217
vn -0.3759 -0.9178 0.1279
vn -0.0595 0.4883 -0.8706
vn -0.1063 0.3835 -0.9174
vn -0.0909 0.4438 -0.8915
vn 0.9910 0.0402 -0.1275
vn 0.9885 0.0556 -0.1403
vn 0.9410 0.0447 -0.3355
vn -0.0756 0.4640 -0.8826
vn -0.0973 0.4903 -0.8661
vn -0.0445 0.5034 -0.8629
vn -0.7628 -0.0248 -0.6462
vn -0.8104 -0.0181 -0.5856
vn -0.7467 -0.0314 -0.6644
vn 0.0190 -0.6557 -0.7548
vn 0.3516 -0.3086 -0.8838
vn 0.1667 -0.6667 -0.7265
vn 0.8902 0.2239 0.3967
vn 0.9166 0.2255 0.3301
vn 0.9144 0.2371 0.3281
vn 0.6978 0.3485 0.6258
vn 0.6273 0.3969 0.6701
vn 0.5533 0.4327 0.7118
vn 0.8342 0.2305 -0.5010
vn 0.8663 -0.0901 -0.4914
vn 0.8929 0.1862 -0.4100
vn 0.3310 0.0304 -0.9431
vn 0.2921 0.1621 -0.9425
vn 0.4274 0.0738 -0.9010
vn -0.7270 -0.2052 -0.6553
vn -0.7517 -0.2594 -0.6063
vn -0.7218 -0.2792 -0.6333
vn -0.1151 -0.0601 -0.9915
vn -0.0442 -0.0179 -0.9989
vn -0.0470 -0.0693 -0.9965
vn 0.1652 -0.5131 0.8423
vn 0.0497 -0.5937 0.8032
vn 0.0818 -0.5228 0.8485
vn -0.2704 -0.4454 0.8535
vn -0.3419 -0.6135 0.7118
vn -0.6868 -0.3344 0.6453
vn 0.3705 0.7264 -0.5789
vn 0.2296 0.7616 -0.6060
vn 0.2593 0.7464 -0.6129
vn -0.8090 -0.1691 -0.5629
vn -0.7892 -0.0733 -0.6097
vn -0.7824 -0.0026 -0.6228
vn -0.3635 0.1670 0.9165
vn -0.3805 0.0787 0.9214
vn -0.3885 0.1744 0.9048
vn 0.6274 0.6731 0.3916
vn 0.7412 0.6436 0.1910
vn 0.6381 0.6788 0.3634
vn 0.6501 -0.4642 0.6015
vn 0.0596 -0.9922 0.1094
vn 0.3838 -0.8780 0.2861
vn 0.2771 -0.3676 0.8877
vn 0.2717 -0.3216 0.9071
vn 0.3681 -0.3903 0.8439
vn 0.3268 -0.4413 0.8357
vn 0.2092 -0.3794 0.9013
vn 0.2406 -0.3621 0.9005
vn -0.4850 -0.8491 0.2093
vn -0.4290 -0.8698 0.2435
vn -0.4107 -0.8683 0.2782
vn 0.4531 -0.6299 -0.6308
vn 0.5081 -0.6427 -0.5734
vn 0.8179 -0.2639 -0.5112
vn 0.5300 0.1018 0.8419
vn 0.5102 0.1094 0.8531
vn 0.5940 0.1106 0.7968
vn 0.1473 0.9190 0.3658
vn 0.1727 0.8893 0.4235
vn 0.1455 0.9019 0.4068
vn -0.8752 -0.4816 0.0455
vn -0.9383 -0.3332 -0.0920
vn -0.9066 -0.4214 0.0241
vn -0.2311 -0.2100 0.9500
vn -0.0707 -0.0982 0.9927
vn -0.3044 -0.0964 0.9476
vn 0.9651 0.1636 -0.2044
vn 0.9516 0.2358 -0.1968
vn 0.9535 0.2084 -0.2175
vn -0.4667 -0.6384 0.6121
vn -0.3429 -0.5818 0.7375
vn -0.6472 -0.7205 0.2489
vn 0.5275 0.5042 0.6838
vn 0.3849 0.5416 0.7473
vn 0.5288 0.5279 0.6646
vn 0.9097 0.4123 0.0488
vn 0.9027 0.3829 0.1965
vn 0.9060 0.4209 -0.0438
vn -0.2468 -0.1193 0.9617
vn -0.5255 0.2007 0.8268
vn -0.2798 0.0421 0.9591
vn -0.1642 -0.9793 0.1182
vn -0.1557 -0.9084 -0.3881
vn -0.4883 -0.8672 -0.0977
vn 0.9218 0.2227 -0.3173
vn 0.8715 0.1712 -0.4595
vn 0.9206 0.2248 -0.3193
vn -0.1742 -0.4091 -0.8957
vn -0.0815 -0.4327 -0.8979
vn -0.2374 -0.4283 -0.8719
vn 0.7887 0.0371 0.6137
vn 0.8493 0.1466 0.5072
vn 0.8587 0.1748 0.4818
vn -0.1467 -0.9641 0.2213
vn 0.1906 -0.9618 0.1965
vn 0.4959 -0.8633 -0.0937
vn 0.7242 0.1088 0.6810
vn 0.6965 0.1009 0.7105
vn 0.7700 0.0822 0.6327
vn 0.2925 -0.0313 -0.9557
vn 0.3455 -0.0153 -0.9383
vn 0.3317 -0.0245 -0.9431
vn -0.4595 0.1163 0.8805
vn -0.4449 0.0966 0.8904
vn -0.5327 0.1244 0.8371
vn -0.2651 -0.7321 -0.6276
vn -0.5506 -0.5934 -0.5872
vn 0.1431 -0.6152 -0.7753
vn -0.2729 -0.2024 0.9405
vn -0.2978 -0.0057 0.9546
vn -0.1588 -0.0590 0.9856
vn 0.4662 0.0548 -0.8830
vn 0.2801 0.1890 -0.9412
vn 0.4970 -0.0430 -0.8667
vn 0.2467 -0.0935 -0.9646
vn 0.1275 0.0738 -0.9891
vn 0.1833 -0.0030 -0.9830
vn -0.7419 0.0472 -0.6689
vn -0.7595 -0.0254 -0.6500
vn -0.7324 0.0214 -0.6806
vn 0.8487 -0.2090 0.4858
vn 0.8500 -0.3569 0.3874
vn 0.8480 -0.2801 0.4499
vn -0.2481 0.9439 0.2180
vn -0.3566 0.9114 0.2054
vn -0.1025 0.9828 0.1537
vn 0.8566 0.0081 0.5159
vn 0.9154 0.1212 0.3838
vn 0.8999 0.0784 0.4291
vn 0.7426 -0.2190 0.6329
vn 0.8048 -0.2064 0.5566
vn 0.8042 -0.3766 0.4598
vn -0.4762 -0.3448 0.8089
vn -0.4748 -0.3909 0.7885
vn -0.5082 -0.3360 0.7930
vn 0.8832 0.3987 0.2468
vn 0.9077 0.3822 0.1732
vn 0.9067 0.2993 0.2974
vn -0.3990 -0.5826 -0.7081
vn -0.2506 -0.6068 -0.7543
vn -0.3732 -0.5991 -0.7084
vn 0.3143 -0.0611 0.9474
vn 0.3619 0.0484 0.9310
vn 0.4665 -0.0605 0.8824
vn -0.9071 0.2444 0.3427
vn -0.1676 0.6075 0.7764
vn -0.3014 0.4140 0.8589
vn 0.1256 0.6250 0.7705
vn 0.1128 0.6198 0.7766
vn 0.1129 0.6397 0.7603
vn -0.8858 0.3997 0.2357
vn -0.8569 0.3609 0.3680
vn -0.8975 0.4155 0.1479
vn 0.6059 0.5237 0.5989
vn 0.5972 0.5087 0.6201
vn 0.5279 0.5942 0.6068
vn 0.0182 0.0865 0.9961
vn 0.0208 0.1341 0.9907
vn -0.1300 0.0269 0.9911
vn 0.5483 0.7990 -0.2470
vn 0.6268 0.7428 -0.2353
vn 0.5679 0.7971 -0.2054
vn 0.0018 0.5110 -0.8596
vn -0.1037 0.1297 -0.9861
vn 0.1669 0.7082 -0.6860
vn 0.0639 -0.4771 -0.8765
vn 0.1747 -0.3930 -0.9028
vn 0.0752 -0.4468 -0.8915
vn -0.7710 0.2387 -0.5904
vn -0.7143 0.2404 -0.6573
vn -0.6605 0.2416 -0.7109
vn -0.2289 -0.2243 -0.9473
vn -0.2613 -0.1550 -0.9527
vn -0.3373 -0.1849 -0.9231
vn 0.5411 -0.5744 -0.6143
vn 0.1422 -0.7738 -0.6172
vn 0.2787 -0.6362 -0.7194
vn -0.4882 -0.4491 -0.7483
vn -0.1690 -0.5729 -0.8020
vn -0.4154 -0.5025 -0.7582
vn 0.3917 0.9043 0.1699
vn 0.3868 0.9031 0.1867
vn 0.4314 0.8824 0.1880
vn -0.4160 -0.0058 -0.9094
vn -0.4363 -0.0288 -0.8993
vn -0.3056 -0.0200 -0.9519
vn -0.2222 -0.9221 -0.3166
vn -0.2562 -0.9090 -0.3288
vn -0.2460 -0.8989 -0.3626
vn 0.6492 0.6892 0.3217
vn 0.6560 0.6945 0.2955
vn 0.6671 0.6892 0.2828
vn 0.7766 -0.3198 -0.5428
vn 0.6528 -0.3089 -0.6917
vn 0.5909 -0.2909 -0.7525
vn -0.9876 -0.0218 -0.1553
vn -0.9907 -0.0575 -0.1234
vn -0.9820 -0.0102 -0.1886
vn 0.6025 -0.6405 -0.4762
vn 0.5701 -0.4978 -0.6536
vn 0.5570 -0.6332 -0.5374
vn -0.4088 -0.9085 0.0865
vn -0.3572 -0.9316 0.0673
vn -0.3984 -0.9169 -0.0214
vn -0.1303 -0.0631 0.9895
vn -0.1576 0.0391 0.9867
vn 0.0359 -0.0444 0.9984
vn -0.9197 -0.3002 0.2529
vn -0.9604 -0.2621 0.0947
vn -0.9820 -0.0631 0.1780
vn 0.8752 -0.2655 -0.4045
vn 0.8170 -0.2691 -0.5099
vn 0.8931 -0.3208 -0.3154
vn -0.4656 -0.0682 -0.8823
vn -0.1552 -0.2290 -0.9610
vn -0.3543 -0.0889 -0.9309
vn -0.9613 -0.2727 0.0395
vn -0.9492 -0.3124 0.0370
vn -0.9176 -0.3924 0.0638
vn 0.6404 0.1546 -0.7524
vn 0.7788 0.1656 -0.6049
vn 0.6268 0.1511 -0.7644
vn -0.4634 -0.8826 0.0795
vn -0.5497 -0.8264 0.1221
vn -0.4616 -0.8816 -0.0987
vn -0.6344 0.6175 0.4649
vn -0.6997 0.4915 0.5185
vn -0.5689 0.6066 0.5553
vn -0.6208 0.6632 -0.4180
vn -0.6658 0.6767 -0.3141
vn -0.7866 0.5369 -0.3050
vn -0.8456 -0.1159 -0.5211
vn -0.8014 -0.0631 -0.5948
vn -0.8445 -0.1144 -0.5232
vn 0.8693 0.0568 -0.4910
vn 0.8850 0.0818 -0.4584
vn 0.8012 0.0474 -0.5964
vn -0.4828 0.1208 -0.8673
vn -0.3879 0.1173 -0.9142
vn -0.4182 -0.1476 -0.8963
vn -0.5666 -0.3022 -0.7666
vn -0.5827 -0.3722 -0.7224
vn -0.4132 -0.1947 -0.8896
vn -0.1495 0.0058 0.9887
vn -0.1992 0.0202 0.9798
vn -0.2922 -0.0040 0.9564
vn -0.2351 0.1721 0.9566
vn -0.3986 0.0764 0.9139
vn -0.3363 0.1001 0.9364
vn -0.0449 -0.0525 -0.9976
vn -0.1284 -0.2224 -0.9665
vn 0.0306 0.0666 -0.9973
vn 0.6055 -0.1332 0.7846
vn 0.5664 -0.2051 0.7982
vn 0.6885 -0.1313 0.7132
vn -0.9390 0.3411 -0.0431
vn -0.9560 0.2933 0.0063
vn -0.9605 0.2781 0.0141
vn 0.7755 -0.3079 -0.5512
vn 0.6795 -0.3090 -0.6654
vn 0.7366 -0.1144 -0.6666
vn 0.3711 0.0850 -0.9247
vn 0.8309 -0.1836 -0.5252
vn 0.7676 -0.0062 -0.6409
vn -0.8410 -0.5409 0.0103
vn -0.8193 -0.5132 -0.2557
vn -0.7943 -0.5973 -0.1109
vn 0.6055 0.0127 -0.7957
vn 0.5628 0.1396 -0.8147
vn 0.5572 0.1515 -0.8164
vn -0.1032 -0.0703 -0.9922
vn -0.0050 -0.0469 -0.9989
vn -0.1231 -0.0526 -0.9910
vn -0.5253 0.1397 0.8394
vn -0.5619 0.1569 0.8122
vn -0.4590 0.0729 0.8854
vn -0.2601 0.3298 -0.9075
vn -0.1833 0.3938 -0.9007
vn -0.3539 0.4088 -0.8412
vn -0.1661 0.3609 -0.9177
vn -0.1119 0.4164 -0.9023
vn -0.2009 0.4209 -0.8846
vn 0.9607 -0.0610 0.2709
vn 0.9075 -0.0044 0.4200
vn 0.9125 -0.0219 0.4084
vn 0.3578 0.6102 0.7069
vn 0.2978 0.6240 0.7225
vn 0.2934 0.6740 0.6779
vn -0.2420 0.1909 -0.9513
vn -0.4381 0.1398 -0.8880
vn -0.3196 0.1429 -0.9367
vn -0.4088 -0.0386 -0.9118
vn -0.4537 -0.0205 -0.8909
vn -0.4251 -0.0318 -0.9046
vn -0.8854 0.1590 0.4368
vn -0.8726 0.1228 0.4727
vn -0.8693 0.2591 0.4209
vn -0.4672 -0.3505 0.8117
vn -0.6489 -0.1666 0.7424
vn -0.6485 -0.5044 0.5701
vn 0.6328 -0.7232 0.2767
vn 0.6034 -0.7795 0.1678
vn 0.6611 -0.7380 0.1353
vn 0.8711 -0.2631 0.4146
vn 0.8333 -0.2862 0.4731
vn 0.8515 -0.2706 0.4491
vn 0.9955 -0.0756 -0.0572
vn 0.9954 -0.0916 -0.0273
vn 0.9746 0.0515 -0.2178
vn -0.3370 -0.7845 -0.5206
vn -0.2429 -0.9529 -0.1817
vn -0.1694 -0.9163 -0.3630
vn -0.2647 -0.0343 0.9637
vn -0.3844 -0.1192 0.9154
vn -0.5127 -0.1023 0.8525
vn -0.5552 -0.7751 -0.3015
vn -0.5813 -0.7810 -0.2284
vn -0.4112 -0.8704 -0.2709
vn 0.9458 -0.3165 -0.0734
vn 0.9490 -0.2761 -0.1521
vn 0.9155 -0.3795 -0.1333
vn 0.6017 0.7600 0.2458
vn 0.6994 0.6516 0.2936
vn 0.5249 0.7797 0.3414
vn 0.9923 -0.0491 0.1133
vn 0.9878 -0.1508 -0.0385
vn 0.9533 -0.2587 0.1560
vn -0.8813 0.0143 0.4724
vn -0.8976 -0.0148 0.4405
vn -0.8994 0.0290 0.4361
vn -0.0472 -0.9418 -0.3328
vn -0.2428 -0.9299 -0.2763
vn -0.2449 -0.9389 -0.2418
vn -0.5259 -0.3843 -0.7588
vn -0.5505 -0.3307 -0.7666
vn -0.5152 -0.4973 -0.6980
vn -0.9467 -0.0703 -0.3142
vn -0.9315 -0.0895 -0.3526
vn -0.9747 -0.0416 -0.2196
vn 0.1780 0.1472 0.9730
vn 0.3378 0.2536 0.9064
vn 0.1780 0.2342 0.9558
vn -0.0926 0.0333 0.9951
vn -0.1029 0.0262 0.9943
vn -0.0883 0.0275 0.9957
vn 0.8000 0.2483 0.5463
vn 0.8106 0.3160 0.4930
vn 0.8348 0.1828 0.5193
vn 0.4907 0.4782 0.7284
vn 0.7257 0.0673 0.6847
vn 0.7849 -0.0653 0.6161
vn 0.4975 -0.2458 -0.8319
vn 0.3504 -0.3069 -0.8849
vn 0.4762 -0.6803 -0.5572
vn -0.0162 0.5748 -0.8181
vn -0.0838 0.5881 -0.8045
vn -0.0358 0.5905 -0.8063
vn -0.8096 0.4693 -0.3526
vn -0.5567 0.5153 -0.6516
vn -0.7017 0.5311 -0.4749
vn 0.9871 0.0285 -0.1577
vn 0.9996 0.0282 0.0075
vn 0.9996 0.0271 -0.0060
vn -0.9416 0.0814 0.3268
vn -0.9267 0.0503 0.3723
vn -0.9166 0.0028 0.3998
vn 0.9017 -0.3504 -0.2533
vn 0.8296 -0.4541 -0.3248
vn 0.8134 -0.5032 -0.2918
vn -0.4705 -0.6823 -0.5596
vn 0.0264 -0.7086 -0.7051
vn -0.2017 -0.5581 -0.8049
vn -0.7768 -0.5448 -0.3160
vn -0.7784 -0.3694 -0.5076
vn -0.7907 -0.3783 -0.4813
vn 0.6290 0.6090 0.4831
vn 0.5859 0.6736 0.4505
vn 0.6300 0.6768 0.3809
vn -0.7213 0.4623 -0.5158
vn -0.7801 0.4610 -0.4230
vn -0.7285 0.4857 -0.4831
vn -0.8049 -0.5800 0.1253
vn -0.7287 -0.6730 0.1272
vn -0.8634 -0.3277 0.3837
vn 0.5398 0.0491 -0.8404
vn 0.5457 0.0997 -0.8321
vn 0.5054 0.0768 -0.8595
vn -0.6774 -0.0462 0.7342
vn -0.6567 0.0282 0.7536
vn -0.6604 -0.0498 0.7493
vn 0.5594 0.8288 0.0090
vn 0.4330 0.8930 0.1228
vn 0.5032 0.8037 0.3177
vn -0.6802 -0.1159 -0.7238
vn -0.6354 -0.0187 -0.7720
vn -0.7337 -0.0174 -0.6792
vn -0.3296 0.3562 -0.8744
vn -0.1482 0.2782 -0.9490
vn -0.2104 0.3287 -0.9207
vn -0.1284 0.2537 -0.9587
vn 0.0124 0.2945 -0.9556
vn -0.1075 0.2597 -0.9597
vn 0.9620 0.1585 0.2223
vn 0.9691 0.1576 0.1898
vn 0.9537 0.2289 0.1951
vn 0.7794 -0.0676 0.6229
vn 0.8535 0.0593 0.5177
vn 0.8219 -0.0506 0.5674
vn 0.9712 0.0370 0.2353
vn 0.9700 0.0395 0.2398
vn 0.9801 0.0719 0.1852
vn -0.7311 -0.0791 -0.6777
vn -0.6597 -0.0957 -0.7454
vn -0.6490 -0.0714 -0.7574
vn 0.5153 -0.0172 -0.8568
vn 0.4282 -0.0134 -0.9036
vn 0.5590 -0.0085 -0.8291
vn 0.9297 -0.3595 -0.0806
vn 0.9547 -0.2532 -0.1562
vn 0.9452 -0.2604 -0.1969
vn 0.1581 0.0445 0.9864
vn 0.2220 0.0465 0.9739
vn 0.3839 0.0365 0.9226
vn -0.9400 0.1943 0.2804
vn -0.9462 0.1512 0.2861
vn -0.9428 0.1255 0.3088
vn 0.8972 -0.0271 -0.4408
vn 0.8714 0.0006 -0.4905
vn 0.8644 0.0328 -0.5018
vn -0.1657 0.2093 0.9637
vn -0.2667 0.2065 0.9414
vn -0.2602 0.3534 0.8986
vn -0.0299 0.9225 0.3849
vn -0.1013 0.9420 0.3199
vn -0.1149 0.9465 0.3016
vn -0.9735 0.0013 -0.2286
vn -0.9644 0.0006 -0.2646
vn -0.9351 0.0191 -0.3538
vn 0.7241 -0.6793 -0.1193
vn 0.2387 -0.6857 -0.6876
vn 0.1349 -0.7766 -0.6154
vn 0.5367 -0.7642 -0.3578
vn 0.4882 -0.6724 -0.5564
vn 0.6578 -0.6239 -0.4221
vn -0.4274 0.8846 0.1868
vn -0.4981 0.8465 0.1879
vn -0.4188 0.8892 0.1841
vn -0.4521 -0.0388 -0.8911
vn -0.5862 -0.0101 -0.8101
vn -0.2032 -0.0715 -0.9765
vn -0.7501 0.1397 0.6464
vn -0.7250 0.0710 0.6850
vn -0.7518 0.1545 0.6410
vn -0.9564 -0.2342 0.1743
vn -0.9665 -0.2555 0.0261
vn -0.9786 -0.2055 0.0134
vn -0.8500 0.3578 0.3866
vn -0.8469 0.3636 0.3880
vn -0.8630 0.3752 0.3385
vn 0.4237 -0.2441 -0.8723
vn 0.3664 -0.3549 -0.8601
vn 0.4270 -0.3053 -0.8511
vn 0.1141 0.0799 -0.9903
vn 0.0405 0.1633 -0.9857
vn 0.1113 0.0929 -0.9894
vn -0.9378 0.1086 0.3298
vn -0.9215 0.1253 0.3677
vn -0.9379 0.1478 0.3139
vn 0.5106 -0.1299 0.8500
vn 0.5402 0.0478 0.8402
vn 0.3868 -0.1776 0.9049
vn -0.9759 -0.1833 -0.1184
vn -0.9733 -0.1034 -0.2051
vn -0.9791 -0.0838 -0.1854
vn 0.5600 -0.7015 0.4408
vn 0.6675 -0.7290 0.1517
vn 0.7809 -0.5262 0.3366
vn -0.2678 -0.4019 -0.8756
vn -0.4560 -0.3272 -0.8277
vn -0.3824 -0.3571 -0.8522
vn 0.3597 0.1724 0.9170
vn 0.4386 0.3016 0.8466
vn 0.2624 0.3107 0.9136
vn -0.7224 -0.5592 0.4069
vn -0.6830 -0.7046 0.1927
vn -0.4808 -0.5813 0.6564
vn -0.8001 -0.4860 0.3517
vn -0.8449 -0.3745 0.3820
vn -0.8051 -0.5652 0.1800
vn -0.9799 0.1937 0.0476
vn -0.9693 0.2457 0.0061
vn -0.8586 0.5096 -0.0556
vn -0.4154 -0.0265 -0.9092
vn -0.4871 -0.0259 -0.8730
vn -0.3703 0.0169 -0.9287
vn -0.9744 -0.0577 0.2173
vn -0.9970 -0.0778 0.0030
vn -0.9238 -0.1580 0.3488
vn -0.2364 -0.2944 -0.9260
vn -0.3404 -0.3044 -0.8896
vn -0.2353 -0.2337 -0.9434
vn -0.3177 0.5914 -0.7411
vn -0.1040 0.7349 -0.6702
vn -0.1711 0.7213 -0.6712
vn -0.7423 0.3484 -0.5723
vn -0.5996 0.4872 -0.6349
vn -0.7695 0.3620 -0.5262
vn 0.4522 0.2399 0.8591
vn 0.3731 0.2407 0.8960
vn 0.4223 0.2260 0.8778
vn -0.4992 0.0996 -0.8607
vn -0.3052 0.3144 -0.8989
vn -0.4311 0.1783 -0.8845
vn 0.1475 -0.1629 0.9756
vn 0.2905 -0.2385 0.9267
vn 0.2494 -0.2559 0.9340
vn -0.1401 -0.3028 0.9427
vn -0.1811 -0.4213 0.8887
vn -0.1667 -0.3180 0.9333
vn -0.5045 -0.2144 0.8363
vn -0.0353 -0.4587 0.8879
vn -0.5833 -0.4120 0.7000
vn -0.8090 -0.0171 -0.5875
vn -0.7294 -0.1043 -0.6761
vn -0.7422 -0.0487 -0.6684
vn -0.9475 0.2524 -0.1964
vn -0.9195 0.2743 -0.2816
vn -0.9072 0.3622 -0.2139
vn -0.8991 0.4374 -0.0144
vn -0.7107 0.7025 0.0368
vn -0.8085 0.4102 0.4221
vn -0.0292 -0.5486 -0.8356
vn -0.3219 -0.4827 -0.8145
vn -0.0896 -0.5503 -0.8301
vn 0.1119 -0.7344 -0.6695
vn -0.1424 -0.6942 -0.7056
vn -0.0420 -0.6926 -0.7201
vn 0.9648 -0.1224 -0.2328
vn 0.9752 -0.1893 -0.1148
vn 0.9612 -0.1293 -0.2437
vn -0.8719 -0.3547 -0.3375
vn -0.9747 -0.1829 0.1286
vn -0.9463 -0.0376 0.3210
vn -0.8246 -0.1925 -0.5320
vn -0.7726 -0.2303 -0.5916
vn -0.8069 -0.1740 -0.5645
vn -0.5022 -0.2081 0.8393
vn -0.4544 -0.1780 0.8728
vn -0.5744 -0.2267 0.7866
vn -0.7517 -0.0893 0.6535
vn -0.7520 -0.0206 0.6588
vn -0.5755 -0.0658 0.8151
vn 0.6176 0.6864 0.3839
vn 0.9056 0.1513 0.3962
vn 0.7296 0.6259 0.2756
vn 0.9377 -0.1780 0.2985
vn 0.9712 0.0072 0.2381
vn 0.9273 0.3252 0.1851
vn 0.1460 0.5095 -0.8480
vn 0.1800 0.2774 -0.9437
vn 0.2758 0.4919 -0.8258
vn -0.3802 -0.2624 0.8869
vn -0.2419 -0.2907 0.9257
vn -0.3299 -0.1556 0.9311
vn 0.9839 -0.1269 -0.1259
vn 0.9889 -0.0935 -0.1156
vn 0.9880 -0.1014 -0.1161
vn -0.4538 0.3699 0.8107
vn -0.4553 0.2303 0.8600
vn -0.4930 0.3265 0.8065
vn 0.0672 0.2448 0.9672
vn -0.0358 0.1663 0.9854
vn -0.0780 0.2203 0.9723
vn 0.5215 0.0102 -0.8532
vn 0.6538 -0.0376 -0.7557
vn 0.6105 0.0355 -0.7912
vn -0.6098 -0.2070 0.7651
vn -0.8128 0.2514 0.5255
vn -0.7769 -0.3293 0.5366
vn 0.4868 0.7061 -0.5142
vn 0.4924 0.6591 -0.5684
vn 0.4741 0.6875 -0.5501
vn 0.1314 -0.4779 -0.8685
vn 0.1314 -0.3179 -0.9390
vn 0.0092 -0.4457 -0.8951
vn -0.8768 0.3793 -0.2957
vn -0.7986 0.5205 -0.3023
vn -0.8579 0.4410 -0.2638
vn -0.0240 -0.1981 0.9799
vn 0.3829 -0.0764 0.9206
vn 0.7036 -0.2274 0.6733
vn -0.0423 -0.7946 0.6057
vn -0.0250 -0.9038 0.4273
vn 0.0042 -0.8458 0.5334
vn -0.2955 0.1101 -0.9490
vn -0.2055 0.1571 -0.9660
vn -0.2787 -0.0026 -0.9604
vn 0.9481 -0.2732 -0.1628
vn 0.9452 -0.2330 -0.2286
vn 0.9475 -0.2680 -0.1746
vn -0.1946 -0.7791 -0.5959
vn -0.2357 -0.6983 -0.6759
vn -0.1104 -0.8231 -0.5570
vn 0.0546 -0.6226 -0.7806
vn 0.0912 -0.5544 -0.8272
vn 0.0403 -0.6348 -0.7716
vn -0.3103 -0.3801 0.8713
vn -0.2167 -0.1637 0.9624
vn -0.1314 -0.2946 0.9465
vn 0.9791 0.0702 -0.1907
vn 0.9987 -0.0470 0.0172
vn 0.9975 0.0181 -0.0679
vn -0.9601 -0.1533 0.2339
vn -0.9656 -0.0214 0.2593
vn -0.9650 0.0858 0.2478
vn 0.8964 -0.0517 -0.4402
vn 0.9274 -0.0206 -0.3734
vn 0.8325 -0.0670 -0.5500
vn 0.6063 -0.4684 0.6427
vn 0.6341 -0.4741 0.6109
vn 0.7072 -0.4645 0.5330
vn -0.4380 -0.2320 0.8685
vn -0.4346 -0.1631 0.8858
vn -0.5180 -0.1902 0.8340
vn 0.1900 -0.0075 -0.9817
vn 0.0891 -0.1433 -0.9857
vn 0.0865 0.0194 -0.9961
vn 0.1448 0.6011 -0.7860
vn 0.2132 0.5439 -0.8116
vn 0.0710 0.6335 -0.7705
vn -0.1735 0.6198 -0.7654
vn -0.0995 0.6350 -0.7661
vn -0.0288 0.6019 -0.7980
vn -0.1346 0.8021 0.5818
vn -0.3464 0.6261 0.6986
vn -0.2196 0.7773 0.5896
vn -0.0400 -0.0482 -0.9980
vn 0.0050 -0.0719 -0.9974
vn -0.1371 0.0228 -0.9903
vn 0.3260 0.2246 0.9183
vn -0.0608 0.1260 0.9902
vn 0.5388 0.2419 0.8070
vn 0.6985 0.2502 -0.6704
vn 0.6080 0.3511 -0.7121
vn 0.7036 0.2725 -0.6563
vn 0.9956 -0.0229 0.0905
vn 0.9995 0.0314 0.0086
vn 0.9995 0.0166 -0.0255
vn -0.5010 -0.2086 -0.8399
vn -0.4072 0.0403 -0.9125
vn -0.4385 0.0964 -0.8935
vn -0.8405 0.3527 0.4113
vn -0.7986 0.3914 0.4571
vn -0.7685 0.4081 0.4928
vn 0.7279 0.4952 -0.4742
vn 0.6446 0.5581 -0.5225
vn 0.7172 0.5520 -0.4254
vn -0.4449 -0.3085 0.8408
vn -0.6227 -0.2024 0.7558
vn -0.5917 -0.2950 0.7502
vn 0.5702 -0.4791 0.6673
vn 0.6579 -0.5089 0.5551
vn 0.5398 -0.6007 0.5898
vn -0.9369 0.1989 0.2875
vn -0.9360 0.2625 0.2343
vn -0.9717 0.1604 0.1733
vn -0.3020 -0.5072 0.8072
vn -0.2916 -0.5061 0.8117
vn -0.3104 -0.5081 0.8034
vn -0.9448 0.1870 0.2690
vn -0.9512 0.2336 0.2016
vn -0.9363 0.1819 0.3004
vn 0.7369 0.5791 -0.3488
vn 0.7494 0.5894 -0.3017
vn 0.7372 0.5844 -0.3391
vn -0.0660 -0.4793 -0.8752
vn -0.7255 -0.2602 -0.6371
vn 0.1948 -0.3770 -0.9055
vn -0.5975 0.1416 0.7893
vn -0.5801 0.0878 0.8098
vn -0.5748 0.1404 0.8061
vn -0.7606 -0.1633 -0.6284
vn -0.6830 -0.1820 -0.7073
vn -0.6665 -0.1917 -0.7205
vn 0.4773 0.2927 -0.8286
vn 0.5282 0.2636 -0.8072
vn 0.5920 0.2461 -0.7675
vn -0.9572 -0.2182 0.1900
vn -0.9529 -0.2083 0.2205
vn -0.9465 -0.2655 0.1836
vn -0.9910 -0.1199 -0.0600
vn -0.9878 -0.1550 -0.0146
vn -0.9825 -0.1134 -0.1476
vn 0.9841 0.0836 -0.1567
vn 0.9924 0.0373 -0.1173
vn 0.9733 0.0335 -0.2270
vn -0.8042 0.3325 -0.4927
vn -0.6912 0.3464 -0.6342
vn -0.7267 0.3094 -0.6133
vn 0.7874 -0.5513 0.2759
vn 0.8316 -0.4965 0.2490
vn 0.7810 -0.5538 0.2886
vn -0.9806 0.1755 -0.0870
vn -0.9683 0.0060 -0.2497
vn -0.9804 0.1863 -0.0636
vn -0.8555 0.4648 0.2282
vn -0.9144 0.3579 0.1892
vn -0.8987 0.4132 0.1468
vn -0.5336 -0.7126 0.4556
vn -0.2135 -0.9176 0.3353
vn -0.5805 -0.7047 0.4080
vn 0.9852 0.0851 -0.1485
vn 0.9469 0.1490 -0.2850
vn 0.9714 0.0964 -0.2172
vn 0.8041 0.0278 -0.5939
vn 0.8503 -0.0566 -0.5232
vn 0.8460 -0.0869 -0.5261
vn 0.1100 -0.6715 -0.7328
vn 0.0414 -0.7215 -0.6912
vn 0.1718 -0.7769 -0.6057
vn 0.5402 0.8380 -0.0771
vn 0.5552 0.8267 -0.0909
vn 0.4655 0.8668 -0.1787
vn 0.7003 -0.6775 -0.2248
vn 0.5128 -0.8584 0.0144
vn 0.7154 -0.6852 -0.1366
vn -0.0468 -0.2334 0.9712
vn -0.1333 -0.3138 0.9401
vn -0.0702 -0.1969 0.9779
vn -0.8632 0.3703 0.3432
vn -0.9103 0.2758 0.3087
vn -0.8835 0.2608 0.3890
vn -0.3895 -0.6101 -0.6900
vn -0.1860 -0.8960 -0.4032
vn -0.1919 -0.8542 -0.4832
vn -0.9385 0.1455 -0.3132
vn -0.9544 0.1379 -0.2647
vn -0.9543 0.1882 -0.2321
vn -0.3840 0.8388 0.3860
vn -0.3631 0.8756 0.3186
vn -0.3700 0.8586 0.3549
vn 0.9224 -0.2901 0.2551
vn 0.9337 -0.3241 0.1521
vn 0.9579 -0.2614 0.1189
vn 0.0574 -0.1070 0.9926
vn 0.1107 -0.0883 0.9899
vn 0.0263 -0.1089 0.9937
vn -0.1857 0.1503 0.9710
vn -0.0568 0.0574 0.9967
vn -0.1242 0.1087 0.9863
vn -0.8233 0.2946 -0.4852
vn -0.8196 0.2685 -0.5061
vn -0.7721 0.2977 -0.5615
vn 0.5686 -0.2652 0.7787
vn 0.3609 0.8531 0.3768
vn 0.6154 0.0206 0.7880
vn 0.0852 -0.9360 -0.3414
vn 0.1477 -0.9361 -0.3193
vn 0.2116 -0.9021 -0.3761
vn 0.9552 -0.0452 0.2925
vn 0.9893 -0.0337 0.1418
vn 0.9797 -0.0251 0.1989
vn -0.9621 -0.2078 -0.1764
vn -0.9689 -0.1944 -0.1533
vn -0.9499 -0.2693 -0.1589
vn -0.3482 -0.7639 -0.5433
vn -0.3407 -0.9271 -0.1564
vn -0.3067 -0.5823 -0.7529
vn -0.4187 -0.6142 -0.6689
vn -0.2721 -0.6895 -0.6712
vn -0.1302 -0.7371 -0.6631
vn 0.3774 -0.1751 -0.9093
vn 0.4389 -0.1805 -0.8802
vn 0.3241 -0.1297 -0.9371
vn -0.7219 0.6708 -0.1701
vn -0.8066 0.5886 -0.0534
vn -0.6174 0.7561 0.2170
vn 0.9329 -0.2849 0.2202
vn 0.8761 -0.0841 0.4747
vn 0.9831 -0.0694 -0.1692
vn 0.0034 0.4636 0.8860
vn -0.0657 0.3809 0.9223
vn -0.0602 0.4020 0.9137
vn 0.1023 -0.0084 0.9947
vn 0.1560 0.1765 0.9719
vn -0.0953 0.1563 0.9831
vn 0.2813 0.3338 0.8997
vn 0.1158 0.3363 0.9346
vn 0.3684 0.3086 0.8769
vn 0.4827 0.0532 0.8742
vn 0.3257 0.0553 0.9439
vn 0.4905 0.0576 0.8695
vn -0.4747 -0.1785 0.8618
vn -0.5123 -0.0877 0.8543
vn -0.4721 -0.1974 0.8591
vn -0.5422 -0.1509 -0.8266
vn -0.4978 -0.2363 -0.8344
vn -0.6147 -0.2229 -0.7566
vn 0.4802 -0.0996 -0.8715
vn 0.4882 -0.0272 -0.8723
vn 0.4258 -0.0305 -0.9043
vn -0.9701 0.2249 -0.0913
vn -0.9742 0.2242 -0.0266
vn -0.9742 0.2151 -0.0680
vn -0.9702 0.2323 0.0690
vn -0.9752 0.2180 -0.0372
vn -0.9746 0.2241 0.0047
vn -0.1162 0.0083 -0.9932
vn -0.1076 -0.0066 -0.9942
vn -0.1068 -0.0099 -0.9942
vn 0.5623 -0.1991 0.8026
vn 0.6408 -0.1882 0.7442
vn 0.6453 -0.1213 0.7543
vn 0.1635 0.6331 -0.7566
vn 0.1312 0.6267 -0.7682
vn 0.1265 0.5933 -0.7950
vn -0.9809 -0.1871 -0.0536
vn -0.9742 -0.2243 -0.0264
vn -0.9729 -0.2313 -0.0013
vn 0.5454 -0.5668 0.6174
vn 0.1900 -0.9813 -0.0312
vn 0.2762 -0.8923 0.3572
vn 0.4471 -0.7645 -0.4644
vn 0.5155 -0.7649 -0.3862
vn 0.4872 -0.7703 -0.4114
vn -0.7021 -0.4073 0.5841
vn -0.8627 -0.3839 0.3291
vn -0.8622 -0.2602 0.4346
vn -0.7580 -0.4692 0.4531
vn -0.7786 -0.4660 0.4203
vn -0.7657 -0.5308 0.3632
vn 0.9882 -0.1361 -0.0705
vn 0.9794 -0.1493 -0.1361
vn 0.9906 -0.0844 -0.1077
vn 0.5469 0.7981 -0.2529
vn 0.6098 0.7740 -0.1704
vn 0.5477 0.8017 -0.2394
vn 0.8056 0.2532 -0.5356
vn 0.9117 0.2509 -0.3255
vn 0.8656 0.2601 -0.4280
vn 0.5614 0.1858 0.8064
vn 0.6241 0.1779 0.7608
vn 0.5469 0.1826 0.8170
vn -0.9900 -0.0124 -0.1407
vn -0.9994 0.0325 -0.0130
vn -0.9975 0.0143 -0.0699
vn -0.5393 -0.7226 -0.4324
vn -0.6442 -0.5444 -0.5372
vn -0.5248 -0.6627 -0.5343
vn 0.1425 -0.4144 -0.8989
vn 0.2083 -0.5403 -0.8153
vn 0.3742 -0.4211 -0.8263
vn 0.8589 -0.2973 -0.4170
vn 0.8851 -0.2990 -0.3566
vn 0.8882 -0.2555 -0.3818
vn 0.7798 -0.3708 -0.5044
vn 0.8160 -0.2860 -0.5023
vn 0.8119 -0.3372 -0.4766
vn -0.8164 -0.5745 -0.0592
vn -0.8086 -0.5620 -0.1740
vn -0.8244 -0.5629 -0.0600
vn 0.1821 0.3348 0.9245
vn -0.0389 -0.0261 0.9989
vn 0.1196 0.1999 0.9725
vn -0.5171 -0.0066 0.8559
vn -0.5273 -0.0071 0.8497
vn -0.5007 0.0045 0.8656
vn 0.7072 -0.6268 0.3270
vn 0.8989 -0.3240 0.2949
vn 0.7963 -0.5993 0.0820
vn 0.0597 -0.1983 0.9783
vn 0.1004 -0.2276 0.9686
vn 0.0785 -0.1388 0.9872
vn 0.2148 -0.0054 0.9766
vn 0.2948 0.0040 0.9555
vn 0.3258 0.0311 0.9449
vn -0.4805 -0.3318 0.8118
vn -0.4422 -0.3969 0.8043
vn -0.4765 -0.3493 0.8068
vn -0.2927 -0.5011 0.8144
vn -0.3325 -0.5170 0.7888
vn -0.3465 -0.4897 0.8001
vn -0.0085 0.8960 0.4439
vn 0.0177 0.9410 0.3379
vn 0.0860 0.9170 0.3896
vn 0.9035 0.3747 0.2082
vn 0.8359 0.5086 0.2063
vn 0.9039 0.4022 0.1458
vn 0.8789 0.1834 -0.4404
vn 0.8700 0.0992 -0.4829
vn 0.9041 0.1904 -0.3825
vn 0.8319 0.2044 -0.5159
vn 0.7990 0.2642 -0.5401
vn 0.7704 0.2553 -0.5842
vn 0.3474 0.1456 -0.9263
vn 0.3760 0.0978 -0.9214
vn 0.3253 0.1601 -0.9320
vn -0.2579 -0.3817 0.8876
vn -0.2204 -0.4123 0.8840
vn -0.3056 -0.4620 0.8325
vn 0.4752 -0.7093 -0.5206
vn 0.6398 -0.5679 -0.5178
vn 0.5410 -0.6058 -0.5834
vn 0.6668 0.7431 0.0552
vn 0.4024 0.9076 0.1199
vn 0.4291 0.9027 0.0314
vn -0.9504 -0.0095 0.3108
vn -0.9308 0.0156 0.3652
vn -0.9140 -0.0568 0.4018
vn -0.4992 0.6522 -0.5704
vn -0.5291 0.6812 -0.5061
vn -0.5177 0.6955 -0.4982
vn 0.9983 0.0412 -0.0406
vn 0.9820 -0.0579 -0.1796
vn 0.9912 0.1325 0.0026
vn 0.6222 0.7826 0.0192
vn 0.6975 0.7119 0.0818
vn 0.9281 0.3387 0.1549
vn 0.0654 0.2893 -0.9550
vn 0.0484 0.2747 -0.9603
vn -0.0175 0.2966 -0.9548
vn 0.5914 -0.4015 -0.6993
vn 0.5660 -0.3979 -0.7220
vn 0.6515 -0.5253 -0.5473
vn 0.2157 -0.8900 -0.4017
vn 0.2531 -0.8322 -0.4933
vn 0.1656 -0.9131 -0.3725
vn -0.2137 -0.5049 -0.8363
vn -0.3116 -0.4751 -0.8230
vn -0.2593 -0.5481 -0.7952
vn -0.3811 0.4453 0.8102
vn -0.5553 0.4091 0.7241
vn -0.3319 0.6144 0.7158
vn 0.2033 0.8835 0.4220
vn 0.2017 0.9138 0.3524
vn 0.1777 0.9363 0.3029
vn -0.0960 0.9091 0.4052
vn -0.0410 0.8801 0.4730
vn 0.0241 0.8886 0.4581
vn 0.3641 -0.6544 0.6628
vn 0.3487 -0.6387 0.6860
vn 0.3865 -0.6349 0.6690
vn 0.8913 -0.3195 -0.3216
vn 0.8660 -0.3218 -0.3826
vn 0.8631 -0.3325 -0.3802
vn 0.6536 -0.2247 -0.7227
vn 0.6903 -0.3502 -0.6331
vn 0.7723 -0.1997 -0.6031
vn 0.1131 -0.1562 0.9812
vn 0.2049 -0.2306 0.9512
vn 0.2448 -0.1659 0.9553
vn 0.3705 0.4354 -0.8205
vn 0.4303 0.2675 -0.8622
vn 0.3590 0.3648 -0.8591
vn -0.9793 0.1138 0.1675
vn -0.9864 0.1372 0.0900
vn -0.9861 0.1320 0.1008
vn -0.9560 0.2923 -0.0226
vn -0.9243 0.3816 -0.0039
vn -0.9481 0.3159 0.0356
vn -0.8945 0.4133 -0.1708
vn -0.8932 0.4326 -0.1227
vn -0.8543 0.4927 -0.1656
vn -0.0220 0.3070 0.9514
vn -0.0136 0.3006 0.9537
vn -0.0045 0.3277 0.9448
vn -0.4062 0.7172 -0.5662
vn -0.3930 0.4961 -0.7742
vn -0.3548 0.6579 -0.6643
vn -0.7513 0.0100 -0.6598
vn -0.7822 -0.0143 -0.6229
vn -0.7068 0.0035 -0.7074
vn 0.4804 -0.7616 0.4350
vn 0.3241 -0.8111 0.4869
vn 0.3987 -0.7898 0.4661
vn 0.8526 0.1868 0.4881
vn 0.9919 -0.0953 0.0840
vn 0.9310 0.0573 0.3605
vn -0.4848 0.2578 0.8358
vn -0.4709 0.1697 0.8657
vn -0.6571 0.1638 0.7358
vn -0.7586 0.1711 0.6287
vn -0.6434 0.0929 0.7598
vn -0.6495 0.0627 0.7578
vn -0.0088 -0.7998 0.6002
vn 0.0168 -0.9257 0.3778
vn -0.0391 -0.7663 0.6413
vn -0.0776 -0.6590 -0.7482
vn -0.0498 -0.4270 -0.9029
vn -0.0336 -0.4822 -0.8754
vn 0.3766 -0.0968 0.9213
vn 0.2769 -0.1430 0.9502
vn 0.4195 -0.0900 0.9033
vn -0.0473 -0.5550 -0.8305
vn -0.2517 -0.5150 -0.8194
vn -0.2646 -0.5237 -0.8097
vn 0.2260 0.9632 0.1457
vn 0.1232 0.9752 0.1837
vn 0.3407 0.9354 0.0945
vn 0.5424 -0.0104 -0.8401
vn 0.5167 0.0011 -0.8562
vn 0.5336 0.1036 -0.8394
vn 0.1911 -0.6378 -0.7462
vn 0.1957 -0.5062 -0.8399
vn 0.1055 -0.5994 -0.7934
vn -0.5586 -0.3959 0.7288
vn -0.5138 -0.4122 0.7524
vn -0.5378 -0.4456 0.7157
vn 0.6675 0.4733 0.5748
vn 0.9077 0.4143 0.0671
vn 0.8945 0.3580 0.2677
vn 0.2625 -0.6280 -0.7326
vn -0.2812 -0.9596 -0.0130
vn -0.1550 -0.9220 -0.3549
vn -0.9920 -0.0142 -0.1251
vn -0.9982 -0.0430 -0.0419
vn -0.9952 -0.0977 0.0011
vn -0.6663 0.3765 0.6437
vn -0.6235 0.3424 0.7029
vn -0.6495 0.2209 0.7276
vn 0.7337 0.1976 0.6501
vn 0.7747 0.2274 0.5900
vn 0.7500 0.2750 0.6016
vn -0.8938 0.0773 -0.4418
vn -0.8897 0.0493 -0.4539
vn -0.9460 -0.0525 -0.3200
vn -0.9680 -0.0233 -0.2500
vn -0.9294 0.1236 -0.3477
vn -0.9736 -0.0105 -0.2282
vn 0.6744 -0.1017 -0.7314
vn 0.8012 -0.2136 -0.5590
vn 0.7170 -0.2039 -0.6666
vn -0.1311 -0.9851 0.1109
vn 0.2281 -0.8761 -0.4248
vn 0.1117 -0.8762 -0.4687
vn -0.0059 -0.5937 -0.8046
vn -0.0783 -0.6122 -0.7868
vn -0.0179 -0.3693 -0.9291
vn -0.5114 0.8507 0.1216
vn -0.4672 0.8841 0.0047
vn -0.4673 0.8734 0.1370
vn 0.9402 0.2124 0.2663
vn 0.5516 -0.4493 0.7027
vn 0.8085 -0.2301 0.5416
vn -0.2004 -0.4777 -0.8554
vn 0.0167 -0.5387 -0.8424
vn 0.1327 -0.6444 -0.7531
vn -0.3435 0.3300 0.8793
vn -0.3418 0.2891 0.8942
vn -0.3662 0.3110 0.8771
vn -0.8417 -0.5394 -0.0254
vn -0.7907 -0.5878 0.1709
vn -0.6060 -0.7378 0.2973
vn -0.9474 0.1530 -0.2810
vn -0.9525 0.1252 -0.2777
vn -0.9594 0.0601 -0.2754
vn -0.4037 -0.1103 0.9082
vn -0.4781 -0.1044 0.8721
vn -0.4767 -0.0811 0.8753
vn -0.9471 0.3123 -0.0739
vn -0.9615 0.2302 -0.1503
vn -0.9955 0.0828 0.0457
vn -0.8757 0.1498 -0.4590
vn -0.8117 0.1439 -0.5660
vn -0.7712 0.1600 -0.6161
vn 0.2728 0.9338 0.2315
vn 0.2180 0.9431 0.2511
vn 0.2117 0.9652 0.1532
vn -0.7194 -0.3014 0.6258
vn -0.9526 -0.2234 0.2066
vn -0.8806 -0.2651 0.3929
vn -0.7539 0.1821 0.6312
vn -0.5729 0.2597 0.7774
vn -0.6431 0.1971 0.7400
vn -0.8425 0.5075 -0.1807
vn -0.8376 0.5104 -0.1946
vn -0.8950 0.4338 -0.1038
vn 0.7839 -0.4623 0.4145
vn 0.7202 -0.4879 0.4933
vn 0.7630 -0.4495 0.4645
vn -0.2358 -0.6590 0.7143
vn -0.2833 -0.6111 0.7392
vn -0.2839 -0.7370 0.6133
vn -0.6822 0.2717 -0.6788
vn -0.7458 0.2199 -0.6288
vn -0.7009 0.1669 -0.6935
vn 0.4545 -0.6461 -0.6131
vn 0.3615 -0.6474 -0.6709
vn 0.4730 -0.6303 -0.6157
vn -0.9861 -0.0133 -0.1656
vn -0.9843 0.0027 -0.1766
vn -0.9859 -0.0788 -0.1474
vn 0.8751 0.0130 0.4837
vn 0.8993 -0.0832 0.4294
vn 0.9453 -0.0161 0.3259
vn 0.3486 -0.0730 0.9344
vn 0.4087 -0.1333 0.9029
vn 0.3054 -0.2145 0.9278
vn -0.7234 0.1042 0.6825
vn -0.6963 0.0611 0.7151
vn -0.8594 0.0144 0.5110
vn 0.7277 0.3051 0.6143
vn 0.6515 0.3285 0.6838
vn 0.7763 0.2948 0.5572
vn -0.6487 0.4064 -0.6434
vn -0.5526 0.3611 -0.7511
vn -0.6597 0.3966 -0.6383
vn 0.1106 0.5538 -0.8253
vn 0.1721 0.6242 -0.7621
vn 0.0961 0.6066 -0.7891
vn 0.9960 0.0332 0.0832
vn 0.9871 0.0564 0.1499
vn 0.9996 0.0285 0.0018
vn -0.1450 -0.6001 0.7867
vn -0.5038 -0.6621 0.5548
vn -0.1677 -0.6444 0.7461
vn 0.2746 -0.1672 0.9469
vn 0.1448 -0.5365 0.8314
vn 0.4146 -0.2930 0.8615
vn 0.0460 0.9278 -0.3701
vn -0.1415 0.7902 -0.5963
vn -0.0838 0.9176 -0.3886
vn 0.0044 -0.5999 -0.8001
vn 0.4012 -0.6931 -0.5989
vn 0.4946 -0.6303 -0.5983
vn 0.3703 -0.4941 -0.7866
vn 0.4149 -0.2695 -0.8691
vn 0.3420 -0.4766 -0.8099
vn -0.6212 -0.3919 -0.6786
vn -0.6498 -0.3485 -0.6755
vn -0.6589 -0.3925 -0.6417
vn 0.3394 -0.5611 0.7550
vn 0.2838 -0.5812 0.7627
vn 0.3762 -0.5461 0.7485
vn -0.0376 -0.9993 0.0006
vn -0.3057 -0.9493 -0.0733
vn 0.2413 -0.9684 0.0639
vn 0.0813 -0.9964 -0.0260
vn 0.2611 -0.9288 -0.2628
vn -0.4856 -0.8024 0.3469
vn -0.8197 0.2952 -0.4909
vn -0.8378 0.3312 -0.4341
vn -0.8367 0.3294 -0.4376
vn 0.6590 -0.2660 0.7035
vn 0.6451 -0.3388 0.6849
vn 0.6816 -0.3278 0.6542
vn -0.3649 -0.1183 -0.9235
vn -0.4028 -0.1523 -0.9025
vn -0.4067 -0.1927 -0.8930
vn -0.8084 -0.2319 -0.5410
vn -0.8434 -0.2565 -0.4722
vn -0.6526 -0.2104 -0.7279
vn -0.0168 0.2191 -0.9756
vn 0.0276 0.2107 -0.9772
vn -0.0888 0.2261 -0.9701
vn 0.8146 -0.5762 -0.0659
vn 0.7537 -0.4729 -0.4565
vn 0.8279 -0.5102 -0.2331
vn 0.7966 0.3285 -0.5074
vn 0.7857 0.2869 -0.5480
vn 0.8092 0.3143 -0.4965
vn -0.0675 -0.2847 -0.9563
vn -0.3334 -0.5952 -0.7312
vn -0.3880 -0.4031 -0.8288
vn 0.0006 -0.4107 -0.9118
vn -0.4179 -0.8211 -0.3889
vn -0.2110 -0.5664 -0.7966
vn -0.9195 -0.1347 -0.3693
vn -0.9364 0.1069 -0.3343
vn -0.9799 -0.0284 -0.1976
vn -0.6819 -0.0968 0.7251
vn -0.6737 0.0367 0.7381
vn -0.5356 0.0544 0.8427
vn -0.3754 -0.8963 0.2361
vn -0.2699 -0.9215 0.2793
vn -0.3793 -0.9143 0.1419
vn 0.3892 -0.0916 0.9166
vn 0.3581 -0.0882 0.9295
vn 0.2300 -0.1187 0.9659
vn -0.9854 0.1680 0.0269
vn -0.8144 0.4893 0.3119
vn -0.9902 0.0383 0.1339
vn -0.9972 -0.0160 -0.0735
vn -0.9981 0.0031 -0.0620
vn -0.9956 0.0327 -0.0876
vn -0.4068 0.1697 -0.8976
vn -0.4098 0.1888 -0.8924
vn -0.4393 0.1737 -0.8814
vn -0.1396 -0.0706 0.9877
vn 0.0096 -0.5159 0.8566
vn -0.2302 -0.2146 0.9492
vn -0.2896 -0.8862 -0.3615
vn -0.4296 -0.8816 -0.1955
vn -0.2922 -0.9171 -0.2713
vn 0.5211 0.1322 -0.8432
vn 0.4194 0.6135 -0.6691
vn 0.6044 0.2219 -0.7652
vn 0.2532 -0.8059 0.5351
vn -0.0591 -0.9982 -0.0028
vn 0.1202 -0.9924 -0.0245
vn 0.3658 0.0348 0.9300
vn 0.2859 0.0454 0.9572
vn 0.2396 0.1116 0.9644
vn -0.8355 -0.5411 0.0959
vn -0.5398 -0.6029 -0.5875
vn -0.8693 -0.4928 0.0383
vn 0.3358 -0.2167 -0.9167
vn 0.1157 -0.0634 -0.9913
vn 0.4593 -0.1730 -0.8713
vn 0.9626 -0.0995 -0.2521
vn 0.6984 0.1387 -0.7021
vn 0.8240 0.0018 -0.5666
vn -0.7618 -0.3908 -0.5167
vn -0.7565 -0.4065 -0.5123
vn -0.7577 -0.3674 -0.5394
vn 0.2378 0.3980 -0.8860
vn 0.2662 0.3628 -0.8931
vn 0.2850 0.4634 -0.8391
vn 0.9999 0.0145 0.0002
vn 0.9768 0.1286 -0.1710
vn 0.9978 -0.0583 0.0325
vn 0.7889 -0.4106 -0.4572
vn 0.8526 -0.3312 -0.4042
vn 0.8381 -0.3400 -0.4267
vn 0.9569 0.0218 0.2895
vn 0.9658 0.0521 0.2541
vn 0.9791 -0.0176 0.2027
vn 0.1968 -0.5942 0.7798
vn 0.2335 -0.5826 0.7785
vn 0.1726 -0.4994 0.8490
vn -0.5790 -0.2662 0.7707
vn -0.4081 -0.2719 0.8715
vn -0.3233 -0.2571 0.9107
vn -0.0076 -0.9917 -0.1287
vn -0.3413 -0.8573 -0.3855
vn -0.3207 -0.8445 -0.4289
vn -0.8594 0.0775 0.5054
vn -0.8902 -0.0149 0.4553
vn -0.8279 0.0256 0.5603
vn -0.6201 0.7655 -0.1717
vn -0.6337 0.7487 -0.1944
vn -0.6595 0.7267 -0.1924
vn -0.9863 0.1617 -0.0322
vn -0.9873 0.1580 0.0154
vn -0.9881 0.1504 -0.0319
vn -0.9843 -0.0816 0.1566
vn -0.9728 -0.0709 0.2204
vn -0.9848 -0.0576 0.1640
vn -0.4328 -0.7987 -0.4180
vn -0.2784 -0.8375 -0.4703
vn -0.3310 -0.7699 -0.5457
vn -0.4169 -0.0446 -0.9079
vn -0.1718 -0.0270 -0.9848
vn -0.2226 -0.0617 -0.9730
vn -0.4920 -0.4653 -0.7359
vn -0.4215 -0.4006 -0.8136
vn -0.3661 -0.3793 -0.8497
vn 0.6965 -0.6917 -0.1910
vn 0.7863 -0.4884 -0.3783
vn 0.6564 -0.7148 -0.2414
vn 0.0288 0.0689 0.9972
vn 0.0344 0.0356 0.9988
vn 0.1391 -0.0440 0.9893
vn -0.7534 -0.5617 0.3419
vn -0.6513 -0.5724 0.4981
vn -0.7988 -0.0360 0.6005
vn 0.9568 -0.0026 0.2908
vn 0.9954 0.0649 0.0703
vn 0.9990 0.0381 0.0237
vn -0.1960 -0.9143 0.3544
vn -0.4264 -0.9044 -0.0148
vn -0.4861 -0.8732 0.0338
vn 0.7098 -0.2321 0.6650
vn 0.7154 -0.4770 0.5106
vn 0.5761 -0.1649 0.8006
vn 0.3646 -0.1697 0.9156
vn 0.4102 -0.0583 0.9101
vn 0.4162 -0.0206 0.9090
vn 0.3817 -0.8476 -0.3686
vn 0.3717 -0.8364 -0.4029
vn 0.3348 -0.8552 -0.3957
vn -0.0238 0.1113 -0.9935
vn 0.0408 0.1056 -0.9936
vn -0.0950 0.1617 -0.9823
vn 0.7567 0.1890 -0.6258
vn 0.8036 0.1702 -0.5704
vn 0.7347 0.1514 -0.6612
vn 0.4965 0.0499 -0.8666
vn 0.2417 0.0568 -0.9687
vn 0.4002 0.0526 -0.9149
vn -0.8747 -0.4827 0.0441
vn -0.9397 -0.0597 0.3368
vn -0.6717 -0.2315 0.7038
vn 0.5453 -0.0132 -0.8381
vn 0.4803 -0.0125 -0.8770
vn 0.4400 0.0034 -0.8980
vn -0.4899 0.5859 -0.6455
vn -0.4747 0.5951 -0.6485
vn -0.3043 0.4952 -0.8138
vn -0.9724 0.2315 -0.0278
vn -0.9855 0.1687 0.0209
vn -0.9666 0.2559 0.0169
vn -0.3222 -0.8154 -0.4810
vn -0.5611 -0.4305 -0.7070
vn -0.2497 -0.8504 -0.4632
vn 0.2612 -0.9653 -0.0001
vn 0.1516 -0.8876 -0.4349
vn 0.4698 -0.8388 -0.2751
vn -0.1532 -0.5224 0.8388
vn -0.1582 -0.5648 0.8099
vn -0.0978 -0.5333 0.8403
vn -0.6579 -0.3317 0.6761
vn -0.4233 -0.1824 0.8874
vn -0.6690 -0.2886 0.6850
vn -0.3657 -0.9291 0.0554
vn -0.4246 -0.9054 0.0015
vn -0.4652 -0.8835 0.0556
vn 0.4559 0.2197 -0.8625
vn 0.6231 0.1285 -0.7715
vn 0.5750 0.2110 -0.7905
vn -0.7005 0.0660 0.7105
vn -0.6578 0.0502 0.7515
vn -0.7509 0.0834 0.6552
vn 0.9470 0.2744 0.1672
vn 0.9633 0.1895 0.1903
vn 0.9710 0.2180 0.0981
vn 0.9802 0.0966 0.1728
vn 0.9733 -0.0235 0.2285
vn 0.9819 0.0443 0.1842
vn -0.7717 -0.2535 -0.5834
vn -0.6682 -0.0240 -0.7436
vn -0.6563 -0.2404 -0.7152
vn 0.6080 0.1059 -0.7868
vn 0.3897 0.2973 -0.8717
vn 0.2393 0.2417 -0.9404
vn 0.0828 -0.9486 0.3054
vn 0.1209 -0.9448 0.3045
vn -0.0177 -0.9788 0.2039
vn -0.2840 0.8704 -0.4022
vn -0.3517 0.8174 -0.4562
vn -0.4577 0.8120 -0.3623
vn -0.1896 0.7868 -0.5874
vn -0.2000 0.7790 -0.5943
vn -0.2149 0.7124 -0.6680
vn -0.9605 -0.2573 0.1056
vn -0.8541 -0.4762 0.2093
vn -0.9573 -0.1777 0.2281
vn -0.7857 0.2251 0.5763
vn -0.7912 0.1425 0.5947
vn -0.8491 0.1065 0.5173
vn -0.7627 -0.0240 0.6463
vn -0.7948 0.0069 0.6068
vn -0.8005 0.0243 0.5989
vn -0.5660 -0.8054 -0.1758
vn -0.5514 -0.8340 -0.0208
vn -0.2816 -0.8218 -0.4953
vn -0.8232 -0.2776 0.4952
vn -0.5451 -0.2245 0.8077
vn -0.5976 -0.1785 0.7817
vn -0.1981 -0.0655 -0.9780
vn -0.1732 0.0341 -0.9843
vn -0.3329 0.0706 -0.9403
vn 0.4986 0.4133 0.7619
vn 0.2080 0.1690 0.9634
vn 0.3124 0.3943 0.8642
vn 0.2978 -0.1394 -0.9444
vn 0.3358 -0.0744 -0.9390
vn 0.3772 -0.1409 -0.9154
vn -0.4799 0.1298 0.8677
vn -0.4168 0.3650 0.8325
vn -0.3816 0.3421 0.8587
vn -0.5826 0.2222 0.7818
vn -0.4653 0.4368 0.7699
vn -0.5869 0.3768 0.7167
vn -0.5127 0.8541 -0.0874
vn -0.6170 0.7732 -0.1466
vn -0.6111 0.7445 -0.2686
vn -0.0445 0.2934 0.9550
vn -0.0117 0.3261 0.9453
vn 0.0470 0.3120 0.9489
vn 0.0175 -0.1638 -0.9863
vn 0.0096 -0.1836 -0.9830
vn 0.0472 -0.1702 -0.9843
vn 0.7129 0.4238 0.5586
vn 0.6978 0.4961 0.5166
vn 0.6158 0.5113 0.5994
vn -0.6188 0.7119 0.3322
vn -0.7003 0.4271 0.5720
vn -0.4737 0.7900 0.3892
vn 0.8824 -0.0190 0.4701
vn 0.8505 -0.1120 0.5140
vn 0.8420 -0.1558 0.5165
vn -0.9490 -0.1857 -0.2547
vn -0.9548 -0.2029 -0.2173
vn -0.9390 -0.1891 -0.2873
vn -0.3519 0.0147 -0.9359
vn -0.3697 0.0046 -0.9292
vn -0.3720 0.0175 -0.9281
vn -0.3823 0.0122 0.9240
vn -0.2629 0.2098 0.9418
vn -0.3079 0.1930 0.9316
vn 0.9867 0.1344 0.0910
vn 0.9728 0.0036 0.2316
vn 0.9753 0.1203 0.1855
vn -0.5993 0.0311 0.7999
vn -0.6214 0.0634 0.7809
vn -0.6042 -0.0020 0.7969
vn 0.2355 -0.9591 -0.1571
vn 0.7750 -0.6319 0.0028
vn 0.7876 -0.6155 -0.0276
vn 0.7786 -0.3019 -0.5501
vn 0.7838 -0.3117 -0.5372
vn 0.7958 -0.2992 -0.5265
vn 0.8904 -0.1739 -0.4206
vn 0.8747 -0.0554 -0.4814
vn 0.8833 -0.0939 -0.4592
vn 0.8835 -0.0039 -0.4685
vn 0.9782 0.0771 -0.1926
vn 0.9469 0.1728 -0.2711
vn 0.4922 0.1223 0.8619
vn 0.6409 0.2786 0.7153
vn 0.4673 0.2542 0.8468
vn 0.7489 -0.0127 -0.6626
vn 0.7258 0.0370 -0.6869
vn 0.7511 0.0653 -0.6569
vn 0.8383 0.1769 -0.5158
vn 0.8422 0.1548 -0.5164
vn 0.8270 0.1523 -0.5412
vn -0.6757 -0.0659 -0.7342
vn -0.6292 -0.1224 -0.7675
vn -0.5436 -0.1427 -0.8271
vn 0.1446 -0.9465 -0.2883
vn -0.1017 -0.9859 -0.1332
vn 0.1953 -0.9807 -0.0052
vn -0.0437 -0.0213 0.9988
vn -0.0350 -0.0060 0.9994
vn -0.0380 -0.0084 0.9992
vn -0.2750 0.4693 0.8391
vn -0.0244 0.4065 0.9133
vn -0.0595 0.3988 0.9151
vn -0.2059 -0.9194 0.3351
vn -0.0562 -0.9976 0.0415
vn 0.0268 -0.9959 -0.0862
vn 0.3364 -0.3675 -0.8670
vn 0.3559 -0.3506 -0.8663
vn 0.3814 -0.3805 -0.8425
vn -0.7366 -0.0710 0.6726
vn -0.9470 -0.1483 0.2851
vn -0.8948 -0.1032 0.4344
vn 0.9766 -0.0283 -0.2130
vn 0.9744 -0.0228 -0.2238
vn 0.9406 -0.0164 -0.3390
vn 0.7950 -0.5013 -0.3416
vn 0.8074 -0.4535 -0.3774
vn 0.6912 -0.5359 -0.4848
vn -0.8514 0.4479 -0.2731
vn -0.8639 0.4613 -0.2024
vn -0.8780 0.4007 -0.2618
vn 0.0518 0.2924 -0.9549
vn 0.0999 0.2703 -0.9576
vn 0.1651 0.2140 -0.9628
vn -0.0759 -0.4341 0.8977
vn 0.1225 -0.4679 0.8752
vn 0.0909 -0.3391 0.9364
vn -0.8640 0.1653 -0.4756
vn -0.8467 0.2516 -0.4689
vn -0.8809 0.1836 -0.4362
vn 0.1216 -0.2876 0.9500
vn 0.2668 -0.3093 0.9128
vn 0.2339 -0.2663 0.9351
vn -0.4711 0.6094 0.6377
vn -0.4580 0.7569 0.4661
vn -0.7768 0.5304 0.3394
vn 0.2825 -0.7339 -0.6177
vn 0.1909 -0.5792 -0.7925
vn 0.2773 -0.6808 -0.6780
vn 0.6933 -0.3359 -0.6376
vn 0.7493 -0.4071 -0.5223
vn 0.7037 -0.4394 -0.5583
vn -0.2855 0.1078 0.9523
vn -0.3048 0.0734 0.9496
vn -0.2627 0.1043 0.9592
vn 0.5738 -0.5206 0.6323
vn 0.5402 -0.5001 0.6768
vn 0.5864 -0.5306 0.6120
vn -0.7565 0.0947 -0.6471
vn -0.8423 0.2715 -0.4657
vn -0.7560 0.1114 -0.6450
vn 0.1699 0.8655 0.4713
vn 0.2186 0.8666 0.4485
vn 0.1602 0.8917 0.4233
vn -0.1578 0.8528 -0.4978
vn -0.1254 0.8849 -0.4486
vn -0.1736 0.8412 -0.5121
vn -0.6733 -0.4149 0.6120
vn -0.8390 0.0973 0.5354
vn -0.6216 -0.2074 0.7554
vn 0.5676 -0.2564 0.7824
vn 0.5443 -0.2243 0.8084
vn 0.6042 -0.2611 0.7529
vn -0.4093 0.0060 -0.9124
vn -0.3639 0.0381 -0.9306
vn -0.3650 -0.0380 -0.9302
vn 0.7971 0.1043 0.5947
vn 0.7513 0.3836 0.5371
vn 0.8796 0.1414 0.4542
vt 0.525347 0.649847
vt 0.517184 0.651651
vt 0.520204 0.622023
vt 0.338824 0.849734
vt 0.356226 0.847357
vt 0.359794 0.855212
vt 0.352878 0.768138
vt 0.372864 0.764498
vt 0.361858 0.783063
vt 0.007228 0.558415
vt 0.019093 0.567280
vt 0.004461 0.567537
vt 0.929822 0.653723
vt 0.924283 0.625525
vt 0.933625 0.639444
vt 0.937950 0.662981
vt 0.937568 0.684739
vt 0.930811 0.668532
vt 0.300711 0.492213
vt 0.277599 0.500842
vt 0.256404 0.492082
vt 0.869529 0.830937
vt 0.885735 0.798259
vt 0.875727 0.834733
vt 0.316285 0.023968
vt 0.314492 0.018443
vt 0.323814 0.018694
vt 0.768231 0.788440
vt 0.729369 0.788109
vt 0.747560 0.773130
vt 0.309178 0.018739
vt 0.768621 0.221654
vt 0.763134 0.228752
vt 0.735032 0.216687
vt 0.928864 0.928281
vt 0.916859 0.922907
vt 0.935974 0.919930
vt 0.848798 0.916086
vt 0.840209 0.910778
vt 0.845041 0.904060
vt 0.731914 0.492876
vt 0.739171 0.477157
vt 0.746944 0.503382
vt 0.168407 0.122587
vt 0.174290 0.121350
vt 0.174333 0.121621
vt 0.174149 0.121767
vt 0.767958 0.567067
vt 0.765938 0.569801
vt 0.761991 0.562568
vt 0.436359 0.974896
vt 0.438703 0.970052
vt 0.460130 0.969640
vt 0.412181 0.062095
vt 0.416611 0.066696
vt 0.410611 0.077663
vt 0.529176 0.673582
vt 0.292882 0.557847
vt 0.297001 0.601607
vt 0.289836 0.570362
vt 0.875138 0.372557
vt 0.884711 0.374217
vt 0.879692 0.376037
vt 0.211681 0.071526
vt 0.215059 0.069901
vt 0.233929 0.069746
vt 0.835411 0.923083
vt 0.849111 0.925793
vt 0.833805 0.905960
vt 0.837839 0.893869
vt 0.847325 0.891698
vt 0.975227 0.318855
vt 0.978184 0.286448
vt 0.981977 0.306182
vt 0.881793 0.039007
vt 0.880973 0.021867
vt 0.884523 0.024049
vt 0.176233 0.118564
vt 0.253773 0.945887
vt 0.241455 0.931494
vt 0.270467 0.925780
vt 0.516375 0.618234
vt 0.516741 0.607037
vt 0.479336 0.906428
vt 0.513480 0.913405
vt 0.487389 0.922749
vt 0.395259 0.741217
vt 0.425244 0.743142
vt 0.410575 0.762223
vt 0.424088 0.277209
vt 0.414019 0.263873
vt 0.451922 0.256200
vt 0.282029 0.824342
vt 0.289623 0.810302
vt 0.321170 0.824189
vt 0.312471 0.693981
vt 0.337457 0.708086
vt 0.298134 0.701536
vt 0.892828 0.540237
vt 0.867819 0.519603
vt 0.895814 0.521493
vt 0.759818 0.540519
vt 0.749103 0.529976
vt 0.755287 0.525061
vt 0.190183 0.206557
vt 0.201528 0.211099
vt 0.202108 0.217306
vt 0.643093 0.665607
vt 0.643211 0.642001
vt 0.655880 0.662122
vt 0.528634 0.727873
vt 0.539524 0.746837
vt 0.524779 0.755145
vt 0.063164 0.698022
vt 0.078157 0.697052
vt 0.077307 0.703907
vt 0.099593 0.218302
vt 0.082733 0.210520
vt 0.103998 0.198222
vt 0.306190 0.589379
vt 0.304966 0.562023
vt 0.310203 0.565389
vt 0.124028 0.648830
vt 0.103893 0.633413
vt 0.126902 0.624167
vt 0.840647 0.806564
vt 0.839558 0.831040
vt 0.829452 0.791905
vt 0.117244 0.390599
vt 0.117688 0.419269
vt 0.110544 0.398407
vt 0.700324 0.500470
vt 0.697414 0.477365
vt 0.707605 0.494740
vt 0.431015 0.876014
vt 0.444706 0.888328
vt 0.442971 0.896984
vt 0.307032 0.172862
vt 0.269845 0.175664
vt 0.267697 0.171849
vt 0.449449 0.308325
vt 0.432715 0.293119
vt 0.445965 0.283034
vt 0.847596 0.540090
vt 0.858787 0.555783
vt 0.850661 0.575093
vt 0.960298 0.295743
vt 0.956717 0.315480
vt 0.954096 0.296668
vt 0.619249 0.540394
vt 0.639563 0.531260
vt 0.633623 0.563317
vt 0.345324 0.364614
vt 0.345935 0.343058
vt 0.360038 0.359148
vt 0.283956 0.343268
vt 0.302348 0.354336
vt 0.293523 0.367390
vt 0.540298 0.119222
vt 0.550706 0.115124
vt 0.556308 0.124757
vt 0.461314 0.242395
vt 0.474504 0.243867
vt 0.050050 0.082603
vt 0.049200 0.107514
vt 0.041577 0.105640
vt 0.644049 0.350101
vt 0.658777 0.357682
vt 0.645088 0.370826
vt 0.544653 0.649214
vt 0.555633 0.628261
vt 0.550613 0.651896
vt 0.086795 0.877959
vt 0.083450 0.861509
vt 0.089572 0.859416
vt 0.316270 0.297028
vt 0.319327 0.303569
vt 0.285130 0.297140
vt 0.272799 0.589612
vt 0.269612 0.547371
vt 0.274371 0.543164
vt 0.453222 0.975245
vt 0.172445 0.203248
vt 0.168852 0.213750
vt 0.161076 0.201596
vt 0.891422 0.185972
vt 0.868858 0.200938
vt 0.870695 0.181145
vt 0.476745 0.971106
vt 0.472787 0.973408
vt 0.289889 0.038001
vt 0.274067 0.038481
vt 0.292753 0.032700
vt 0.982616 0.878482
vt 0.985892 0.911309
vt 0.967678 0.883959
vt 0.481896 0.943492
vt 0.447471 0.951395
vt 0.434902 0.930199
vt 0.354050 0.314984
vt 0.334477 0.317742
vt 0.362608 0.309596
vt 0.211482 0.564485
vt 0.212211 0.554698
vt 0.220273 0.558446
vt 0.259036 0.382979
vt 0.250495 0.384915
vt 0.243080 0.371918
vt 0.207657 0.389669
vt 0.183179 0.383360
vt 0.218498 0.379954
vt 0.495166 0.557091
vt 0.485739 0.561410
vt 0.474934 0.523014
vt 0.639800 0.472901
vt 0.644549 0.500341
vt 0.633358 0.474109
vt 0.146018 0.298739
vt 0.140118 0.285382
vt 0.149321 0.268482
vt 0.241648 0.072583
vt 0.245155 0.069501
vt 0.257753 0.071863
vt 0.868741 0.883696
vt 0.882007 0.877398
vt 0.875481 0.896322
vt 0.043814 0.985440
vt 0.068107 0.993262
vt 0.043052 0.996264
vt 0.466699 0.122533
vt 0.481791 0.114764
vt 0.486852 0.122186
vt 0.134165 0.932285
vt 0.129881 0.906129
vt 0.140557 0.927328
vt 0.708959 0.473780
vt 0.524473 0.935789
vt 0.531209 0.920661
vt 0.534139 0.943096
vt 0.074619 0.474074
vt 0.047158 0.474074
vt 0.065149 0.472158
vt 0.221076 0.915561
vt 0.264730 0.919598
vt 0.216366 0.924452
vt 0.080113 0.902808
vt 0.081151 0.883282
vt 0.097087 0.893916
vt 0.662613 0.666267
vt 0.678269 0.651380
vt 0.155946 0.356066
vt 0.161967 0.359445
vt 0.154751 0.372341
vt 0.975349 0.468134
vt 0.974209 0.485651
vt 0.970616 0.479548
vt 0.380012 0.797289
vt 0.421922 0.794964
vt 0.395154 0.809294
vt 0.012202 0.741198
vt 0.020256 0.742987
vt 0.017408 0.752855
vt 0.935608 0.539216
vt 0.947025 0.570978
vt 0.933545 0.579120
vt 0.557980 0.771979
vt 0.554097 0.740727
vt 0.537362 0.776378
vt 0.708518 0.312555
vt 0.715358 0.303486
vt 0.723136 0.318733
vt 0.719658 0.936200
vt 0.687587 0.947868
vt 0.716456 0.931881
vt 0.455330 0.566607
vt 0.450248 0.578465
vt 0.450826 0.544524
vt 0.604037 0.428449
vt 0.641758 0.423811
vt 0.649428 0.429921
vt 0.868968 0.063210
vt 0.849725 0.068768
vt 0.856495 0.057246
vt 0.995282 0.100230
vt 0.995418 0.119739
vt 0.988844 0.118859
vt 0.118859 0.061923
vt 0.119075 0.064400
vt 0.091089 0.063408
vt 0.092775 0.065559
vt 0.508754 0.324527
vt 0.505237 0.308808
vt 0.554409 0.311096
vt 0.950648 0.674661
vt 0.945053 0.686543
vt 0.162261 0.968162
vt 0.174628 0.950661
vt 0.181821 0.972559
vt 0.446728 0.513254
vt 0.454014 0.495894
vt 0.457516 0.531705
vt 0.085861 0.343789
vt 0.098884 0.329736
vt 0.099485 0.342787
vt 0.948508 0.486644
vt 0.941854 0.462522
vt 0.945544 0.447412
vt 0.570829 0.282303
vt 0.565260 0.271655
vt 0.598016 0.261820
vt 0.259201 0.238415
vt 0.255996 0.226358
vt 0.262651 0.227551
vt 0.367064 0.245473
vt 0.372386 0.260194
vt 0.335166 0.249567
vt 0.285735 0.787791
vt 0.281596 0.780202
vt 0.302867 0.792633
vt 0.120970 0.259810
vt 0.107336 0.281111
vt 0.120115 0.250783
vt 0.294533 0.326800
vt 0.123014 0.957764
vt 0.101432 0.965817
vt 0.120378 0.936506
vt 0.688512 0.441710
vt 0.692568 0.442702
vt 0.687891 0.444293
vt 0.082409 0.795813
vt 0.092208 0.802697
vt 0.080154 0.821505
vt 0.266449 0.243718
vt 0.209385 0.906320
vt 0.191039 0.898784
vt 0.236674 0.894378
vt 0.809980 0.780138
vt 0.794071 0.805176
vt 0.782084 0.774612
vt 0.307461 0.104069
vt 0.276096 0.098623
vt 0.312493 0.089449
vt 0.341722 0.682400
vt 0.309708 0.688864
vt 0.295061 0.674893
vt 0.544224 0.421892
vt 0.535056 0.412460
vt 0.559109 0.416697
vt 0.525551 0.892065
vt 0.577460 0.891272
vt 0.555830 0.900953
vt 0.372404 0.210807
vt 0.351815 0.195954
vt 0.390870 0.197037
vt 0.157868 0.447282
vt 0.162117 0.437360
vt 0.163416 0.451066
vt 0.254586 0.148864
vt 0.279334 0.145698
vt 0.277210 0.158341
vt 0.890794 0.050941
vt 0.904480 0.051305
vt 0.897848 0.057574
vt 0.345847 0.150742
vt 0.366526 0.145829
vt 0.357127 0.156831
vt 0.934183 0.333579
vt 0.930964 0.326886
vt 0.942252 0.327171
vt 0.104059 0.618366
vt 0.123834 0.612108
vt 0.874953 0.322477
vt 0.877039 0.333880
vt 0.869607 0.329417
vt 0.625140 0.898676
vt 0.611539 0.902384
vt 0.627347 0.885393
vt 0.068341 0.396826
vt 0.055620 0.395801
vt 0.065410 0.379301
vt 0.053460 0.225611
vt 0.065935 0.219022
vt 0.064586 0.226300
vt 0.694939 0.464609
vt 0.691697 0.450062
vt 0.708209 0.457681
vt 0.863559 0.141110
vt 0.845174 0.152100
vt 0.851838 0.130465
vt 0.256257 0.988212
vt 0.271093 0.994778
vt 0.265447 0.995562
vt 0.279663 0.732790
vt 0.285331 0.738560
vt 0.299235 0.756593
vt 0.104911 0.685664
vt 0.111554 0.693043
vt 0.087174 0.702003
vt 0.499310 0.798964
vt 0.510496 0.804107
vt 0.501348 0.810014
vt 0.281031 0.338322
vt 0.317166 0.572127
vt 0.308763 0.656986
vt 0.311611 0.598622
vt 0.567131 0.938198
vt 0.607209 0.303130
vt 0.571140 0.294875
vt 0.602139 0.289362
vt 0.537416 0.526279
vt 0.522872 0.537736
vt 0.520900 0.529436
vt 0.677355 0.926029
vt 0.676923 0.916577
vt 0.685830 0.919817
vt 0.812045 0.815388
vt 0.813502 0.850940
vt 0.795229 0.829536
vt 0.241398 0.276052
vt 0.269900 0.280029
vt 0.246511 0.302146
vt 0.376618 0.356689
vt 0.368378 0.350365
vt 0.393524 0.346188
vt 0.965812 0.986262
vt 0.962808 0.991245
vt 0.932978 0.996314
vt 0.255817 0.086197
vt 0.237688 0.086951
vt 0.251680 0.080185
vt 0.506049 0.299810
vt 0.544760 0.293160
vt 0.538229 0.300998
vt 0.939324 0.471760
vt 0.940442 0.454795
vt 0.940310 0.493196
vt 0.303219 0.968928
vt 0.312321 0.973045
vt 0.278277 0.978531
vt 0.441040 0.421160
vt 0.484083 0.433137
vt 0.453870 0.439257
vt 0.535748 0.648228
vt 0.743517 0.794402
vt 0.749711 0.797685
vt 0.757981 0.815806
vt 0.375628 0.004046
vt 0.374995 0.007277
vt 0.363973 0.006069
vt 0.431660 0.506032
vt 0.444957 0.498264
vt 0.317496 0.753278
vt 0.349223 0.754022
vt 0.322764 0.760045
vt 0.063662 0.890966
vt 0.044225 0.901787
vt 0.052873 0.887966
vt 0.687318 0.514924
vt 0.696847 0.545055
vt 0.686022 0.529694
vt 0.246110 0.622636
vt 0.234861 0.638064
vt 0.233053 0.593051
vt 0.847345 0.992334
vt 0.833882 0.988207
vt 0.864706 0.988669
vt 0.894863 0.403499
vt 0.882924 0.443671
vt 0.880971 0.408834
vt 0.860124 0.415803
vt 0.851367 0.398570
vt 0.855470 0.382447
vt 0.903338 0.753917
vt 0.897004 0.759926
vt 0.894495 0.751945
vt 0.733537 0.710293
vt 0.753213 0.709973
vt 0.749145 0.723524
vt 0.069851 0.209211
vt 0.066664 0.215738
vt 0.059032 0.201127
vt 0.701102 0.468334
vt 0.798194 0.313913
vt 0.798238 0.296086
vt 0.813095 0.317675
vt 0.124944 0.155345
vt 0.130533 0.127543
vt 0.133970 0.160095
vt 0.293020 0.842989
vt 0.299257 0.870464
vt 0.273666 0.841846
vt 0.911254 0.226713
vt 0.899522 0.214124
vt 0.917880 0.207847
vt 0.302895 0.228008
vt 0.293946 0.244014
vt 0.275256 0.222032
vt 0.208976 0.455289
vt 0.204408 0.463144
vt 0.179558 0.461074
vt 0.598741 0.899180
vt 0.582656 0.895660
vt 0.588222 0.878235
vt 0.578218 0.906870
vt 0.118424 0.721900
vt 0.110665 0.721181
vt 0.114500 0.695481
vt 0.120218 0.345393
vt 0.126534 0.311696
vt 0.138457 0.332698
vt 0.891697 0.435457
vt 0.892443 0.428546
vt 0.909328 0.428095
vt 0.020002 0.455421
vt 0.022808 0.466788
vt 0.017024 0.469606
vt 0.703303 0.707615
vt 0.687319 0.717518
vt 0.702485 0.691912
vt 0.934392 0.802362
vt 0.933563 0.783271
vt 0.940479 0.785077
vt 0.789104 0.248940
vt 0.784968 0.259994
vt 0.764823 0.245730
vt 0.607810 0.601050
vt 0.602282 0.616439
vt 0.593219 0.597776
vt 0.786791 0.445600
vt 0.791218 0.459516
vt 0.787842 0.459389
vt 0.089582 0.075486
vt 0.110903 0.073632
vt 0.099289 0.089499
vt 0.273598 0.652211
vt 0.273559 0.660271
vt 0.251055 0.653469
vt 0.307514 0.938398
vt 0.286445 0.931902
vt 0.297343 0.919021
vt 0.487218 0.709970
vt 0.460725 0.719750
vt 0.459197 0.697095
vt 0.763970 0.514597
vt 0.769316 0.549223
vt 0.613502 0.788900
vt 0.613614 0.811348
vt 0.611693 0.795131
vt 0.695734 0.291439
vt 0.695015 0.300889
vt 0.689798 0.291129
vt 0.153066 0.436267
vt 0.152603 0.376699
vt 0.153808 0.415412
vt 0.844475 0.037228
vt 0.843731 0.044203
vt 0.839618 0.036090
vt 0.167489 0.431597
vt 0.177111 0.441165
vt 0.740815 0.927720
vt 0.730256 0.950541
vt 0.729906 0.924371
vt 0.349659 0.539605
vt 0.344015 0.568314
vt 0.341098 0.522219
vt 0.037974 0.947932
vt 0.037642 0.936655
vt 0.049561 0.955026
vt 0.457369 0.809270
vt 0.425312 0.819496
vt 0.419169 0.819462
vt 0.963560 0.172306
vt 0.929514 0.159221
vt 0.964867 0.167645
vt 0.448841 0.727430
vt 0.442799 0.713499
vt 0.449323 0.713342
vt 0.436599 0.673323
vt 0.445527 0.694834
vt 0.471939 0.459659
vt 0.443735 0.473841
vt 0.454459 0.458733
vt 0.223049 0.653144
vt 0.197178 0.658640
vt 0.204507 0.639100
vt 0.887128 0.771600
vt 0.873854 0.760726
vt 0.880561 0.754206
vt 0.104333 0.472743
vt 0.096076 0.466174
vt 0.107338 0.465287
vt 0.784223 0.304622
vt 0.924826 0.888417
vt 0.934287 0.903852
vt 0.919496 0.904913
vt 0.967926 0.747822
vt 0.975387 0.740010
vt 0.974310 0.760395
vt 0.409706 0.328642
vt 0.411445 0.346169
vt 0.389071 0.331641
vt 0.490685 0.109635
vt 0.514026 0.112237
vt 0.491043 0.116362
vt 0.792625 0.335581
vt 0.800314 0.330811
vt 0.801574 0.340925
vt 0.037123 0.173794
vt 0.048155 0.182810
vt 0.040040 0.191209
vt 0.454161 0.266623
vt 0.876256 0.447067
vt 0.873353 0.406267
vt 0.879330 0.405430
vt 0.967233 0.121744
vt 0.939415 0.115324
vt 0.973923 0.117090
vt 0.340251 0.809685
vt 0.332047 0.828834
vt 0.937623 0.523239
vt 0.920656 0.529595
vt 0.935160 0.507777
vt 0.850901 0.416344
vt 0.790541 0.961370
vt 0.789409 0.953238
vt 0.800710 0.954345
vt 0.777997 0.832938
vt 0.786972 0.832956
vt 0.777545 0.846350
vt 0.788049 0.102863
vt 0.813396 0.096213
vt 0.809938 0.104482
vt 0.328471 0.029051
vt 0.327843 0.038283
vt 0.318460 0.030393
vt 0.583438 0.387423
vt 0.615112 0.403241
vt 0.590393 0.398749
vt 0.556711 0.391434
vt 0.574201 0.395988
vt 0.594263 0.698517
vt 0.602217 0.728324
vt 0.585534 0.720662
vt 0.573494 0.424636
vt 0.617312 0.381792
vt 0.568547 0.375930
vt 0.580682 0.363665
vt 0.582237 0.260721
vt 0.562415 0.266376
vt 0.560796 0.261092
vt 0.911956 0.640384
vt 0.913487 0.601484
vt 0.914649 0.638619
vt 0.254272 0.641137
vt 0.940009 0.342824
vt 0.059628 0.230920
vt 0.338232 0.330863
vt 0.347190 0.326196
vt 0.335974 0.353601
vt 0.334800 0.339971
vt 0.493264 0.845129
vt 0.528016 0.854091
vt 0.481169 0.859972
vt 0.490652 0.969864
vt 0.531156 0.967361
vt 0.531542 0.972395
vt 0.651976 0.242947
vt 0.675764 0.243188
vt 0.668626 0.251861
vt 0.339261 0.666635
vt 0.328183 0.674161
vt 0.296309 0.660763
vt 0.459901 0.328384
vt 0.502436 0.330486
vt 0.456069 0.332260
vt 0.340488 0.498907
vt 0.136624 0.908426
vt 0.511041 0.612478
vt 0.509203 0.635603
vt 0.497162 0.621690
vt 0.994568 0.796160
vt 0.992687 0.804942
vt 0.987985 0.790372
vt 0.900180 0.972937
vt 0.897811 0.972726
vt 0.901263 0.949861
vt 0.720534 0.993060
vt 0.688776 0.997287
vt 0.689020 0.987980
vt 0.469481 0.113455
vt 0.463692 0.116429
vt 0.461410 0.110349
vt 0.975697 0.016589
vt 0.968315 0.011952
vt 0.984277 0.010173
vt 0.234997 0.276047
vt 0.238636 0.290612
vt 0.737122 0.515182
vt 0.849095 0.121952
vt 0.828032 0.122905
vt 0.833566 0.117947
vt 0.259413 0.777159
vt 0.268019 0.761363
vt 0.007027 0.868236
vt 0.015217 0.867214
vt 0.005468 0.875813
vt 0.376567 0.909369
vt 0.374757 0.916492
vt 0.347354 0.915176
vt 0.198038 0.607947
vt 0.214757 0.605726
vt 0.152674 0.734109
vt 0.157857 0.714517
vt 0.160451 0.732648
vt 0.427739 0.102571
vt 0.431602 0.099830
vt 0.439722 0.101036
vt 0.097988 0.762924
vt 0.106719 0.754757
vt 0.102968 0.762107
vt 0.253796 0.367729
vt 0.289491 0.379211
vt 0.254791 0.373768
vt 0.828813 0.915159
vt 0.824153 0.913277
vt 0.827663 0.906800
vt 0.928369 0.735585
vt 0.933412 0.736612
vt 0.928969 0.739231
vt 0.688039 0.678562
vt 0.232919 0.770158
vt 0.236089 0.786216
vt 0.225813 0.774206
vt 0.922547 0.169633
vt 0.907653 0.175419
vt 0.909191 0.171862
vt 0.740856 0.128998
vt 0.764247 0.140882
vt 0.762268 0.149629
vt 0.292931 0.774368
vt 0.347357 0.519995
vt 0.286423 0.086305
vt 0.279136 0.088417
vt 0.278580 0.080399
vt 0.527742 0.503770
vt 0.519759 0.517193
vt 0.519860 0.501256
vt 0.269951 0.957792
vt 0.247290 0.971345
vt 0.243069 0.965586
vt 0.241398 0.752143
vt 0.249009 0.762201
vt 0.229137 0.749549
vt 0.903206 0.352175
vt 0.905629 0.335666
vt 0.910503 0.355195
vt 0.447697 0.130652
vt 0.439121 0.138571
vt 0.430439 0.124613
vt 0.618101 0.876447
vt 0.601156 0.869171
vt 0.767889 0.050332
vt 0.768965 0.055541
vt 0.744793 0.052062
vt 0.451505 0.139065
vt 0.036544 0.007588
vt 0.024099 0.007218
vt 0.027635 0.000915
vt 0.921977 0.108808
vt 0.891663 0.107803
vt 0.910242 0.108069
vt 0.244949 0.107631
vt 0.243247 0.098898
vt 0.256025 0.099394
vt 0.011767 0.658354
vt 0.010908 0.640595
vt 0.020815 0.661231
vt 0.344057 0.781725
vt 0.332846 0.794175
vt 0.326302 0.781873
vt 0.819445 0.810612
vt 0.813260 0.788271
vt 0.314977 0.383972
vt 0.288767 0.383736
vt 0.553077 0.576351
vt 0.538043 0.578379
vt 0.558798 0.559152
vt 0.422792 0.786038
vt 0.430327 0.776111
vt 0.772427 0.739610
vt 0.765490 0.765225
vt 0.752447 0.752042
vt 0.955942 0.693096
vt 0.960780 0.703604
vt 0.953385 0.702469
vt 0.323174 0.346212
vt 0.328166 0.365654
vt 0.600418 0.823140
vt 0.611757 0.823944
vt 0.571996 0.818106
vt 0.392222 0.715570
vt 0.381899 0.725618
vt 0.384645 0.717953
vt 0.579175 0.342336
vt 0.564635 0.354571
vt 0.552349 0.354744
vt 0.710438 0.068159
vt 0.690489 0.069745
vt 0.709922 0.066057
vt 0.718823 0.231095
vt 0.739045 0.227785
vt 0.729689 0.245493
vt 0.484713 0.736875
vt 0.494436 0.722526
vt 0.119922 0.689805
vt 0.126619 0.683666
vt 0.116632 0.698694
vt 0.199364 0.815837
vt 0.197965 0.823817
vt 0.177216 0.820945
vt 0.410333 0.503030
vt 0.421762 0.511055
vt 0.365857 0.440504
vt 0.376757 0.441250
vt 0.380536 0.452130
vt 0.200453 0.346049
vt 0.183756 0.358197
vt 0.185694 0.330337
vt 0.174083 0.326187
vt 0.168307 0.346085
vt 0.247514 0.853964
vt 0.245645 0.840444
vt 0.645460 0.338175
vt 0.656612 0.341065
vt 0.642376 0.325019
vt 0.906115 0.274186
vt 0.929341 0.243881
vt 0.916812 0.273609
vt 0.171101 0.866380
vt 0.158480 0.866998
vt 0.160482 0.856488
vt 0.213684 0.659377
vt 0.234634 0.652656
vt 0.550048 0.483004
vt 0.554135 0.490851
vt 0.550734 0.506381
vt 0.542026 0.506739
vt 0.537572 0.489551
vt 0.742597 0.952341
vt 0.514589 0.535801
vt 0.529095 0.518942
vt 0.390637 0.680745
vt 0.378676 0.665745
vt 0.391246 0.667859
vt 0.005542 0.726194
vt 0.006173 0.715704
vt 0.011980 0.717332
vt 0.891346 0.510250
vt 0.816937 0.069910
vt 0.802465 0.060605
vt 0.822259 0.063130
vt 0.391144 0.626260
vt 0.380432 0.585472
vt 0.390848 0.597153
vt 0.380515 0.622024
vt 0.183519 0.214173
vt 0.186228 0.219029
vt 0.175563 0.221689
vt 0.386935 0.257581
vt 0.405121 0.269424
vt 0.381420 0.273062
vt 0.016318 0.936557
vt 0.021566 0.951225
vt 0.012955 0.945748
vt 0.747324 0.849819
vt 0.763166 0.833982
vt 0.585340 0.831924
vt 0.096965 0.905190
vt 0.089855 0.909819
vt 0.072964 0.072951
vt 0.061681 0.071357
vt 0.089580 0.068032
vt 0.830009 0.033732
vt 0.824243 0.024569
vt 0.845042 0.025126
vt 0.966807 0.249466
vt 0.984148 0.258458
vt 0.964590 0.263577
vt 0.206606 0.591691
vt 0.550950 0.621394
vt 0.555007 0.552737
vt 0.547856 0.545567
vt 0.556677 0.540353
vt 0.012854 0.753387
vt 0.554576 0.328968
vt 0.570586 0.324312
vt 0.561708 0.337892
vt 0.613198 0.371202
vt 0.637664 0.381339
vt 0.634770 0.386754
vt 0.947115 0.880913
vt 0.942013 0.866996
vt 0.953379 0.860008
vt 0.752883 0.828395
vt 0.732499 0.840542
vt 0.705285 0.829800
vt 0.312960 0.373053
vt 0.703189 0.329351
vt 0.719521 0.344684
vt 0.716645 0.351496
vt 0.748840 0.623579
vt 0.754827 0.588116
vt 0.753860 0.605497
vt 0.902421 0.253116
vt 0.891261 0.268829
vt 0.889932 0.250235
vt 0.710118 0.296210
vt 0.701143 0.289418
vt 0.710392 0.289093
vt 0.716578 0.287871
vt 0.728085 0.303315
vt 0.913299 0.159436
vt 0.918304 0.142547
vt 0.922631 0.156944
vt 0.493431 0.420166
vt 0.386974 0.414457
vt 0.377753 0.410913
vt 0.385675 0.398314
vt 0.565798 0.517619
vt 0.571659 0.519867
vt 0.561649 0.529787
vt 0.187667 0.559511
vt 0.186882 0.556822
vt 0.209888 0.550460
vt 0.924399 0.157204
vt 0.258488 0.247175
vt 0.860709 0.772298
vt 0.867145 0.773778
vt 0.868682 0.784277
vt 0.552777 0.809895
vt 0.567362 0.792717
vt 0.555478 0.814004
vt 0.609234 0.200583
vt 0.622601 0.212115
vt 0.594915 0.205678
vt 0.690263 0.471001
vt 0.595968 0.807777
vt 0.049121 0.203737
vt 0.052952 0.209133
vt 0.050345 0.211488
vt 0.598520 0.788814
vt 0.095968 0.742996
vt 0.103401 0.740636
vt 0.552331 0.912878
vt 0.574193 0.920860
vt 0.575926 0.938673
vt 0.900882 0.268824
vt 0.766658 0.259442
vt 0.092216 0.629933
vt 0.083429 0.619983
vt 0.095792 0.624625
vt 0.633213 0.904910
vt 0.635147 0.902872
vt 0.669370 0.906331
vt 0.310823 0.274639
vt 0.304299 0.271499
vt 0.308047 0.271112
vt 0.860658 0.542218
vt 0.162235 0.947731
vt 0.903430 0.025029
vt 0.892879 0.026864
vt 0.898256 0.016602
vt 0.712990 0.944826
vt 0.704731 0.950702
vt 0.714887 0.675983
vt 0.709344 0.679139
vt 0.712196 0.702329
vt 0.790390 0.325188
vt 0.486948 0.302375
vt 0.441747 0.908054
vt 0.442783 0.901426
vt 0.455462 0.905796
vt 0.105058 0.520494
vt 0.093667 0.517843
vt 0.095338 0.504383
vt 0.109572 0.503120
vt 0.112790 0.517681
vt 0.082948 0.559468
vt 0.084003 0.539132
vt 0.094941 0.541825
vt 0.262578 0.831728
vt 0.189104 0.414418
vt 0.212155 0.407026
vt 0.207367 0.425815
vt 0.232037 0.405301
vt 0.236760 0.416166
vt 0.333905 0.992080
vt 0.318731 0.994846
vt 0.319256 0.986868
vt 0.588809 0.056095
vt 0.581768 0.050411
vt 0.590217 0.048441
vt 0.578559 0.057765
vt 0.047025 0.718097
vt 0.034341 0.719471
vt 0.038818 0.699968
vt 0.714524 0.482966
vt 0.430224 0.496778
vt 0.426083 0.499340
vt 0.405268 0.492965
vt 0.623645 0.031839
vt 0.603754 0.031812
vt 0.612202 0.028575
vt 0.551713 0.804803
vt 0.544947 0.803804
vt 0.559746 0.145980
vt 0.555052 0.160318
vt 0.531832 0.156555
vt 0.479849 0.949029
vt 0.514844 0.938793
vt 0.511651 0.944344
vt 0.855115 0.759642
vt 0.868323 0.738320
vt 0.865123 0.758207
vt 0.555849 0.828548
vt 0.538703 0.828718
vt 0.516684 0.824063
vt 0.960855 0.756460
vt 0.957334 0.763761
vt 0.956800 0.752801
vt 0.869824 0.170110
vt 0.889141 0.165519
vt 0.875586 0.172716
vt 0.242285 0.765035
vt 0.246330 0.772062
vt 0.495230 0.511470
vt 0.502452 0.501334
vt 0.506732 0.509599
vt 0.123520 0.897039
vt 0.119625 0.882726
vt 0.132233 0.879547
vt 0.022705 0.786143
vt 0.021214 0.770934
vt 0.031448 0.787710
vt 0.757636 0.466103
vt 0.747009 0.456026
vt 0.756356 0.458981
vt 0.529033 0.489959
vt 0.528895 0.495989
vt 0.018692 0.639755
vt 0.022826 0.636964
vt 0.021584 0.648056
vt 0.268667 0.662641
vt 0.583613 0.691716
vt 0.831975 0.199305
vt 0.828036 0.196771
vt 0.841211 0.193544
vt 0.109965 0.199590
vt 0.100004 0.168934
vt 0.112615 0.201554
vt 0.407270 0.925690
vt 0.383143 0.940500
vt 0.404832 0.922340
vt 0.678700 0.975384
vt 0.676748 0.973058
vt 0.719521 0.974352
vt 0.241365 0.600642
vt 0.231594 0.560435
vt 0.237344 0.511273
vt 0.683358 0.153415
vt 0.697104 0.148616
vt 0.707341 0.153426
vt 0.646069 0.971460
vt 0.633819 0.966340
vt 0.637420 0.961132
vt 0.844825 0.941079
vt 0.840070 0.940641
vt 0.714355 0.710417
vt 0.720915 0.691108
vt 0.721562 0.717157
vt 0.698329 0.723418
vt 0.057972 0.057044
vt 0.063600 0.052651
vt 0.065975 0.059010
vt 0.794646 0.071631
vt 0.076445 0.882249
vt 0.073852 0.874912
vt 0.083039 0.871324
vt 0.505020 0.525443
vt 0.418189 0.077291
vt 0.430810 0.081730
vt 0.407375 0.082735
vt 0.611962 0.930509
vt 0.581887 0.929803
vt 0.630481 0.929736
vt 0.498155 0.528782
vt 0.507767 0.536603
vt 0.496742 0.542412
vt 0.428281 0.568861
vt 0.423190 0.604792
vt 0.420476 0.554951
vt 0.502774 0.553603
vt 0.509552 0.557955
vt 0.512142 0.562813
vt 0.276156 0.787657
vt 0.135763 0.834369
vt 0.132880 0.813487
vt 0.146932 0.815838
vt 0.248898 0.780540
vt 0.916993 0.386676
vt 0.893250 0.381417
vt 0.911269 0.376243
vt 0.851652 0.858780
vt 0.854148 0.834469
vt 0.861223 0.848854
vt 0.262567 0.401986
vt 0.263475 0.404792
vt 0.226403 0.398254
vt 0.833936 0.297359
vt 0.823766 0.290134
vt 0.828797 0.282606
vt 0.869808 0.364293
vt 0.868812 0.375661
vt 0.863161 0.371368
vt 0.430501 0.469527
vt 0.425661 0.484020
vt 0.416734 0.471142
vt 0.975277 0.869245
vt 0.968948 0.875353
vt 0.765401 0.207338
vt 0.756044 0.201138
vt 0.768972 0.199871
vt 0.582322 0.348125
vt 0.577430 0.349453
vt 0.562509 0.383364
vt 0.572558 0.386414
vt 0.616218 0.736656
vt 0.624302 0.749683
vt 0.453452 0.687542
vt 0.444431 0.668114
vt 0.932877 0.731210
vt 0.945490 0.722339
vt 0.941914 0.734974
vt 0.713973 0.448603
vt 0.715494 0.461211
vt 0.708287 0.465970
vt 0.553167 0.251755
vt 0.555639 0.246401
vt 0.289847 0.199557
vt 0.280748 0.188028
vt 0.307260 0.196407
vt 0.039003 0.426364
vt 0.044037 0.409576
vt 0.047792 0.419330
vt 0.122774 0.673782
vt 0.111833 0.684295
vt 0.120683 0.668381
vt 0.867312 0.363137
vt 0.686720 0.636295
vt 0.667900 0.644474
vt 0.682339 0.622828
vt 0.062821 0.821259
vt 0.058145 0.805134
vt 0.061887 0.793112
vt 0.447047 0.119558
vt 0.036351 0.349503
vt 0.039949 0.359266
vt 0.025644 0.369039
vt 0.902305 0.412204
vt 0.906252 0.417037
vt 0.555447 0.834195
vt 0.971233 0.763539
vt 0.671037 0.163778
vt 0.715656 0.163778
vt 0.683435 0.165463
vt 0.013276 0.522753
vt 0.022570 0.522753
vt 0.015910 0.539118
vt 0.729192 0.846503
vt 0.751021 0.839853
vt 0.263759 0.164563
vt 0.526243 0.991398
vt 0.533712 0.994721
vt 0.526696 0.996365
vt 0.270797 0.036237
vt 0.248476 0.036237
vt 0.269982 0.033245
vt 0.951676 0.937630
vt 0.959063 0.935323
vt 0.957149 0.971235
vt 0.213225 0.676745
vt 0.226176 0.681256
vt 0.230310 0.692689
vt 0.558266 0.618876
vt 0.562337 0.614512
vt 0.561899 0.640304
vt 0.302611 0.368937
vt 0.247318 0.057576
vt 0.273458 0.056980
vt 0.258883 0.061859
vt 0.127298 0.602664
vt 0.116983 0.606269
vt 0.130789 0.596325
vt 0.176223 0.604424
vt 0.175054 0.634576
vt 0.168118 0.632350
vt 0.139341 0.751305
vt 0.134963 0.767682
vt 0.135111 0.759094
vt 0.934380 0.083263
vt 0.933716 0.085761
vt 0.910977 0.083297
vt 0.797898 0.970685
vt 0.780573 0.967787
vt 0.175447 0.210152
vt 0.472247 0.238896
vt 0.716102 0.422230
vt 0.707597 0.396027
vt 0.711536 0.375199
vt 0.206588 0.830253
vt 0.259669 0.828004
vt 0.255728 0.830568
vt 0.514974 0.497444
vt 0.577202 0.802489
vt 0.532378 0.480825
vt 0.492305 0.487596
vt 0.489995 0.475575
vt 0.999398 0.066064
vt 0.994482 0.086649
vt 0.992179 0.070096
vt 0.555881 0.446918
vt 0.550033 0.440787
vt 0.572420 0.443435
vt 0.540515 0.443434
vt 0.290079 0.834094
vt 0.013077 0.216863
vt 0.010750 0.228218
vt 0.004651 0.215173
vt 0.556739 0.696587
vt 0.547818 0.704826
vt 0.552844 0.694790
vt 0.558001 0.120573
vt 0.563610 0.138513
vt 0.441053 0.242533
vt 0.452983 0.239262
vt 0.848986 0.378789
vt 0.843301 0.393282
vt 0.894375 0.155907
vt 0.903954 0.163953
vt 0.896646 0.168378
vt 0.973370 0.719152
vt 0.975020 0.723924
vt 0.949110 0.765589
vt 0.949946 0.784900
vt 0.938965 0.776410
vt 0.359420 0.395885
vt 0.357284 0.402822
vt 0.318103 0.404238
vt 0.370149 0.402217
vt 0.742087 0.265827
vt 0.736710 0.251126
vt 0.745877 0.263320
vt 0.308407 0.648678
vt 0.142440 0.770030
vt 0.757053 0.664938
vt 0.758106 0.683316
vt 0.751347 0.687303
vt 0.708774 0.039221
vt 0.723735 0.037793
vt 0.700339 0.048899
vt 0.460709 0.798625
vt 0.481025 0.790408
vt 0.485265 0.790914
vt 0.106369 0.928619
vt 0.094037 0.938397
vt 0.088966 0.932605
vt 0.135380 0.117690
vt 0.154205 0.135739
vt 0.494579 0.384959
vt 0.460209 0.390843
vt 0.454747 0.383501
vt 0.694397 0.307236
vt 0.701288 0.310178
vt 0.694727 0.312720
vt 0.777327 0.995428
vt 0.761408 0.993208
vt 0.794238 0.993649
vt 0.743190 0.276607
vt 0.719516 0.269688
vt 0.730583 0.261116
vt 0.187158 0.576608
vt 0.200655 0.578299
vt 0.082671 0.192709
vt 0.154523 0.206436
vt 0.993125 0.727449
vt 0.987844 0.716274
vt 0.993252 0.704676
vt 0.039751 0.403446
vt 0.531585 0.128358
vt 0.531569 0.114578
vt 0.075033 0.551977
vt 0.072225 0.552291
vt 0.071978 0.528352
vt 0.271221 0.458727
vt 0.278156 0.424305
vt 0.273647 0.469624
vt 0.382604 0.497950
vt 0.373708 0.492063
vt 0.722113 0.532509
vt 0.719911 0.517062
vt 0.723091 0.500520
vt 0.195171 0.288709
vt 0.206636 0.301330
vt 0.189580 0.296443
vt 0.363196 0.760563
vt 0.076431 0.865445
vt 0.071632 0.859736
vt 0.080259 0.840015
vt 0.351746 0.118903
vt 0.366792 0.136159
vt 0.342453 0.128344
vt 0.575960 0.161489
vt 0.582340 0.155439
vt 0.602736 0.158420
vt 0.134674 0.733715
vt 0.858097 0.345703
vt 0.854633 0.318764
vt 0.858358 0.314139
vt 0.610246 0.251352
vt 0.605361 0.259049
vt 0.599601 0.252506
vt 0.661806 0.527804
vt 0.635373 0.507691
vt 0.252990 0.756785
vt 0.261467 0.751562
vt 0.106610 0.846847
vt 0.082743 0.845294
vt 0.100062 0.840792
vt 0.359442 0.889217
vt 0.380831 0.884837
vt 0.381001 0.900193
vt 0.043486 0.513659
vt 0.070926 0.513659
vt 0.062003 0.515803
vt 0.441258 0.143694
vt 0.424896 0.128845
vt 0.429381 0.138042
vt 0.413484 0.133543
vt 0.824444 0.264709
vt 0.836565 0.275393
vt 0.496467 0.656573
vt 0.173680 0.814516
vt 0.886374 0.558395
vt 0.902027 0.554706
vt 0.910094 0.761280
vt 0.320256 0.289557
vt 0.314395 0.275431
vt 0.343277 0.279534
vt 0.078350 0.911018
vt 0.223845 0.835864
vt 0.219200 0.847940
vt 0.189714 0.845054
vt 0.346571 0.143120
vt 0.350873 0.490553
vt 0.663250 0.215893
vt 0.646207 0.201394
vt 0.661521 0.200762
vt 0.781689 0.321706
vt 0.722123 0.728120
vt 0.709870 0.722223
vt 0.696820 0.733908
vt 0.064949 0.481170
vt 0.072938 0.487344
vt 0.062334 0.497505
vt 0.871843 0.919359
vt 0.887012 0.939972
vt 0.874464 0.953267
vt 0.091293 0.588404
vt 0.095168 0.576735
vt 0.107972 0.595349
vt 0.302406 0.326594
vt 0.304511 0.336367
vt 0.563504 0.411737
vt 0.528713 0.407314
vt 0.547659 0.398612
vt 0.588008 0.417337
vt 0.587870 0.422375
vt 0.370923 0.495197
vt 0.127658 0.916054
vt 0.323865 0.327825
vt 0.312062 0.324790
vt 0.317177 0.322015
vt 0.870794 0.872592
vt 0.881583 0.867197
vt 0.653780 0.534842
vt 0.393893 0.876110
vt 0.401560 0.889811
vt 0.891140 0.941647
vt 0.896286 0.930031
vt 0.655035 0.133349
vt 0.656787 0.147918
vt 0.640944 0.138814
vt 0.457411 0.680591
vt 0.452792 0.668402
vt 0.866452 0.849411
vt 0.869451 0.858420
vt 0.865182 0.861071
vt 0.881235 0.860059
vt 0.371170 0.717311
vt 0.373208 0.701648
vt 0.385228 0.704763
vt 0.785291 0.028870
vt 0.772841 0.018543
vt 0.786691 0.026150
vt 0.939558 0.273549
vt 0.929796 0.283968
vt 0.925680 0.279417
vt 0.979945 0.870468
vt 0.553962 0.206253
vt 0.564408 0.197806
vt 0.581774 0.203263
vt 0.480706 0.668304
vt 0.453138 0.650384
vt 0.487091 0.658785
vt 0.058884 0.680071
vt 0.057465 0.696289
vt 0.057247 0.665852
vt 0.856267 0.207277
vt 0.846466 0.203486
vt 0.859807 0.200413
vt 0.605231 0.351598
vt 0.623719 0.342701
vt 0.835755 0.554854
vt 0.843691 0.542801
vt 0.839095 0.573113
vt 0.832127 0.115294
vt 0.865823 0.115484
vt 0.844534 0.117728
vt 0.010083 0.905404
vt 0.006376 0.903131
vt 0.008838 0.892214
vt 0.232195 0.166335
vt 0.227988 0.157512
vt 0.239012 0.165823
vt 0.220387 0.161944
vt 0.991285 0.553116
vt 0.993526 0.566058
vt 0.990629 0.565379
vt 0.712075 0.274323
vt 0.709095 0.261741
vt 0.970910 0.647685
vt 0.981609 0.672624
vt 0.967119 0.672704
vt 0.895344 0.132621
vt 0.914704 0.134284
vt 0.262472 0.515403
vt 0.264236 0.527627
vt 0.247737 0.504666
vt 0.111485 0.294663
vt 0.119146 0.296054
vt 0.103082 0.306057
vt 0.722715 0.784593
vt 0.727932 0.770116
vt 0.727286 0.795110
vt 0.328444 0.134237
vt 0.333126 0.138150
vt 0.312534 0.144232
vt 0.622982 0.991319
vt 0.595669 0.986852
vt 0.628015 0.987093
vt 0.112842 0.931767
vt 0.102209 0.933838
vt 0.613139 0.267099
vt 0.620986 0.263288
vt 0.615481 0.270394
vt 0.653130 0.261618
vt 0.633425 0.268976
vt 0.459632 0.964127
vt 0.440428 0.984189
vt 0.453216 0.985925
vt 0.442525 0.988902
vt 0.184353 0.547463
vt 0.182014 0.600245
vt 0.179170 0.583894
vt 0.433183 0.325450
vt 0.869272 0.147140
vt 0.845524 0.158102
vt 0.616112 0.565382
vt 0.612713 0.549107
vt 0.352667 0.624518
vt 0.368903 0.646287
vt 0.335518 0.656471
vt 0.352044 0.611190
vt 0.619557 0.195110
vt 0.459839 0.116833
vt 0.450984 0.106720
vt 0.873154 0.140874
vt 0.863982 0.131836
vt 0.112452 0.437844
vt 0.110220 0.436854
vt 0.111722 0.430997
vt 0.251161 0.735032
vt 0.258800 0.734079
vt 0.266220 0.748583
vt 0.176023 0.765624
vt 0.172317 0.755903
vt 0.170201 0.735168
vt 0.877166 0.148355
vt 0.592901 0.782117
vt 0.588027 0.775621
vt 0.603181 0.774960
vt 0.422525 0.125851
vt 0.073346 0.146917
vt 0.071289 0.159886
vt 0.063276 0.155968
vt 0.426514 0.140880
vt 0.440289 0.535953
vt 0.679157 0.020358
vt 0.682463 0.028951
vt 0.673295 0.037206
vt 0.335594 0.033010
vt 0.346383 0.016279
vt 0.351241 0.022109
vt 0.805695 0.340652
vt 0.903093 0.157821
vt 0.819715 0.033275
vt 0.822730 0.030106
vt 0.823021 0.042507
vt 0.835678 0.466662
vt 0.849963 0.451542
vt 0.866769 0.455661
vt 0.459195 0.098568
vt 0.365983 0.388748
vt 0.388614 0.381856
vt 0.400946 0.385981
vt 0.610331 0.912827
vt 0.592316 0.921457
vt 0.612695 0.911882
vt 0.344192 0.599043
vt 0.336419 0.586435
vt 0.345845 0.750834
vt 0.431245 0.297406
vt 0.399592 0.299702
vt 0.365821 0.297860
vt 0.807118 0.028801
vt 0.786725 0.030135
vt 0.795521 0.026089
vt 0.259689 0.431978
vt 0.267503 0.439969
vt 0.257409 0.433253
vt 0.789790 0.122784
vt 0.815158 0.115217
vt 0.802470 0.134387
vt 0.822526 0.189782
vt 0.341172 0.142506
vt 0.184066 0.182690
vt 0.186985 0.189167
vt 0.170131 0.183772
vt 0.876055 0.560990
vt 0.882076 0.548944
vt 0.724791 0.159000
vt 0.707928 0.159518
vt 0.286247 0.291352
vt 0.309621 0.475252
vt 0.284158 0.465686
vt 0.278854 0.453886
vt 0.088972 0.790048
vt 0.095243 0.800890
vt 0.087671 0.796183
vt 0.529995 0.120422
vt 0.789757 0.200298
vt 0.785076 0.207403
vt 0.075260 0.638776
vt 0.076587 0.621429
vt 0.086651 0.630234
vt 0.374849 0.145084
vt 0.369795 0.159714
vt 0.654097 0.600409
vt 0.216417 0.154860
vt 0.197732 0.157261
vt 0.222522 0.151385
vt 0.562848 0.538998
vt 0.570964 0.532418
vt 0.573460 0.540427
vt 0.430233 0.799059
vt 0.412833 0.807588
vt 0.598245 0.402701
vt 0.494723 0.499630
vt 0.405441 0.240249
vt 0.398223 0.258942
vt 0.385840 0.252676
vt 0.835486 0.566351
vt 0.371701 0.677593
vt 0.372577 0.680276
vt 0.808369 0.991218
vt 0.813068 0.985485
vt 0.836511 0.991496
vt 0.648395 0.913534
vt 0.635725 0.908984
vt 0.674147 0.908116
vt 0.838851 0.171474
vt 0.848581 0.170338
vt 0.825136 0.180426
vt 0.103280 0.895597
vt 0.109069 0.902099
vt 0.100256 0.905019
vt 0.105908 0.178203
vt 0.107349 0.166116
vt 0.117252 0.178028
vt 0.383621 0.926262
vt 0.550904 0.278715
vt 0.717732 0.483135
vt 0.111901 0.186522
vt 0.245179 0.871155
vt 0.343075 0.236010
vt 0.319644 0.232088
vt 0.346931 0.228261
vt 0.625271 0.803157
vt 0.788907 0.273940
vt 0.782462 0.281017
vt 0.801131 0.712857
vt 0.797682 0.659076
vt 0.804617 0.681419
vt 0.079162 0.481193
vt 0.093616 0.479275
vt 0.087371 0.495923
vt 0.098890 0.123143
vt 0.096092 0.100280
vt 0.113888 0.114493
vt 0.614911 0.411935
vt 0.605120 0.416773
vt 0.245137 0.219583
vt 0.225421 0.215432
vt 0.230581 0.201439
vt 0.819098 0.662077
vt 0.804621 0.667755
vt 0.822885 0.652024
vt 0.454295 0.698364
vt 0.531242 0.546342
vt 0.543217 0.535487
vt 0.534888 0.554370
vt 0.523974 0.575766
vt 0.960788 0.995196
vt 0.980362 0.997207
vt 0.952081 0.997471
vt 0.078638 0.790002
vt 0.072476 0.818549
vt 0.075801 0.789480
vt 0.093405 0.872830
vt 0.547026 0.520088
vt 0.562255 0.510301
vt 0.556317 0.521870
vt 0.423647 0.195626
vt 0.417805 0.211570
vt 0.400011 0.209481
vt 0.138819 0.807628
vt 0.145383 0.812356
vt 0.545244 0.365719
vt 0.555543 0.361184
vt 0.505460 0.318249
vt 0.248831 0.724060
vt 0.905275 0.280901
vt 0.261899 0.786043
vt 0.520964 0.571987
vt 0.748294 0.311910
vt 0.732785 0.298458
vt 0.741158 0.296758
vt 0.616249 0.154602
vt 0.607100 0.152301
vt 0.629062 0.152277
vt 0.596871 0.140187
vt 0.598490 0.151564
vt 0.592741 0.150815
vt 0.097878 0.651586
vt 0.087599 0.651973
vt 0.093648 0.641621
vt 0.123854 0.134142
vt 0.605575 0.475127
vt 0.615302 0.491567
vt 0.615310 0.507294
vt 0.944878 0.323196
vt 0.948405 0.325302
vt 0.945649 0.349047
vt 0.633191 0.327068
vt 0.093622 0.918815
vt 0.649523 0.963645
vt 0.719919 0.849788
vt 0.403963 0.897153
vt 0.567136 0.972089
vt 0.588478 0.971826
vt 0.586074 0.974147
vt 0.075341 0.837364
vt 0.073960 0.842390
vt 0.901921 0.776423
vt 0.913061 0.772614
vt 0.857204 0.036493
vt 0.129049 0.059237
vt 0.143343 0.057594
vt 0.127763 0.060242
vt 0.067371 0.477620
vt 0.555966 0.497328
vt 0.588636 0.571366
vt 0.846633 0.210687
vt 0.736003 0.738682
vt 0.727018 0.717940
vt 0.742451 0.735380
vt 0.970053 0.080817
vt 0.973445 0.087160
vt 0.966714 0.088388
vt 0.393015 0.258990
vt 0.878562 0.902237
vt 0.899346 0.888520
vt 0.887986 0.906575
vt 0.081247 0.244124
vt 0.075512 0.237830
vt 0.083167 0.240718
vt 0.382518 0.254171
vt 0.397617 0.231813
vt 0.530502 0.812174
vt 0.507767 0.813089
vt 0.535588 0.807169
vt 0.961229 0.775889
vt 0.960768 0.763781
vt 0.974332 0.769523
vt 0.216596 0.220103
vt 0.210257 0.219917
vt 0.630776 0.250409
vt 0.564682 0.711007
vt 0.561460 0.699242
vt 0.569707 0.688527
vt 0.008711 0.393214
vt 0.009750 0.380044
vt 0.016471 0.388169
vt 0.722628 0.209096
vt 0.675692 0.209096
vt 0.724995 0.207059
vt 0.810663 0.397055
vt 0.809949 0.399349
vt 0.808878 0.377543
vt 0.282169 0.306931
vt 0.283779 0.313222
vt 0.268095 0.314753
vt 0.638253 0.704839
vt 0.634126 0.711760
vt 0.632502 0.683972
vt 0.217561 0.937557
vt 0.200591 0.933134
vt 0.208058 0.927225
vt 0.867124 0.305215
vt 0.874221 0.281464
vt 0.874902 0.312636
vt 0.503372 0.371378
vt 0.515385 0.382594
vt 0.478358 0.369712
vt 0.106739 0.772274
vt 0.107724 0.778665
vt 0.100244 0.779192
vt 0.255077 0.165907
vt 0.238888 0.156613
vt 0.836476 0.438234
vt 0.839538 0.451492
vt 0.833438 0.460222
vt 0.518341 0.685403
vt 0.517875 0.675073
vt 0.524511 0.677727
vt 0.108016 0.428866
vt 0.225999 0.961831
vt 0.222622 0.959852
vt 0.426196 0.907914
vt 0.411926 0.897612
vt 0.744959 0.370367
vt 0.730354 0.357161
vt 0.753345 0.333585
vt 0.768647 0.561400
vt 0.188980 0.399755
vt 0.189074 0.394815
vt 0.756261 0.508226
vt 0.759270 0.504656
vt 0.621884 0.792459
vt 0.095871 0.789650
vt 0.167891 0.808431
vt 0.188461 0.800579
vt 0.192124 0.810465
vt 0.098735 0.794472
vt 0.104035 0.791762
vt 0.707445 0.450801
vt 0.125773 0.096778
vt 0.118233 0.104328
vt 0.119107 0.093372
vt 0.103857 0.368944
vt 0.103557 0.373747
vt 0.097451 0.372645
vt 0.401711 0.040306
vt 0.421033 0.034655
vt 0.419120 0.038059
vt 0.984109 0.754203
vt 0.989873 0.770267
vt 0.982166 0.733720
vt 0.664907 0.037560
vt 0.659185 0.033889
vt 0.660511 0.026168
vt 0.358784 0.377105
vt 0.353948 0.383958
vt 0.681299 0.195082
vt 0.701179 0.200512
vt 0.680014 0.206752
vt 0.548251 0.273592
vt 0.219464 0.166012
vt 0.851318 0.906767
vt 0.034258 0.188440
vt 0.066056 0.169717
vt 0.078058 0.191491
vt 0.066586 0.196634
vt 0.443784 0.644278
vt 0.217372 0.303147
vt 0.227279 0.296685
vt 0.432061 0.120538
vt 0.185473 0.304754
vt 0.167649 0.304430
vt 0.805448 0.965397
vt 0.811976 0.975226
vt 0.236652 0.991068
vt 0.224524 0.992382
vt 0.230977 0.986369
vt 0.776906 0.774372
vt 0.742307 0.730327
vt 0.164224 0.138697
vt 0.016508 0.738516
vt 0.023021 0.724550
vt 0.023015 0.741937
vt 0.805586 0.932839
vt 0.821170 0.935621
vt 0.825544 0.942761
vt 0.850561 0.768498
vt 0.848858 0.770318
vt 0.444625 0.599125
vt 0.456639 0.595619
vt 0.448739 0.612121
vt 0.830226 0.930991
vt 0.834887 0.938303
vt 0.420320 0.869379
vt 0.435989 0.857766
vt 0.775459 0.437292
vt 0.774010 0.455091
vt 0.765384 0.435281
vt 0.705086 0.411258
vt 0.693600 0.428539
vt 0.698441 0.405555
vt 0.855063 0.054845
vt 0.846659 0.046887
vt 0.864138 0.041567
vt 0.697272 0.022907
vt 0.683502 0.022907
vt 0.680353 0.016675
vt 0.190655 0.371077
vt 0.181292 0.372957
vt 0.610216 0.453975
vt 0.612520 0.470572
vt 0.091833 0.713759
vt 0.772470 0.137585
vt 0.983590 0.493872
vt 0.983015 0.496601
vt 0.981389 0.488603
vt 0.078962 0.747231
vt 0.071192 0.752671
vt 0.080727 0.737176
vt 0.272706 0.243285
vt 0.141886 0.934233
vt 0.150287 0.939319
vt 0.143571 0.953834
vt 0.131577 0.853383
vt 0.124807 0.830815
vt 0.134187 0.823441
vt 0.654302 0.050224
vt 0.636094 0.060170
vt 0.630305 0.052795
vt 0.710702 0.902147
vt 0.703952 0.890519
vt 0.723359 0.906422
vt 0.070580 0.838800
vt 0.045945 0.590660
vt 0.047019 0.570865
vt 0.048742 0.591648
vt 0.487700 0.498890
vt 0.491180 0.537941
vt 0.251859 0.332628
vt 0.282469 0.331693
vt 0.272163 0.339454
vt 0.320552 0.335548
vt 0.242239 0.349612
vt 0.094041 0.374377
vt 0.097413 0.381854
vt 0.973103 0.074523
vt 0.976052 0.077130
vt 0.373659 0.670746
vt 0.197370 0.207031
vt 0.429151 0.669083
vt 0.406869 0.681526
vt 0.412685 0.660443
vt 0.744041 0.439180
vt 0.778150 0.468919
vt 0.218460 0.364397
vt 0.956325 0.659418
vt 0.955925 0.676646
vt 0.212482 0.877205
vt 0.172782 0.875841
vt 0.186781 0.867632
vt 0.158535 0.145203
vt 0.170885 0.154884
vt 0.143067 0.165021
vt 0.932376 0.036346
vt 0.918221 0.032261
vt 0.923347 0.028815
vt 0.757551 0.919539
vt 0.177869 0.044053
vt 0.172864 0.039290
vt 0.195141 0.042573
vt 0.813398 0.281285
vt 0.714119 0.116109
vt 0.675390 0.116109
vt 0.672535 0.114793
vt 0.532840 0.568598
vt 0.537235 0.576265
vt 0.529017 0.578768
vt 0.867306 0.890131
vt 0.586255 0.326914
vt 0.464275 0.355547
vt 0.476865 0.359135
vt 0.462956 0.358042
vt 0.850118 0.957002
vt 0.858156 0.966504
vt 0.844927 0.965476
vt 0.240476 0.735161
vt 0.615859 0.538243
vt 0.545158 0.560583
vt 0.541428 0.569190
vt 0.979536 0.365413
vt 0.983471 0.383340
vt 0.978053 0.387325
vt 0.638402 0.568955
vt 0.630865 0.583253
vt 0.619328 0.578093
vt 0.141157 0.736630
vt 0.133580 0.719779
vt 0.136542 0.719371
vt 0.808836 0.959466
vt 0.818086 0.960867
vt 0.815210 0.955753
vt 0.721855 0.331702
vt 0.082211 0.607344
vt 0.085611 0.600239
vt 0.092672 0.612942
vt 0.614750 0.260837
vt 0.103366 0.350930
vt 0.876269 0.974348
vt 0.866569 0.966951
vt 0.175300 0.402038
vt 0.185775 0.405270
vt 0.516257 0.604029
vt 0.516987 0.601599
vt 0.525100 0.603764
vt 0.099394 0.831643
vt 0.086665 0.823361
vt 0.094193 0.806554
vt 0.869713 0.022394
vt 0.872777 0.027540
vt 0.857634 0.024134
vt 0.280906 0.763288
vt 0.887766 0.820309
vt 0.886115 0.836151
vt 0.892022 0.831444
vt 0.877546 0.159927
vt 0.740980 0.067056
vt 0.746193 0.068743
vt 0.735197 0.068851
vt 0.876008 0.352813
vt 0.518074 0.388847
vt 0.486280 0.394157
vt 0.574956 0.102669
vt 0.592188 0.095848
vt 0.600081 0.100095
vt 0.175546 0.121084
vt 0.279688 0.133137
vt 0.283978 0.139454
vt 0.284000 0.143180
vt 0.984730 0.053481
vt 0.985009 0.059842
vt 0.980699 0.041082
vt 0.225121 0.143124
vt 0.892654 0.205000
vt 0.127768 0.875963
vt 0.933286 0.888174
vt 0.229095 0.713032
vt 0.265007 0.705418
vt 0.248604 0.717938
vt 0.557345 0.608479
vt 0.073344 0.993690
vt 0.087518 0.998099
vt 0.073376 0.999937
vt 0.391185 0.646806
vt 0.395530 0.628180
vt 0.406002 0.600175
vt 0.512817 0.517303
vt 0.546323 0.370672
vt 0.570416 0.361832
vt 0.598260 0.218767
vt 0.601544 0.217491
vt 0.616257 0.222584
vt 0.270446 0.939361
vt 0.026359 0.412657
vt 0.026359 0.389014
vt 0.027656 0.413834
vt 0.813282 0.206373
vt 0.822675 0.205309
vt 0.173267 0.658622
vt 0.173921 0.697848
vt 0.163341 0.685077
vt 0.169687 0.706349
vt 0.768048 0.258271
vt 0.760895 0.246879
vt 0.666456 0.786212
vt 0.670286 0.772490
vt 0.670669 0.787936
vt 0.075733 0.231494
vt 0.087503 0.240664
vt 0.343371 0.305267
vt 0.971091 0.169662
vt 0.979712 0.215494
vt 0.960427 0.181427
vt 0.199786 0.242921
vt 0.205576 0.261722
vt 0.199638 0.266072
vt 0.170413 0.819639
vt 0.156562 0.820714
vt 0.935101 0.244415
vt 0.836074 0.223181
vt 0.822930 0.215478
vt 0.830140 0.209991
vt 0.091701 0.103909
vt 0.087180 0.121164
vt 0.084229 0.124766
vt 0.687326 0.626635
vt 0.252664 0.160811
vt 0.108688 0.085689
vt 0.479952 0.798904
vt 0.475089 0.810253
vt 0.817894 0.976398
vt 0.834918 0.974806
vt 0.831735 0.980063
vt 0.097566 0.755826
vt 0.445266 0.115928
vt 0.434358 0.113355
vt 0.440696 0.110634
vt 0.081996 0.773057
vt 0.089365 0.776499
vt 0.078281 0.778938
vt 0.484755 0.235300
vt 0.482320 0.227947
vt 0.512795 0.223965
vt 0.653241 0.960283
vt 0.565054 0.046987
vt 0.554568 0.031485
vt 0.565608 0.033125
vt 0.320783 0.044123
vt 0.333145 0.040815
vt 0.327325 0.046188
vt 0.190748 0.676510
vt 0.236910 0.666770
vt 0.230873 0.671476
vt 0.561488 0.502107
vt 0.563440 0.495938
vt 0.765980 0.344611
vt 0.774334 0.336978
vt 0.771758 0.344481
vt 0.942946 0.300523
vt 0.011895 0.272988
vt 0.008900 0.271472
vt 0.011793 0.261545
vt 0.866183 0.029258
vt 0.866531 0.030249
vt 0.856071 0.026602
vt 0.364916 0.830972
vt 0.422882 0.828457
vt 0.431741 0.832374
vt 0.128280 0.665229
vt 0.631981 0.874809
vt 0.632251 0.869165
vt 0.646777 0.871633
vt 0.542972 0.425298
vt 0.568343 0.434011
vt 0.983540 0.464829
vt 0.656002 0.972826
vt 0.984030 0.890950
vt 0.999090 0.888497
vt 0.993037 0.904660
vt 0.113657 0.522392
vt 0.105336 0.551704
vt 0.109018 0.522299
vt 0.911132 0.753537
vt 0.910939 0.733478
vt 0.566813 0.907931
vt 0.550216 0.904354
vt 0.564446 0.904367
vt 0.677617 0.269868
vt 0.803804 0.199224
vt 0.522183 0.734353
vt 0.519174 0.722491
vt 0.520179 0.714238
vt 0.524779 0.709905
vt 0.814680 0.137365
vt 0.821298 0.122794
vt 0.594959 0.061245
vt 0.599076 0.049576
vt 0.601098 0.055086
vt 0.603037 0.050608
vt 0.619840 0.827726
vt 0.639082 0.794289
vt 0.648832 0.793755
vt 0.529435 0.379269
vt 0.377593 0.558372
vt 0.375432 0.528894
vt 0.377803 0.533515
vt 0.338692 0.119569
vt 0.910636 0.419843
vt 0.928216 0.414552
vt 0.696254 0.676290
vt 0.769500 0.289339
vt 0.777577 0.294934
vt 0.659091 0.424728
vt 0.174642 0.124172
vt 0.462141 0.777708
vt 0.447047 0.783941
vt 0.459736 0.774356
vt 0.307058 0.403880
vt 0.013386 0.249597
vt 0.006272 0.248086
vt 0.013671 0.236040
vt 0.714937 0.143277
vt 0.726451 0.155201
vt 0.713381 0.153591
vt 0.122631 0.305391
vt 0.121668 0.306376
vt 0.270189 0.737533
vt 0.023596 0.538580
vt 0.023731 0.513962
vt 0.026083 0.524807
vt 0.517401 0.305154
vt 0.555056 0.304505
vt 0.549147 0.305948
vt 0.187009 0.616554
vt 0.179500 0.644317
vt 0.893435 0.791614
vt 0.892309 0.801733
vt 0.008217 0.995601
vt 0.017171 0.998380
vt 0.005717 0.999023
vt 0.071370 0.649506
vt 0.076763 0.642107
vt 0.073761 0.653816
vt 0.835435 0.399822
vt 0.835549 0.387424
vt 0.839140 0.380007
vt 0.017922 0.578401
vt 0.022375 0.570116
vt 0.022237 0.585774
vt 0.543707 0.132172
vt 0.462323 0.893404
vt 0.454812 0.897035
vt 0.606224 0.140887
vt 0.754356 0.910463
vt 0.469533 0.911974
vt 0.457315 0.923324
vt 0.468162 0.926466
vt 0.418181 0.926019
vt 0.504252 0.017317
vt 0.517483 0.015473
vt 0.508236 0.028740
vt 0.041662 0.887230
vt 0.041592 0.882468
vt 0.557573 0.949054
vt 0.575627 0.942923
vt 0.538050 0.377324
vt 0.066623 0.707762
vt 0.399842 0.560002
vt 0.720611 0.327770
vt 0.766870 0.813496
vt 0.767717 0.815457
vt 0.614613 0.590417
vt 0.626523 0.605484
vt 0.571945 0.513895
vt 0.100466 0.766011
vt 0.091652 0.775186
vt 0.912402 0.596856
vt 0.753788 0.415014
vt 0.765444 0.405964
vt 0.757414 0.433538
vt 0.860803 0.800011
vt 0.859692 0.794845
vt 0.867319 0.797825
vt 0.905174 0.955440
vt 0.912964 0.940468
vt 0.903586 0.973810
vt 0.051737 0.057987
vt 0.400633 0.700603
vt 0.802469 0.207550
vt 0.696567 0.887313
vt 0.685208 0.898129
vt 0.860147 0.790053
vt 0.088125 0.590660
vt 0.080070 0.600198
vt 0.090165 0.579200
vt 0.042734 0.573505
vt 0.944257 0.907628
vt 0.948107 0.907152
vt 0.936399 0.945502
vt 0.942831 0.759367
vt 0.948112 0.745611
vt 0.578992 0.083507
vt 0.583367 0.078720
vt 0.600578 0.083236
vt 0.578261 0.043273
vt 0.580855 0.039215
vt 0.055093 0.044193
vt 0.077024 0.043038
vt 0.061724 0.046318
vt 0.403426 0.732373
vt 0.393477 0.735386
vt 0.036725 0.957890
vt 0.227936 0.247551
vt 0.232715 0.259008
vt 0.477077 0.933114
vt 0.488772 0.932049
vt 0.063277 0.525034
vt 0.055254 0.529062
vt 0.051730 0.522690
vt 0.555782 0.136152
vt 0.947476 0.661961
vt 0.723606 0.738222
vt 0.713619 0.772682
vt 0.827594 0.925147
vt 0.813641 0.920769
vt 0.800365 0.906369
vt 0.619179 0.251789
vt 0.886728 0.054187
vt 0.875781 0.054022
vt 0.599140 0.042118
vt 0.863208 0.510081
vt 0.848951 0.528692
vt 0.866379 0.482301
vt 0.225928 0.809963
vt 0.237885 0.803728
vt 0.727789 0.678709
vt 0.723987 0.687940
vt 0.726520 0.658775
vt 0.526836 0.922908
vt 0.504205 0.922662
vt 0.961194 0.968988
vt 0.546465 0.349790
vt 0.542618 0.359131
vt 0.818185 0.041875
vt 0.761661 0.332924
vt 0.759376 0.351698
vt 0.013836 0.205634
vt 0.009364 0.207105
vt 0.008326 0.199847
vt 0.899242 0.527773
vt 0.113998 0.881960
vt 0.106611 0.880316
vt 0.110345 0.877211
vt 0.192938 0.635141
vt 0.567180 0.545209
vt 0.398868 0.443064
vt 0.325490 0.262718
vt 0.058463 0.468795
vt 0.072045 0.460615
vt 0.074013 0.468573
vt 0.802466 0.550889
vt 0.802346 0.582375
vt 0.800490 0.561052
vt 0.282514 0.505911
vt 0.286208 0.522541
vt 0.277016 0.506137
vt 0.470872 0.606113
vt 0.468906 0.615710
vt 0.593067 0.860836
vt 0.583456 0.847391
vt 0.632706 0.850965
vt 0.270941 0.398686
vt 0.947179 0.219962
vt 0.949762 0.243196
vt 0.941933 0.238092
vt 0.332117 0.504696
vt 0.315614 0.726092
vt 0.329256 0.716762
vt 0.434029 0.488402
vt 0.399163 0.037639
vt 0.390388 0.036198
vt 0.398754 0.032455
vt 0.820099 0.051401
vt 0.820991 0.625509
vt 0.825970 0.630507
vt 0.824015 0.613076
vt 0.822047 0.613462
vt 0.968427 0.018432
vt 0.971395 0.020697
vt 0.971389 0.032653
vt 0.174233 0.082072
vt 0.184402 0.078995
vt 0.188168 0.080927
vt 0.791950 0.946146
vt 0.407661 0.031801
vt 0.825575 0.047820
vt 0.334532 0.504080
vt 0.328365 0.535374
vt 0.332507 0.512151
vt 0.322625 0.310183
vt 0.329697 0.307308
vt 0.757574 0.294796
vt 0.752483 0.299185
vt 0.758429 0.289176
vt 0.515097 0.991554
vt 0.026780 0.343902
vt 0.023913 0.348226
vt 0.262355 0.297696
vt 0.273837 0.092215
vt 0.273201 0.105274
vt 0.673662 0.346202
vt 0.674805 0.349430
vt 0.665272 0.342069
vt 0.488715 0.087989
vt 0.492086 0.086534
vt 0.498066 0.090018
vt 0.407907 0.655858
vt 0.394874 0.656309
vt 0.844725 0.409464
vt 0.869826 0.539177
vt 0.214377 0.286588
vt 0.232137 0.285784
vt 0.006706 0.537233
vt 0.006275 0.526372
vt 0.012103 0.536314
vt 0.339902 0.145174
vt 0.095485 0.304178
vt 0.079177 0.285798
vt 0.085018 0.280104
vt 0.793084 0.684918
vt 0.795295 0.721831
vt 0.790689 0.719539
vt 0.141266 0.662411
vt 0.145654 0.676191
vt 0.139855 0.668317
vt 0.711149 0.103443
vt 0.689254 0.105232
vt 0.691254 0.100684
vt 0.575591 0.286006
vt 0.561592 0.824516
vt 0.573220 0.832101
vt 0.935863 0.040518
vt 0.942574 0.052200
vt 0.933144 0.041145
vt 0.080136 0.643126
vt 0.172535 0.198688
vt 0.983647 0.104890
vt 0.242249 0.297698
vt 0.160174 0.706647
vt 0.857610 0.301222
vt 0.864419 0.288534
vt 0.867003 0.297063
vt 0.928675 0.490768
vt 0.935269 0.496425
vt 0.299024 0.771027
vt 0.099738 0.230114
vt 0.094948 0.239667
vt 0.095526 0.229109
vt 0.887552 0.949248
vt 0.483782 0.688055
vt 0.489247 0.672504
vt 0.527048 0.987774
vt 0.803302 0.268836
vt 0.950329 0.725089
vt 0.948418 0.735578
vt 0.082007 0.851551
vt 0.745703 0.419575
vt 0.749629 0.425882
vt 0.743311 0.421647
vt 0.025190 0.865889
vt 0.009674 0.860848
vt 0.019863 0.862049
vt 0.208834 0.266605
vt 0.198106 0.272331
vt 0.519555 0.591316
vt 0.535179 0.585396
vt 0.845726 0.019818
vt 0.838781 0.012172
vt 0.844737 0.007138
vt 0.676639 0.005856
vt 0.677000 0.016847
vt 0.668554 0.010711
vt 0.656587 0.388805
vt 0.667447 0.375129
vt 0.670296 0.382060
vt 0.428525 0.604958
vt 0.665644 0.999463
vt 0.672877 0.990060
vt 0.414023 0.091871
vt 0.449210 0.093516
vt 0.420427 0.096197
vt 0.600563 0.568573
vt 0.611744 0.584129
vt 0.443472 0.584064
vt 0.366589 0.803279
vt 0.366742 0.816451
vt 0.350048 0.790505
vt 0.858831 0.776942
vt 0.493891 0.830251
vt 0.486842 0.824545
vt 0.115587 0.371328
vt 0.119684 0.341249
vt 0.118012 0.364040
vt 0.980137 0.161776
vt 0.982529 0.145774
vt 0.985409 0.151254
vt 0.945753 0.267475
vt 0.335653 0.612154
vt 0.134665 0.982970
vt 0.127211 0.979498
vt 0.145207 0.980295
vt 0.551008 0.717383
vt 0.114903 0.198312
vt 0.839322 0.065189
vt 0.843067 0.062759
vt 0.846279 0.065802
vt 0.589849 0.341339
vt 0.719427 0.205562
vt 0.699546 0.205694
vt 0.790549 0.527920
vt 0.168626 0.076991
vt 0.176285 0.078446
vt 0.794850 0.537894
vt 0.621909 0.132662
vt 0.317599 0.131037
vt 0.645651 0.529585
vt 0.788101 0.432364
vt 0.776158 0.428272
vt 0.498872 0.889933
vt 0.469328 0.886966
vt 0.500327 0.881054
vt 0.266512 0.024009
vt 0.264007 0.020430
vt 0.283581 0.021990
vt 0.424595 0.490246
vt 0.550464 0.562885
vt 0.804410 0.295140
vt 0.805812 0.284874
vt 0.809672 0.290467
vt 0.198639 0.729865
vt 0.591396 0.561184
vt 0.842017 0.044112
vt 0.434641 0.951541
vt 0.251644 0.114261
vt 0.258674 0.104357
vt 0.259996 0.111133
vt 0.064402 0.096368
vt 0.064114 0.079985
vt 0.080644 0.073924
vt 0.170466 0.604134
vt 0.925822 0.445603
vt 0.911512 0.445306
vt 0.925661 0.442338
vt 0.011496 0.527906
vt 0.945127 0.057380
vt 0.917628 0.057380
vt 0.919082 0.055559
vt 0.364119 0.015657
vt 0.365014 0.019024
vt 0.354849 0.032293
vt 0.546799 0.971957
vt 0.101198 0.729238
vt 0.097184 0.730065
vt 0.406011 0.060865
vt 0.395859 0.079063
vt 0.394930 0.072360
vt 0.176135 0.133151
vt 0.198864 0.134323
vt 0.198774 0.139447
vt 0.082500 0.221053
vt 0.817547 0.034422
vt 0.840553 0.197692
vt 0.978307 0.792316
vt 0.658827 0.916529
vt 0.658808 0.924753
vt 0.836199 0.598865
vt 0.822147 0.599372
vt 0.830908 0.585657
vt 0.776874 0.242758
vt 0.357027 0.592152
vt 0.999461 0.812211
vt 0.994956 0.829022
vt 0.993665 0.808837
vt 0.428343 0.283654
vt 0.504586 0.288781
vt 0.524265 0.277361
vt 0.174290 0.086706
vt 0.184882 0.085454
vt 0.968967 0.035571
vt 0.966750 0.033000
vt 0.184826 0.511918
vt 0.195131 0.501727
vt 0.190015 0.509381
vt 0.878937 0.154103
vt 0.886951 0.155336
vt 0.404009 0.434715
vt 0.436431 0.437290
vt 0.404464 0.439428
vt 0.386220 0.437063
vt 0.308053 0.117979
vt 0.294771 0.128074
vt 0.289130 0.118198
vt 0.592593 0.243605
vt 0.771620 0.015415
vt 0.774209 0.008844
vt 0.782243 0.008273
vt 0.644701 0.602301
vt 0.963994 0.078312
vt 0.663625 0.601132
vt 0.816284 0.693683
vt 0.813621 0.699869
vt 0.813130 0.690785
vt 0.637097 0.673775
vt 0.891262 0.763200
vt 0.888065 0.756434
vt 0.546698 0.773496
vt 0.893703 0.778475
vt 0.872034 0.434169
vt 0.947742 0.187504
vt 0.166852 0.084923
vt 0.514873 0.862299
vt 0.851489 0.708083
vt 0.852406 0.660510
vt 0.861132 0.696630
vt 0.404879 0.077975
vt 0.170194 0.063373
vt 0.162164 0.061841
vt 0.165482 0.058286
vt 0.700999 0.546182
vt 0.532883 0.632419
vt 0.531053 0.608695
vt 0.541464 0.631852
vt 0.815007 0.303268
vt 0.417812 0.456417
vt 0.787639 0.258681
vt 0.809793 0.249999
vt 0.408571 0.311900
vt 0.406977 0.308573
vt 0.425748 0.308496
vt 0.378318 0.308892
vt 0.633670 0.830163
vt 0.682135 0.829758
vt 0.636638 0.831662
vt 0.114827 0.471475
vt 0.104522 0.494823
vt 0.109683 0.470958
vt 0.132785 0.696310
vt 0.883127 0.346525
vt 0.878299 0.362474
vt 0.785734 0.748438
vt 0.780985 0.763802
vt 0.243174 0.654356
vt 0.124828 0.050154
vt 0.143032 0.051109
vt 0.124592 0.053455
vt 0.916206 0.315800
vt 0.904891 0.316561
vt 0.904664 0.311431
vt 0.085716 0.262586
vt 0.089818 0.252452
vt 0.088231 0.281598
vt 0.336112 0.922099
vt 0.320107 0.924807
vt 0.314808 0.912517
vt 0.670363 0.239248
vt 0.658847 0.234558
vt 0.948268 0.256938
vt 0.935652 0.250937
vt 0.946613 0.245238
vt 0.630199 0.604027
vt 0.632021 0.592208
vt 0.072812 0.924333
vt 0.071272 0.923020
vt 0.071140 0.904069
vt 0.064954 0.906511
vt 0.983958 0.805926
vt 0.969399 0.826241
vt 0.967422 0.807550
vt 0.133257 0.899135
vt 0.140759 0.905558
vt 0.275840 0.162711
vt 0.331137 0.377042
vt 0.285793 0.216347
vt 0.047632 0.527801
vt 0.062794 0.538132
vt 0.043985 0.529082
vt 0.794478 0.286770
vt 0.414923 0.377526
vt 0.413274 0.384355
vt 0.955526 0.077942
vt 0.528136 0.702128
vt 0.722131 0.259728
vt 0.824796 0.120575
vt 0.460029 0.927537
vt 0.860148 0.910327
vt 0.856801 0.881216
vt 0.859866 0.888339
vt 0.593885 0.326032
vt 0.095218 0.685547
vt 0.807933 0.863095
vt 0.797709 0.859841
vt 0.647300 0.156162
vt 0.564582 0.493968
vt 0.561711 0.491901
vt 0.236567 0.290516
vt 0.841790 0.381172
vt 0.374389 0.408310
vt 0.340346 0.418044
vt 0.341535 0.407525
vt 0.492047 0.289905
vt 0.590327 0.059120
vt 0.419287 0.332229
vt 0.440854 0.330359
vt 0.418247 0.338430
vt 0.549252 0.390060
vt 0.274849 0.610084
vt 0.277807 0.621160
vt 0.273160 0.624209
vt 0.964243 0.107804
vt 0.963172 0.113213
vt 0.934051 0.112669
vt 0.719704 0.734247
vt 0.132378 0.348406
vt 0.139010 0.347558
vt 0.139917 0.369949
vt 0.918799 0.043035
vt 0.923014 0.039826
vt 0.936523 0.053430
vt 0.841859 0.861149
vt 0.842732 0.878219
vt 0.837541 0.881576
vt 0.346193 0.163018
vt 0.309456 0.168876
vt 0.311900 0.207722
vt 0.327176 0.213424
vt 0.310923 0.211085
vt 0.493533 0.715966
vt 0.864453 0.899918
vt 0.995232 0.421468
vt 0.987644 0.422014
vt 0.995218 0.401770
vt 0.935507 0.525753
vt 0.898585 0.486072
vt 0.888859 0.502214
vt 0.889652 0.496597
vt 0.187125 0.936173
vt 0.174926 0.924903
vt 0.295872 0.155127
vt 0.316689 0.153377
vt 0.315507 0.162426
vt 0.796081 0.293969
vt 0.789016 0.287585
vt 0.718463 0.196571
vt 0.252000 0.248184
vt 0.471595 0.497615
vt 0.482573 0.495545
vt 0.279625 0.691072
vt 0.273777 0.685118
vt 0.491844 0.068737
vt 0.489179 0.074510
vt 0.476428 0.069339
vt 0.292645 0.530021
vt 0.304878 0.541110
vt 0.104900 0.240601
vt 0.105777 0.215315
vt 0.120355 0.228173
vt 0.781578 0.801248
vt 0.778619 0.803090
vt 0.778122 0.794570
vt 0.056920 0.148254
vt 0.064539 0.145367
vt 0.708706 0.444735
vt 0.662293 0.141160
vt 0.472987 0.575131
vt 0.762967 0.329826
vt 0.883888 0.853573
vt 0.723891 0.066416
vt 0.038658 0.326297
vt 0.035400 0.333073
vt 0.031225 0.328068
vt 0.845338 0.949527
vt 0.623564 0.754820
vt 0.597947 0.740836
vt 0.870385 0.206580
vt 0.869927 0.210726
vt 0.711487 0.591967
vt 0.700255 0.590418
vt 0.700790 0.553841
vt 0.490941 0.508233
vt 0.285181 0.896740
vt 0.259185 0.897382
vt 0.246264 0.895575
vt 0.696979 0.505398
vt 0.700996 0.515548
vt 0.328643 0.205125
vt 0.306214 0.180943
vt 0.331932 0.170984
vt 0.370556 0.693150
vt 0.352814 0.693093
vt 0.628076 0.974236
vt 0.617736 0.971587
vt 0.718961 0.817520
vt 0.647141 0.387049
vt 0.694029 0.821990
vt 0.686121 0.819133
vt 0.296926 0.135507
vt 0.263500 0.818087
vt 0.259864 0.822378
vt 0.556763 0.702488
vt 0.569134 0.759735
vt 0.560066 0.745914
vt 0.572815 0.760359
vt 0.187224 0.669347
vt 0.632794 0.075677
vt 0.643192 0.084402
vt 0.613739 0.082575
vt 0.933206 0.861565
vt 0.934066 0.863385
vt 0.936547 0.906020
vt 0.306331 0.549977
vt 0.887682 0.179908
vt 0.979135 0.321745
vt 0.979481 0.356361
vt 0.976059 0.364772
vt 0.725680 0.623733
vt 0.074455 0.293614
vt 0.074633 0.278325
vt 0.082675 0.269337
vt 0.284631 0.264972
vt 0.252580 0.262574
vt 0.276205 0.260164
vt 0.408288 0.192476
vt 0.320953 0.372606
vt 0.143550 0.736164
vt 0.775932 0.462593
vt 0.880230 0.316483
vt 0.117397 0.662734
vt 0.129035 0.653702
vt 0.169762 0.190608
vt 0.672687 0.793859
vt 0.672482 0.765869
vt 0.678392 0.802538
vt 0.556763 0.738615
vt 0.122252 0.273452
vt 0.122816 0.297312
vt 0.004757 0.889998
vt 0.622694 0.655555
vt 0.620025 0.694516
vt 0.620435 0.663039
vt 0.620187 0.610419
vt 0.224245 0.260480
vt 0.973922 0.460499
vt 0.882390 0.328159
vt 0.848177 0.705538
vt 0.902328 0.920394
vt 0.184195 0.513834
vt 0.863717 0.865268
vt 0.410643 0.660778
vt 0.874674 0.729216
vt 0.889831 0.751333
vt 0.885353 0.754366
vt 0.798309 0.920638
vt 0.009381 0.165842
vt 0.014170 0.175435
vt 0.008173 0.174910
vt 0.782928 0.943114
vt 0.782503 0.939635
vt 0.314020 0.985924
vt 0.298211 0.997767
vt 0.293395 0.986615
vt 0.430576 0.194800
vt 0.335701 0.571918
vt 0.601035 0.479607
vt 0.601376 0.502107
vt 0.313640 0.320454
vt 0.013365 0.535186
vt 0.666648 0.361863
vt 0.773081 0.831299
vt 0.794819 0.015738
vt 0.799698 0.015792
vt 0.803471 0.021946
vt 0.633951 0.205224
vt 0.360516 0.465374
vt 0.310368 0.460770
vt 0.623637 0.442633
vt 0.664546 0.444014
vt 0.685373 0.457177
vt 0.522782 0.487437
vt 0.518243 0.489494
vt 0.392875 0.057117
vt 0.852102 0.817260
vt 0.853019 0.824164
vt 0.821078 0.708808
vt 0.774816 0.279244
vt 0.891620 0.444906
vt 0.889698 0.441735
vt 0.899010 0.444332
vt 0.746372 0.521128
vt 0.277146 0.285731
vt 0.290933 0.051005
vt 0.315662 0.051787
vt 0.291842 0.053024
vt 0.331528 0.039860
vt 0.333528 0.020518
vt 0.333825 0.037964
vt 0.508253 0.450649
vt 0.542618 0.456197
vt 0.568372 0.475195
vt 0.665059 0.429683
vt 0.800662 0.926336
vt 0.980758 0.088256
vt 0.942233 0.243033
vt 0.402321 0.905203
vt 0.568755 0.507746
vt 0.564750 0.506041
vt 0.509192 0.792368
vt 0.647266 0.068983
vt 0.630849 0.070449
vt 0.638671 0.068848
vt 0.848334 0.955132
vt 0.156951 0.217709
vt 0.029702 0.642709
vt 0.028881 0.665015
vt 0.027652 0.639975
vt 0.885754 0.995661
vt 0.867849 0.987933
vt 0.897326 0.986734
vt 0.577501 0.306405
vt 0.577335 0.304319
vt 0.975050 0.415809
vt 0.976758 0.419022
vt 0.967808 0.419142
vt 0.858493 0.419564
vt 0.181372 0.235069
vt 0.203046 0.231930
vt 0.224676 0.231873
vt 0.804065 0.948825
vt 0.191049 0.485925
vt 0.219528 0.488043
vt 0.118506 0.975425
vt 0.139499 0.973274
vt 0.145488 0.976086
vt 0.601164 0.671955
vt 0.593966 0.679510
vt 0.591087 0.641926
vt 0.103837 0.711726
vt 0.508287 0.986792
vt 0.515972 0.987773
vt 0.499896 0.989133
vt 0.784452 0.912641
vt 0.357095 0.551315
vt 0.785708 0.615510
vt 0.786297 0.653217
vt 0.781934 0.589301
vt 0.320432 0.294833
vt 0.079745 0.984085
vt 0.057835 0.985425
vt 0.056988 0.983202
vt 0.715810 0.524838
vt 0.977837 0.804625
vt 0.820047 0.249266
vt 0.501002 0.214594
vt 0.532654 0.213641
vt 0.534976 0.216258
vt 0.109815 0.018212
vt 0.113692 0.033312
vt 0.106179 0.029032
vt 0.011941 0.936142
vt 0.013467 0.937112
vt 0.011504 0.942672
vt 0.006771 0.188709
vt 0.013130 0.190230
vt 0.012190 0.195052
vt 0.013118 0.188487
vt 0.380276 0.418767
vt 0.789743 0.409007
vt 0.789143 0.417891
vt 0.594307 0.007292
vt 0.579766 0.007041
vt 0.589120 0.004779
vt 0.068584 0.884623
vt 0.072436 0.896229
vt 0.705038 0.743151
vt 0.824685 0.622668
vt 0.257965 0.090670
vt 0.561284 0.485618
vt 0.566261 0.482896
vt 0.025651 0.790044
vt 0.032468 0.797704
vt 0.026087 0.793997
vt 0.169882 0.426453
vt 0.884667 0.731031
vt 0.449197 0.050551
vt 0.445903 0.055551
vt 0.430455 0.054942
vt 0.654338 0.890529
vt 0.649648 0.884492
vt 0.880335 0.712839
vt 0.295188 0.483589
vt 0.065654 0.139284
vt 0.864755 0.734520
vt 0.424929 0.711544
vt 0.434794 0.706623
vt 0.436815 0.731712
vt 0.133930 0.785447
vt 0.139276 0.781767
vt 0.133497 0.808453
vt 0.141124 0.112605
vt 0.136389 0.105251
vt 0.147799 0.112496
vt 0.127327 0.113440
vt 0.805693 0.641741
vt 0.802897 0.662775
vt 0.796198 0.647770
vt 0.797551 0.628079
vt 0.632538 0.410887
vt 0.638967 0.404228
vt 0.674062 0.422654
vt 0.561850 0.324042
vt 0.566118 0.320491
vt 0.042120 0.328864
vt 0.357858 0.497082
vt 0.349530 0.502401
vt 0.592717 0.212063
vt 0.098823 0.522728
vt 0.095050 0.526944
vt 0.429684 0.396632
vt 0.322298 0.215910
vt 0.298669 0.215151
vt 0.171801 0.114850
vt 0.144164 0.119827
vt 0.230556 0.847418
vt 0.543461 0.070681
vt 0.544495 0.081038
vt 0.519402 0.075952
vt 0.488870 0.764376
vt 0.494853 0.737848
vt 0.499603 0.755270
vt 0.570614 0.155377
vt 0.047859 0.317012
vt 0.047101 0.335190
vt 0.042984 0.319285
vt 0.181821 0.606989
vt 0.556419 0.048041
vt 0.383189 0.867404
vt 0.367126 0.873927
vt 0.364250 0.868202
vt 0.535660 0.448544
vt 0.538286 0.434722
vt 0.189200 0.490284
vt 0.182994 0.482933
vt 0.273015 0.030510
vt 0.604000 0.542974
vt 0.595306 0.537149
vt 0.597565 0.515959
vt 0.219774 0.156090
vt 0.932667 0.444389
vt 0.009816 0.319141
vt 0.015837 0.318479
vt 0.013525 0.327502
vt 0.022002 0.320382
vt 0.840774 0.138409
vt 0.734816 0.761493
vt 0.663260 0.336610
vt 0.950658 0.333749
vt 0.956182 0.337351
vt 0.954198 0.348387
vt 0.167048 0.455199
vt 0.160709 0.478222
vt 0.685772 0.347050
vt 0.688248 0.356946
vt 0.818006 0.500034
vt 0.819792 0.521372
vt 0.812835 0.494212
vt 0.092554 0.735084
vt 0.082202 0.750792
vt 0.082037 0.738871
vt 0.385207 0.907345
vt 0.057080 0.142961
vt 0.149297 0.071172
vt 0.174995 0.068466
vt 0.179453 0.071010
vt 0.973906 0.065297
vt 0.958462 0.068550
vt 0.953088 0.062360
vt 0.505564 0.895091
vt 0.515794 0.883493
vt 0.527274 0.886907
vt 0.790346 0.751266
vt 0.259807 0.551981
vt 0.250921 0.601543
vt 0.246336 0.519991
vt 0.400195 0.057845
vt 0.884282 0.038761
vt 0.891127 0.035676
vt 0.887667 0.046756
vt 0.971265 0.072147
vt 0.831947 0.135451
vt 0.836068 0.136860
vt 0.871251 0.053309
vt 0.866981 0.048215
vt 0.878345 0.039677
vt 0.908491 0.929603
vt 0.965831 0.935129
vt 0.965106 0.894117
vt 0.969523 0.902882
vt 0.985003 0.718956
vt 0.984221 0.739095
vt 0.978660 0.726515
vt 0.093366 0.766361
vt 0.091114 0.770796
vt 0.088347 0.765352
vt 0.581157 0.496361
vt 0.584389 0.453394
vt 0.586386 0.498158
vt 0.861668 0.829402
vt 0.165412 0.884089
vt 0.200882 0.911618
vt 0.157894 0.899634
vt 0.336017 0.212130
vt 0.342717 0.204399
vt 0.362403 0.210892
vt 0.763597 0.372181
vt 0.765551 0.402927
vt 0.865677 0.994593
vt 0.116035 0.904586
vt 0.957640 0.389732
vt 0.947291 0.369009
vt 0.955047 0.363647
vt 0.688129 0.471909
vt 0.548470 0.341176
vt 0.508809 0.334378
vt 0.550988 0.330030
vt 0.287577 0.136439
vt 0.026138 0.812935
vt 0.028921 0.802701
vt 0.036546 0.804775
vt 0.227592 0.334584
vt 0.226506 0.340207
vt 0.623019 0.964665
vt 0.205566 0.138885
vt 0.231955 0.133378
vt 0.240259 0.137728
vt 0.202702 0.945791
vt 0.217897 0.946146
vt 0.941519 0.168780
vt 0.820560 0.588644
vt 0.589390 0.748371
vt 0.579918 0.769511
vt 0.012217 0.157919
vt 0.005678 0.150664
vt 0.010360 0.150953
vt 0.757373 0.309142
vt 0.856410 0.099078
vt 0.881186 0.096447
vt 0.869137 0.107999
vt 0.930528 0.054604
vt 0.906924 0.055163
vt 0.921935 0.049667
vt 0.867375 0.649394
vt 0.852962 0.603713
vt 0.867048 0.602819
vt 0.119400 0.426591
vt 0.119336 0.388042
vt 0.121448 0.390588
vt 0.348557 0.821696
vt 0.544361 0.414428
vt 0.725561 0.904848
vt 0.721726 0.889170
vt 0.741505 0.892157
vt 0.071640 0.132601
vt 0.775856 0.413734
vt 0.888000 0.857681
vt 0.887245 0.862839
vt 0.989102 0.025918
vt 0.986422 0.018681
vt 0.999459 0.018988
vt 0.348014 0.295827
vt 0.351251 0.299205
vt 0.088491 0.751624
vt 0.030112 0.197035
vt 0.024456 0.193403
vt 0.027828 0.173958
vt 0.877883 0.785018
vt 0.054916 0.465379
vt 0.043753 0.460969
vt 0.066708 0.463293
vt 0.176892 0.681883
vt 0.980093 0.456404
vt 0.079655 0.945759
vt 0.077852 0.969430
vt 0.074266 0.958924
vt 0.255635 0.118671
vt 0.839197 0.410661
vt 0.080923 0.714790
vt 0.101203 0.851968
vt 0.095867 0.852660
vt 0.361003 0.030126
vt 0.363472 0.025290
vt 0.373451 0.022482
vt 0.050426 0.664935
vt 0.051206 0.644311
vt 0.052982 0.663049
vt 0.326961 0.882095
vt 0.335048 0.890285
vt 0.321896 0.890778
vt 0.086593 0.785944
vt 0.103330 0.903854
vt 0.124643 0.920359
vt 0.113751 0.926840
vt 0.105315 0.604293
vt 0.125109 0.069129
vt 0.148676 0.068790
vt 0.135614 0.070174
vt 0.253814 0.134109
vt 0.261989 0.133599
vt 0.829527 0.958254
vt 0.007769 0.264508
vt 0.540758 0.486708
vt 0.006643 0.374954
vt 0.007909 0.371058
vt 0.018891 0.376057
vt 0.144647 0.058478
vt 0.382243 0.771553
vt 0.903895 0.902877
vt 0.896666 0.916689
vt 0.914739 0.741042
vt 0.858304 0.197462
vt 0.859996 0.177568
vt 0.859746 0.194678
vt 0.430500 0.633950
vt 0.422014 0.627808
vt 0.882948 0.838840
vt 0.878424 0.025324
vt 0.865975 0.016388
vt 0.878093 0.014069
vt 0.954831 0.814849
vt 0.955745 0.847227
vt 0.953910 0.813775
vt 0.866873 0.789806
vt 0.058829 0.713646
vt 0.020179 0.899436
vt 0.023485 0.906137
vt 0.015946 0.911523
vt 0.533931 0.204957
vt 0.561693 0.192590
vt 0.552262 0.201322
vt 0.573265 0.046765
vt 0.197949 0.403294
vt 0.513156 0.988914
vt 0.461663 0.214850
vt 0.456173 0.212011
vt 0.467428 0.212647
vt 0.443842 0.213356
vt 0.752896 0.516906
vt 0.804034 0.737976
vt 0.814525 0.718833
vt 0.812114 0.743325
vt 0.112094 0.871449
vt 0.218214 0.308340
vt 0.236928 0.305131
vt 0.239045 0.313455
vt 0.149884 0.126650
vt 0.365467 0.972054
vt 0.353655 0.974041
vt 0.342762 0.969361
vt 0.144703 0.267170
vt 0.156440 0.897260
vt 0.975913 0.366971
vt 0.806338 0.758562
vt 0.813820 0.758690
vt 0.178841 0.730588
vt 0.963458 0.807517
vt 0.119756 0.339044
vt 0.723577 0.099135
vt 0.693631 0.095127
vt 0.720512 0.091088
vt 0.916996 0.886041
vt 0.804600 0.190467
vt 0.002295 0.797277
vt 0.010217 0.790902
vt 0.008092 0.804237
vt 0.191205 0.246095
vt 0.679190 0.618065
vt 0.681432 0.574798
vt 0.680934 0.608675
vt 0.158552 0.063440
vt 0.358058 0.941786
vt 0.111029 0.342688
vt 0.910522 0.288691
vt 0.931326 0.294970
vt 0.904756 0.293948
vt 0.940217 0.808594
vt 0.420408 0.710791
vt 0.427771 0.689915
vt 0.314250 0.771996
vt 0.222362 0.496267
vt 0.950921 0.413774
vt 0.948028 0.446697
vt 0.948177 0.415642
vt 0.935628 0.485515
vt 0.567219 0.371758
vt 0.536142 0.381797
vt 0.534792 0.378525
vt 0.429941 0.439115
vt 0.414574 0.476683
vt 0.084586 0.047453
vt 0.082589 0.037828
vt 0.107218 0.048774
vt 0.375578 0.604988
vt 0.471457 0.948592
vt 0.811223 0.285989
vt 0.938199 0.121117
vt 0.975836 0.124790
vt 0.944962 0.124698
vt 0.263184 0.811046
vt 0.083044 0.637963
vt 0.422508 0.419697
vt 0.196435 0.791219
vt 0.183369 0.777208
vt 0.189233 0.776727
vt 0.967401 0.212625
vt 0.971832 0.208339
vt 0.983489 0.235387
vt 0.947646 0.755875
vt 0.967150 0.023126
vt 0.315946 0.125838
vt 0.828111 0.062163
vt 0.184220 0.833964
vt 0.195219 0.832664
vt 0.167334 0.413112
vt 0.849784 0.532862
vt 0.862473 0.535941
vt 0.689632 0.502218
vt 0.691903 0.483177
vt 0.670137 0.739054
vt 0.683102 0.757440
vt 0.007269 0.935976
vt 0.507455 0.104715
vt 0.541646 0.096996
vt 0.537165 0.105310
vt 0.920993 0.761373
vt 0.926663 0.756087
vt 0.920840 0.767863
vt 0.018100 0.287724
vt 0.015370 0.288579
vt 0.014046 0.282736
vt 0.261321 0.964420
vt 0.294298 0.959509
vt 0.288851 0.972679
vt 0.746564 0.476340
vt 0.742431 0.431096
vt 0.288721 0.669927
vt 0.468604 0.489774
vt 0.469900 0.474719
vt 0.593034 0.457738
vt 0.593413 0.495410
vt 0.590948 0.510435
vt 0.572007 0.105042
vt 0.776898 0.552654
vt 0.838895 0.930994
vt 0.042863 0.748308
vt 0.043215 0.721148
vt 0.044896 0.745989
vt 0.291567 0.709384
vt 0.713353 0.657866
vt 0.707262 0.659821
vt 0.709516 0.630051
vt 0.074194 0.575529
vt 0.081838 0.574333
vt 0.073611 0.598728
vt 0.862704 0.818546
vt 0.959400 0.477522
vt 0.942655 0.508945
vt 0.940411 0.504112
vt 0.458189 0.379269
vt 0.473122 0.380297
vt 0.509994 0.097706
vt 0.024067 0.803386
vt 0.023037 0.797758
vt 0.025368 0.804214
vt 0.885963 0.704356
vt 0.884501 0.701872
vt 0.980074 0.627511
vt 0.975643 0.629528
vt 0.974709 0.590643
vt 0.914280 0.242144
vt 0.916452 0.254202
vt 0.102843 0.825883
vt 0.107010 0.816629
vt 0.106713 0.838665
vt 0.336429 0.543995
vt 0.017915 0.275641
vt 0.994829 0.875346
vt 0.988583 0.850904
vt 0.993690 0.856937
vt 0.683286 0.659296
vt 0.348777 0.451581
vt 0.922622 0.721644
vt 0.922951 0.734257
vt 0.083965 0.980201
vt 0.379726 0.228478
vt 0.372123 0.236860
vt 0.360997 0.561273
vt 0.355479 0.989214
vt 0.326376 0.985710
vt 0.360096 0.984896
vt 0.407845 0.787308
vt 0.024434 0.863481
vt 0.016517 0.859584
vt 0.017860 0.850266
vt 0.141847 0.985494
vt 0.143874 0.987644
vt 0.112955 0.989179
vt 0.960911 0.596259
vt 0.957032 0.616773
vt 0.931979 0.610682
vt 0.521968 0.204150
vt 0.498816 0.207416
vt 0.520897 0.193652
vt 0.081949 0.144261
vt 0.075616 0.154788
vt 0.074632 0.128142
vt 0.906872 0.488811
vt 0.901892 0.471985
vt 0.918045 0.475832
vt 0.132917 0.677204
vt 0.586040 0.506381
vt 0.293187 0.906639
vt 0.293180 0.904132
vt 0.327076 0.903584
vt 0.031319 0.810272
vt 0.242375 0.432160
vt 0.253848 0.423311
vt 0.243114 0.436757
vt 0.047213 0.998680
vt 0.071098 0.998133
vt 0.068416 0.999741
vt 0.577230 0.353272
vt 0.905019 0.042919
vt 0.897949 0.046977
vt 0.607243 0.751973
vt 0.838523 0.888659
vt 0.709521 0.918734
vt 0.704485 0.905596
vt 0.724658 0.915586
vt 0.038278 0.037690
vt 0.027835 0.037004
vt 0.044348 0.028351
vt 0.041974 0.070312
vt 0.040381 0.091781
vt 0.036425 0.085558
vt 0.929144 0.269359
vt 0.247602 0.249124
vt 0.256986 0.252904
vt 0.893456 0.961752
vt 0.350524 0.186340
vt 0.753373 0.392586
vt 0.753532 0.372381
vt 0.967136 0.015743
vt 0.969746 0.016432
vt 0.861766 0.935654
vt 0.856580 0.950239
vt 0.191763 0.302951
vt 0.926674 0.611646
vt 0.929443 0.590619
vt 0.927843 0.614207
vt 0.904025 0.178924
vt 0.893827 0.182462
vt 0.021546 0.419732
vt 0.009946 0.410666
vt 0.022251 0.417653
vt 0.643169 0.225453
vt 0.415042 0.723872
vt 0.397723 0.291666
vt 0.365958 0.288152
vt 0.407852 0.282753
vt 0.595616 0.351361
vt 0.595660 0.623439
vt 0.902094 0.453592
vt 0.903061 0.454949
vt 0.933905 0.967974
vt 0.931312 0.932277
vt 0.933872 0.927769
vt 0.964723 0.146044
vt 0.413584 0.446703
vt 0.789356 0.504514
vt 0.902038 0.034831
vt 0.842092 0.639380
vt 0.043184 0.877484
vt 0.053096 0.881018
vt 0.422358 0.289022
vt 0.328270 0.154103
vt 0.430093 0.023316
vt 0.426355 0.026683
vt 0.411677 0.030616
vt 0.942114 0.287098
vt 0.702441 0.504439
vt 0.629453 0.937319
vt 0.617575 0.947098
vt 0.586180 0.947240
vt 0.255069 0.479823
vt 0.015582 0.209471
vt 0.016532 0.201341
vt 0.025233 0.203133
vt 0.735232 0.673048
vt 0.463461 0.878996
vt 0.303875 0.924449
vt 0.053018 0.582895
vt 0.817286 0.966639
vt 0.674261 0.816055
vt 0.665732 0.824085
vt 0.818463 0.904011
vt 0.815402 0.890686
vt 0.821119 0.890518
vt 0.632222 0.287139
vt 0.622380 0.294224
vt 0.501847 0.067097
vt 0.506496 0.068096
vt 0.984850 0.063045
vt 0.977805 0.074769
vt 0.980675 0.061075
vt 0.275984 0.706282
vt 0.601249 0.421923
vt 0.902188 0.286473
vt 0.894532 0.282349
vt 0.081527 0.531043
vt 0.079261 0.513826
vt 0.083282 0.516032
vt 0.425402 0.542449
vt 0.428624 0.536051
vt 0.831178 0.203726
vt 0.912729 0.114275
vt 0.925102 0.116957
vt 0.890171 0.115675
vt 0.981016 0.096692
vt 0.976226 0.102153
vt 0.973279 0.096387
vt 0.980251 0.865253
vt 0.116276 0.891502
vt 0.557369 0.485249
vt 0.523666 0.072254
vt 0.348414 0.477834
vt 0.394059 0.477837
vt 0.957135 0.855463
vt 0.952009 0.849482
vt 0.263236 0.673405
vt 0.290513 0.677207
vt 0.104953 0.706262
vt 0.667655 0.298834
vt 0.629903 0.293898
vt 0.650420 0.293253
vt 0.336927 0.907553
vt 0.177029 0.733928
vt 0.322784 0.091108
vt 0.350241 0.092786
vt 0.324210 0.092580
vt 0.345185 0.040497
vt 0.345893 0.039335
vt 0.026889 0.581263
vt 0.026397 0.596076
vt 0.023773 0.584630
vt 0.999430 0.083234
vt 0.133707 0.896138
vt 0.136136 0.859148
vt 0.140577 0.878291
vt 0.430128 0.973945
vt 0.125114 0.273473
vt 0.126648 0.304331
vt 0.124703 0.307379
vt 0.770073 0.732129
vt 0.768541 0.730917
vt 0.768975 0.670295
vt 0.762506 0.939010
vt 0.816898 0.185001
vt 0.595852 0.964927
vt 0.605469 0.971343
vt 0.579454 0.968105
vt 0.423619 0.242797
vt 0.431019 0.692369
vt 0.433097 0.695286
vt 0.478022 0.976098
vt 0.481914 0.975914
vt 0.979515 0.837904
vt 0.473745 0.053433
vt 0.488002 0.048704
vt 0.488837 0.053682
vt 0.385785 0.212259
vt 0.349232 0.976124
vt 0.331749 0.929692
vt 0.354649 0.936606
vt 0.333350 0.937631
vt 0.967111 0.247796
vt 0.970241 0.233624
vt 0.754176 0.426560
vt 0.615349 0.410869
vt 0.748338 0.154077
vt 0.738739 0.140253
vt 0.835555 0.624467
vt 0.718975 0.155324
vt 0.764511 0.267445
vt 0.557364 0.842141
vt 0.562029 0.838438
vt 0.568715 0.842878
vt 0.702751 0.848229
vt 0.466198 0.818172
vt 0.831815 0.969610
vt 0.565475 0.819200
vt 0.017557 0.192454
vt 0.775632 0.952472
vt 0.218914 0.706980
vt 0.179804 0.716649
vt 0.190008 0.706148
vt 0.033465 0.416794
vt 0.786811 0.588933
vt 0.187810 0.958197
vt 0.203749 0.966930
vt 0.203435 0.975192
vt 0.805421 0.209658
vt 0.812847 0.209335
vt 0.002215 0.538060
vt 0.097559 0.398357
vt 0.093642 0.389280
vt 0.330749 0.654424
vt 0.277875 0.723522
vt 0.105452 0.273085
vt 0.104400 0.286106
vt 0.102695 0.286078
vt 0.119510 0.914215
vt 0.435425 0.756264
vt 0.935611 0.107340
vt 0.619980 0.393821
vt 0.536155 0.988046
vt 0.707537 0.777287
vt 0.704251 0.747571
vt 0.706356 0.746573
vt 0.005307 0.283878
vt 0.009472 0.278237
vt 0.009535 0.285718
vt 0.311345 0.783711
vt 0.689352 0.460190
vt 0.689253 0.457077
vt 0.631471 0.147557
vt 0.190660 0.918332
vt 0.845546 0.757595
vt 0.848515 0.739751
vt 0.849478 0.753666
vt 0.761379 0.026606
vt 0.777751 0.026123
vt 0.781134 0.032650
vt 0.870170 0.899223
vt 0.444880 0.028277
vt 0.460302 0.037181
vt 0.438299 0.038013
vt 0.281037 0.475825
vt 0.225096 0.264138
vt 0.826386 0.827874
vt 0.824534 0.877445
vt 0.826317 0.851679
vt 0.347820 0.139362
vt 0.547848 0.811907
vt 0.543451 0.811990
vt 0.738789 0.164288
vt 0.760789 0.165029
vt 0.717034 0.164716
vt 0.966323 0.164040
vt 0.014311 0.299493
vt 0.018207 0.298858
vt 0.016990 0.302088
vt 0.539174 0.107798
vt 0.537940 0.106507
vt 0.551340 0.103456
vt 0.343142 0.047006
vt 0.357883 0.065215
vt 0.340643 0.063539
vt 0.339366 0.057839
vt 0.576031 0.327201
vt 0.852000 0.012208
vt 0.859993 0.010375
vt 0.851895 0.015745
vt 0.268183 0.593645
vt 0.483447 0.441012
vt 0.492775 0.436716
vt 0.364452 0.352686
vt 0.804925 0.617976
vt 0.581698 0.214598
vt 0.550734 0.213602
vt 0.581958 0.211832
vt 0.554696 0.320665
vt 0.843665 0.845142
vt 0.494619 0.202184
vt 0.713204 0.554490
vt 0.666737 0.212162
vt 0.673173 0.188628
vt 0.671401 0.202585
vt 0.579109 0.695199
vt 0.579203 0.745072
vt 0.578209 0.706371
vt 0.495060 0.365137
vt 0.679870 0.876282
vt 0.671971 0.890212
vt 0.835398 0.541272
vt 0.100540 0.799969
vt 0.264712 0.219587
vt 0.557136 0.340629
vt 0.012628 0.211407
vt 0.638420 0.160559
vt 0.629061 0.159261
vt 0.638946 0.153971
vt 0.323587 0.268990
vt 0.317382 0.259769
vt 0.320758 0.264867
vt 0.895787 0.329115
vt 0.896043 0.311046
vt 0.901094 0.341518
vt 0.164146 0.259221
vt 0.159523 0.252402
vt 0.158125 0.242964
vt 0.170309 0.245127
vt 0.851066 0.975761
vt 0.860070 0.882404
vt 0.865044 0.883914
vt 0.857633 0.082667
vt 0.854401 0.093294
vt 0.845810 0.091971
vt 0.333801 0.433243
vt 0.323932 0.438491
vt 0.295357 0.440492
vt 0.485943 0.074246
vt 0.341188 0.482196
vt 0.952118 0.449335
vt 0.861784 0.322271
vt 0.864120 0.320262
vt 0.862593 0.330127
vt 0.701288 0.026458
vt 0.705030 0.033618
vt 0.701709 0.036404
vt 0.454550 0.729122
vt 0.575535 0.448566
vt 0.579592 0.433083
vt 0.575530 0.458871
vt 0.997317 0.389305
vt 0.996468 0.370256
vt 0.998508 0.374889
vt 0.841392 0.619729
vt 0.953758 0.194808
vt 0.907023 0.890206
vt 0.875443 0.367422
vt 0.871606 0.363429
vt 0.591445 0.429992
vt 0.108130 0.153072
vt 0.103999 0.135262
vt 0.112520 0.132084
vt 0.945162 0.151215
vt 0.960359 0.666293
vt 0.348354 0.168380
vt 0.364575 0.165885
vt 0.389199 0.171204
vt 0.261924 0.443793
vt 0.194812 0.442902
vt 0.244464 0.441916
vt 0.960912 0.026413
vt 0.958763 0.032234
vt 0.950923 0.046053
vt 0.637092 0.065180
vt 0.652334 0.061193
vt 0.659317 0.066808
vt 0.104225 0.124275
vt 0.614410 0.533388
vt 0.142647 0.832172
vt 0.270860 0.128277
vt 0.266705 0.119675
vt 0.279653 0.127660
vt 0.191698 0.724970
vt 0.390217 0.780543
vt 0.092618 0.258611
vt 0.096356 0.248445
vt 0.094846 0.270541
vt 0.931932 0.557961
vt 0.561117 0.209076
vt 0.833854 0.953599
vt 0.983490 0.785173
vt 0.360391 0.728248
vt 0.499936 0.324731
vt 0.288227 0.060322
vt 0.275854 0.064596
vt 0.269082 0.059974
vt 0.133255 0.010943
vt 0.137977 0.018027
vt 0.131276 0.017919
vt 0.624962 0.416254
vt 0.310693 0.759162
vt 0.095388 0.161525
vt 0.087243 0.158026
vt 0.090484 0.138450
vt 0.228259 0.145140
vt 0.861883 0.664884
vt 0.518448 0.771587
vt 0.728590 0.313475
vt 0.525021 0.012978
vt 0.512985 0.013947
vt 0.511743 0.011096
vt 0.793521 0.941971
vt 0.588458 0.425300
vt 0.051157 0.926275
vt 0.054314 0.923102
vt 0.064618 0.928840
vt 0.119791 0.150733
vt 0.801152 0.052646
vt 0.790654 0.048062
vt 0.813098 0.045697
vt 0.084095 0.133540
vt 0.610337 0.101329
vt 0.639483 0.100561
vt 0.609990 0.106682
vt 0.020963 0.788599
vt 0.026068 0.799180
vt 0.496392 0.276353
vt 0.107413 0.367189
vt 0.110238 0.367929
vt 0.406668 0.869309
vt 0.518987 0.235356
vt 0.178828 0.696497
vt 0.979462 0.953398
vt 0.968188 0.951558
vt 0.977038 0.938199
vt 0.216498 0.912979
vt 0.233262 0.911389
vt 0.261084 0.912666
vt 0.378646 0.696450
vt 0.927547 0.932551
vt 0.006936 0.124018
vt 0.013645 0.115972
vt 0.013780 0.129610
vt 0.207165 0.430140
vt 0.564947 0.076679
vt 0.575726 0.084263
vt 0.553011 0.079811
vt 0.115302 0.247969
vt 0.924324 0.320554
vt 0.925930 0.304550
vt 0.074951 0.508579
vt 0.413397 0.240268
vt 0.848127 0.011848
vt 0.718479 0.564353
vt 0.915505 0.968957
vt 0.180261 0.496684
vt 0.181225 0.495771
vt 0.514190 0.207661
vt 0.054805 0.491994
vt 0.307305 0.375215
vt 0.097255 0.880631
vt 0.746549 0.389972
vt 0.080407 0.086632
vt 0.084866 0.080874
vt 0.817680 0.230509
vt 0.775855 0.229943
vt 0.789767 0.228689
vt 0.592880 0.069593
vt 0.590989 0.063118
vt 0.601398 0.063210
vt 0.952597 0.103065
vt 0.842235 0.266657
vt 0.835377 0.253186
vt 0.847117 0.249885
vt 0.310839 0.262548
vt 0.309557 0.248515
vt 0.484799 0.247987
vt 0.537348 0.244091
vt 0.530229 0.248135
vt 0.597772 0.332851
vt 0.413168 0.033424
vt 0.546470 0.993063
vt 0.355418 0.321464
vt 0.352330 0.329593
vt 0.126751 0.402402
vt 0.134586 0.420314
vt 0.125873 0.419315
vt 0.574940 0.050099
vt 0.569620 0.063437
vt 0.569271 0.051701
vt 0.134190 0.847270
vt 0.142752 0.844342
vt 0.569218 0.561466
vt 0.884346 0.033640
vt 0.228383 0.271751
vt 0.231362 0.271620
vt 0.426638 0.010921
vt 0.441141 0.013478
vt 0.423333 0.013631
vt 0.199873 0.306078
vt 0.434626 0.039651
vt 0.456510 0.038613
vt 0.448739 0.041176
vt 0.114170 0.129934
vt 0.760860 0.668747
vt 0.529222 0.488983
vt 0.840018 0.179444
vt 0.304874 0.056607
vt 0.311315 0.058225
vt 0.295667 0.057075
vt 0.002248 0.704349
vt 0.006675 0.704129
vt 0.006590 0.708465
vt 0.790305 0.134839
vt 0.124179 0.997831
vt 0.149921 0.999321
vt 0.120761 0.999809
vt 0.917454 0.406864
vt 0.937203 0.371232
vt 0.936890 0.378762
vt 0.879154 0.800465
vt 0.881296 0.804015
vt 0.661098 0.894960
vt 0.946614 0.852325
vt 0.125105 0.678091
vt 0.840986 0.685490
vt 0.843707 0.722844
vt 0.840986 0.719298
vt 0.425821 0.214854
vt 0.292429 0.306412
vt 0.723035 0.471353
vt 0.034931 0.223558
vt 0.040661 0.223367
vt 0.031693 0.232996
vt 0.495353 0.516494
vt 0.638882 0.390758
vt 0.857969 0.369654
vt 0.926576 0.335299
vt 0.717979 0.887087
vt 0.719285 0.892544
vt 0.794165 0.113337
vt 0.152647 0.440969
vt 0.925699 0.719904
vt 0.930858 0.713878
vt 0.932725 0.727357
vt 0.823458 0.299613
vt 0.830778 0.297331
vt 0.825878 0.329505
vt 0.289869 0.140357
vt 0.464969 0.100041
vt 0.506399 0.087365
vt 0.249410 0.170403
vt 0.233576 0.168979
vt 0.261465 0.166509
vt 0.154970 0.903729
vt 0.187031 0.947664
vt 0.166905 0.932939
vt 0.728306 0.204340
vt 0.743603 0.200960
vt 0.752082 0.210774
vt 0.085605 0.253917
vt 0.067089 0.517779
vt 0.882573 0.357419
vt 0.824833 0.824772
vt 0.823275 0.818158
vt 0.200410 0.016385
vt 0.211834 0.022549
vt 0.209381 0.031971
vt 0.223029 0.225332
vt 0.250579 0.221990
vt 0.244190 0.227104
vt 0.449913 0.386924
vt 0.441343 0.383261
vt 0.449273 0.375594
vt 0.141609 0.151313
vt 0.164836 0.224693
vt 0.196301 0.221235
vt 0.198855 0.225576
vt 0.975736 0.047733
vt 0.962038 0.053965
vt 0.974138 0.042161
vt 0.738196 0.903429
vt 0.133842 0.708094
vt 0.033990 0.509563
vt 0.031025 0.496393
vt 0.034331 0.494484
vt 0.536287 0.841376
vt 0.574048 0.062467
vt 0.120263 0.933131
vt 0.569365 0.494386
vt 0.927498 0.112796
vt 0.282069 0.115596
vt 0.271279 0.113472
vt 0.196764 0.142943
vt 0.713656 0.050655
vt 0.726668 0.041567
vt 0.733782 0.044679
vt 0.331220 0.573537
vt 0.329475 0.581858
vt 0.390385 0.030664
vt 0.971838 0.857081
vt 0.977262 0.854889
vt 0.970126 0.867170
vt 0.813154 0.291322
vt 0.722057 0.348354
vt 0.367899 0.326923
vt 0.968596 0.568886
vt 0.983397 0.563361
vt 0.971420 0.572130
vt 0.483552 0.214617
vt 0.624139 0.673739
vt 0.623763 0.746370
vt 0.622465 0.720837
vt 0.079888 0.282886
vt 0.955480 0.053129
vt 0.107974 0.437052
vt 0.282782 0.717806
vt 0.267627 0.088368
vt 0.260350 0.084973
vt 0.338256 0.046877
vt 0.405068 0.909036
vt 0.004755 0.027396
vt 0.001069 0.022760
vt 0.008714 0.026388
vt 0.023756 0.850052
vt 0.900192 0.521942
vt 0.941655 0.720623
vt 0.055369 0.716702
vt 0.272289 0.726622
vt 0.244105 0.138524
vt 0.218823 0.426114
vt 0.298825 0.511552
vt 0.696552 0.883845
vt 0.678239 0.885963
vt 0.698919 0.873438
vt 0.038432 0.216353
vt 0.031465 0.213151
vt 0.038318 0.205141
vt 0.324475 0.026337
vt 0.164923 0.430371
vt 0.165751 0.881521
vt 0.781390 0.903458
vt 0.767199 0.908288
vt 0.737295 0.998906
vt 0.757572 0.992604
vt 0.759423 0.997304
vt 0.715389 0.245822
vt 0.985704 0.471842
vt 0.175316 0.088942
vt 0.197069 0.702032
vt 0.713970 0.503481
vt 0.470480 0.891474
vt 0.830110 0.066643
vt 0.180450 0.657843
vt 0.477220 0.955191
vt 0.601230 0.412534
vt 0.602901 0.056843
vt 0.382322 0.996233
vt 0.416106 0.993898
vt 0.413371 0.997007
s 0
usemtl dasha_TZCL90
f 795/1/1 1076/2/2 455/3/3
f 898/4/4 1171/5/5 975/6/6
f 681/7/7 7/8/8 8/9/9
f 138/10/10 709/11/11 1092/12/12
f 1019/13/13 113/14/14 29/15/15
f 37/16/16 14/17/17 922/18/18
f 113/19/19 431/20/20 1168/21/21
f 1168/22/22 19/23/23 1063/24/24
f 28/25/25 1085/26/26 22/27/27
f 24/28/28 604/29/29 925/30/30
f 28/25/31 1166/31/32 1085/26/33
f 888/32/34 29/33/35 114/34/36
f 33/35/37 87/36/38 715/37/39
f 36/38/40 919/39/41 820/40/42
f 38/41/43 999/42/44 1239/43/45
f 35/44/46 3/45/47 1/46/48
f 35/44/49 2/47/50 3/45/51
f 23/48/52 39/49/53 1091/50/54
f 465/51/55 42/52/56 43/53/57
f 1085/54/58 1166/55/59 1236/56/60
f 243/57/61 1076/2/62 795/1/63
f 639/58/64 765/59/65 640/60/66
f 22/61/67 1085/62/68 1053/63/69
f 1209/64/70 1119/65/71 44/66/72
f 867/67/73 919/39/74 142/68/75
f 48/69/76 682/70/77 922/71/78
f 57/72/79 58/73/80 51/74/81
f 95/75/82 904/76/83 741/77/84
f 50/78/85 2/47/86 35/44/87
f 999/79/88 1188/80/89 158/81/90
f 455/3/91 1063/82/92 1163/83/93
f 52/84/94 1199/85/95 303/86/96
f 768/87/97 288/88/98 54/89/99
f 1184/90/100 154/91/101 91/92/102
f 421/93/103 1054/94/104 642/95/105
f 55/96/106 56/97/107 178/98/108
f 702/99/109 964/100/110 62/101/111
f 63/102/112 59/103/113 582/104/114
f 793/105/115 64/106/116 65/107/117
f 714/108/118 168/109/119 94/110/120
f 1038/111/121 69/112/122 149/113/123
f 227/114/124 67/115/125 1048/116/126
f 150/117/127 146/118/128 905/119/129
f 71/120/130 72/121/131 505/122/132
f 381/123/133 307/124/134 271/125/135
f 74/126/136 75/127/137 262/128/138
f 76/129/139 425/130/140 1172/131/141
f 177/132/142 77/133/143 418/134/144
f 1068/135/145 78/136/146 1070/137/147
f 228/138/148 493/139/149 950/140/150
f 1011/141/151 585/142/152 1132/143/153
f 256/144/154 890/145/155 257/146/156
f 85/147/157 330/148/158 86/149/159
f 762/150/160 1043/151/161 628/152/162
f 102/153/163 1056/154/164 357/155/165
f 89/156/166 90/157/167 789/158/168
f 474/159/169 92/160/170 645/161/171
f 91/92/172 637/162/173 916/163/174
f 843/164/175 751/165/176 511/166/177
f 97/167/178 799/168/179 990/169/180
f 99/170/181 100/171/182 157/172/183
f 507/173/184 102/174/185 101/175/186
f 152/176/187 898/177/188 1215/178/189
f 576/179/190 840/180/191 171/181/192
f 948/182/193 465/51/194 43/53/195
f 105/183/196 526/184/197 1139/185/198
f 890/186/199 368/187/200 257/188/201
f 106/189/202 107/190/203 43/53/204
f 106/191/205 1203/192/206 787/193/207
f 378/194/208 1131/195/209 588/196/210
f 627/197/211 1043/198/212 456/199/213
f 1089/200/214 111/201/215 864/202/216
f 468/203/217 184/204/218 268/205/219
f 258/206/220 484/207/221 855/208/222
f 735/209/223 1121/210/224 1026/211/225
f 830/212/226 117/213/227 949/214/228
f 1020/215/229 115/216/230 699/217/231
f 116/218/232 324/219/233 737/220/234
f 962/221/235 623/222/236 117/223/237
f 866/224/238 698/225/239 678/226/240
f 709/227/241 786/228/242 280/229/243
f 520/230/244 993/231/245 600/232/246
f 753/233/247 356/234/248 122/235/249
f 77/133/250 1030/236/251 418/134/252
f 124/237/253 312/238/254 609/239/255
f 93/240/256 127/241/257 126/242/258
f 1185/243/259 126/244/260 127/245/261
f 210/246/262 610/247/263 814/248/264
f 454/249/265 94/110/266 686/250/267
f 129/251/268 1199/252/269 894/253/270
f 131/254/271 524/255/272 169/256/273
f 199/257/274 912/258/275 398/259/276
f 166/260/277 1186/261/278 49/262/279
f 741/263/280 1182/264/281 358/265/282
f 886/266/283 69/112/284 450/267/285
f 135/268/286 149/113/287 69/112/288
f 1080/269/289 136/270/290 137/271/291
f 1012/272/292 138/273/293 1219/274/294
f 165/275/295 6/276/296 5/277/297
f 57/278/298 321/279/299 58/280/300
f 150/281/301 262/282/302 146/283/303
f 1154/284/304 60/285/305 331/286/306
f 151/287/307 506/288/308 152/289/309
f 152/289/310 506/288/311 153/290/312
f 1148/291/313 156/292/314 1187/293/315
f 37/16/316 961/294/317 161/295/318
f 515/296/319 1065/297/320 163/298/321
f 251/299/322 250/300/323 165/301/324
f 874/302/325 515/303/326 1151/304/327
f 849/305/328 847/306/329 41/307/330
f 662/308/331 1128/309/332 834/310/333
f 1214/311/334 169/312/335 524/313/336
f 1131/314/337 1132/315/338 588/316/339
f 174/317/340 370/318/341 885/319/342
f 402/320/343 86/321/344 330/322/345
f 89/156/346 222/323/347 90/157/348
f 939/324/349 952/325/350 951/326/351
f 744/327/352 445/328/353 716/329/354
f 647/330/355 1039/331/356 183/332/357
f 524/313/358 132/333/359 1214/311/360
f 434/334/361 655/335/362 433/336/363
f 185/337/364 647/338/365 714/339/366
f 270/340/367 838/341/368 1123/342/369
f 655/343/370 434/344/371 1083/345/372
f 689/346/373 190/347/374 191/348/375
f 129/349/376 542/350/377 643/351/378
f 1044/352/379 561/353/380 413/354/381
f 197/355/382 1144/356/383 179/357/384
f 194/358/385 1003/359/386 197/360/387
f 590/361/388 676/362/389 220/363/390
f 202/364/391 811/365/392 458/366/393
f 1096/367/394 200/368/395 854/369/396
f 148/370/397 755/371/398 271/125/399
f 1024/372/400 996/373/401 997/374/402
f 127/375/403 283/376/404 1185/377/405
f 1092/378/406 1219/379/407 138/380/408
f 724/381/409 341/382/410 740/383/411
f 267/384/412 1193/385/413 1050/386/414
f 937/387/415 586/388/416 310/389/417
f 1102/390/418 214/391/419 483/392/420
f 1100/393/421 488/394/422 489/395/423
f 475/396/424 212/397/425 856/398/426
f 416/399/427 216/400/428 217/401/429
f 89/156/430 1217/402/431 222/323/432
f 473/403/433 223/404/434 224/405/435
f 312/238/436 285/406/437 609/239/438
f 1007/407/439 1209/408/440 1226/409/441
f 225/410/442 226/411/443 446/412/444
f 28/413/445 229/414/446 1051/415/447
f 1131/416/448 302/417/449 1132/418/450
f 359/419/451 967/420/452 230/421/453
f 231/422/454 838/423/455 544/424/456
f 838/425/457 232/426/458 1123/427/459
f 233/428/460 18/429/461 16/430/462
f 1039/431/463 788/432/464 183/433/465
f 353/434/466 483/435/467 214/436/468
f 76/437/469 1198/438/470 734/439/471
f 459/440/472 662/441/473 834/442/474
f 795/1/475 242/443/476 243/57/477
f 244/444/478 47/445/479 613/446/480
f 923/447/481 614/448/482 249/449/483
f 251/299/484 44/450/485 252/451/486
f 739/452/487 300/453/488 246/454/489
f 981/455/490 478/456/491 652/457/492
f 839/458/493 1073/459/494 534/460/495
f 994/461/496 815/462/497 993/463/498
f 994/464/499 993/465/500 520/466/501
f 656/467/502 256/468/503 257/469/504
f 258/470/505 259/471/506 484/472/507
f 260/473/508 53/474/509 261/475/510
f 254/476/511 74/477/512 262/478/513
f 267/479/514 717/480/515 1193/481/516
f 77/133/517 267/384/518 1072/482/519
f 1061/483/520 1042/484/521 688/485/522
f 55/486/523 381/487/524 271/488/525
f 895/489/526 478/490/527 1108/491/528
f 895/492/529 1108/493/530 1093/494/531
f 903/495/532 1078/496/533 909/497/534
f 274/498/535 651/499/536 826/500/537
f 581/501/538 277/502/539 276/503/540
f 581/501/541 544/504/542 277/502/543
f 520/505/544 753/506/545 994/507/546
f 641/508/547 433/509/548 1196/510/549
f 1109/511/550 168/512/551 112/513/552
f 280/514/553 279/515/554 1115/516/555
f 781/517/556 67/518/557 518/519/558
f 509/520/559 1204/521/560 1203/522/561
f 920/523/562 83/524/563 284/525/564
f 283/526/565 127/527/566 159/528/567
f 611/529/568 284/530/569 1010/531/570
f 814/532/571 610/533/572 962/534/573
f 1190/535/574 1095/536/575 566/537/576
f 561/538/577 1044/539/578 411/540/579
f 1031/541/580 589/542/581 772/543/582
f 582/104/583 57/544/584 66/545/585
f 485/546/586 578/547/587 486/548/588
f 977/549/589 332/550/590 521/551/591
f 293/552/592 654/553/593 286/554/594
f 1009/555/595 294/556/596 356/557/597
f 258/558/598 855/559/599 179/357/600
f 442/560/601 974/561/602 295/562/603
f 391/563/604 11/564/605 966/565/606
f 748/566/607 62/567/608 299/568/609
f 117/569/610 300/570/611 819/571/612
f 126/572/613 1185/573/614 1148/574/615
f 533/575/616 306/576/617 304/577/618
f 115/578/619 305/579/620 306/576/621
f 308/580/622 938/581/623 307/582/624
f 562/583/625 995/584/626 380/585/627
f 1020/586/628 1211/587/629 115/588/630
f 310/589/631 587/590/632 1208/591/633
f 235/592/634 1042/484/635 1061/483/636
f 236/593/637 311/594/638 728/595/639
f 610/596/640 439/597/641 124/598/642
f 1065/599/643 277/600/644 160/601/645
f 1157/602/646 692/603/647 314/604/648
f 715/605/649 315/606/650 33/607/651
f 276/608/652 277/609/653 278/610/654
f 959/611/655 1184/90/656 91/92/657
f 317/612/658 1116/613/659 318/614/660
f 116/615/661 640/616/662 324/617/663
f 642/95/664 1184/618/665 116/619/666
f 1212/620/667 692/621/668 1066/622/669
f 1165/623/670 259/471/671 258/470/672
f 1165/624/673 326/625/674 1112/626/675
f 944/627/676 323/628/677 931/629/678
f 548/630/679 1231/631/680 191/632/681
f 154/633/682 155/634/683 261/635/684
f 334/636/685 701/637/686 912/638/687
f 1138/639/688 334/636/689 1145/640/690
f 311/594/691 87/36/692 728/595/693
f 334/641/694 335/642/695 1014/643/696
f 689/346/697 191/348/698 1103/644/699
f 666/645/700 693/646/701 527/647/702
f 904/648/703 28/649/704 1019/650/705
f 338/651/706 863/652/707 339/653/708
f 566/537/709 815/462/710 1224/654/711
f 344/655/712 1096/367/713 854/369/714
f 349/656/715 724/381/716 740/383/717
f 740/657/718 341/658/719 1056/154/720
f 348/659/721 349/660/722 1056/154/723
f 1118/661/724 204/662/725 976/663/726
f 502/664/727 577/665/728 350/666/729
f 138/667/730 668/668/731 709/669/732
f 185/670/733 565/671/734 918/672/735
f 86/673/736 110/674/737 353/675/738
f 431/20/739 113/19/740 712/676/741
f 356/234/742 1167/677/743 122/235/744
f 264/678/745 265/679/746 79/680/747
f 1182/681/748 606/682/749 358/683/750
f 359/684/751 1174/685/752 736/686/753
f 274/687/754 826/688/755 472/689/756
f 361/690/757 346/691/758 362/692/759
f 751/693/760 363/694/761 641/695/762
f 364/696/763 230/421/764 1037/697/765
f 365/698/766 38/41/767 1239/43/768
f 366/699/769 84/700/770 898/701/771
f 370/318/772 371/702/773 372/703/774
f 847/704/775 903/705/776 541/706/777
f 374/707/778 1187/708/779 156/709/780
f 993/463/781 468/203/782 268/205/783
f 100/710/784 696/711/785 380/585/786
f 363/712/787 1161/713/788 280/714/789
f 1118/715/790 1018/716/791 786/717/792
f 1025/718/793 495/719/794 201/720/795
f 265/721/796 264/722/797 1206/723/798
f 383/724/799 43/725/800 107/726/801
f 383/727/802 948/728/803 43/729/804
f 384/730/805 518/519/806 67/518/807
f 287/731/808 972/732/809 638/733/810
f 118/734/811 218/735/812 876/736/813
f 352/737/814 940/738/815 389/739/816
f 370/318/817 1152/740/818 885/319/819
f 391/563/820 966/565/821 974/741/822
f 392/742/823 393/743/824 173/744/825
f 663/745/826 394/746/827 557/747/828
f 198/748/829 1093/749/830 903/750/831
f 492/751/832 397/752/833 396/753/834
f 776/754/835 947/755/836 109/756/837
f 970/757/838 407/758/839 1225/759/840
f 982/760/841 1185/377/842 875/761/843
f 1185/762/844 405/763/845 508/764/846
f 970/757/847 406/765/848 407/758/849
f 829/766/850 955/767/851 421/768/852
f 214/769/853 1102/770/854 1116/771/855
f 629/772/856 404/773/857 607/774/858
f 20/775/859 113/776/860 1019/777/861
f 1113/778/862 104/779/863 1133/780/864
f 262/128/865 75/127/866 413/781/867
f 262/128/868 413/781/869 268/782/870
f 264/722/871 415/783/872 625/784/873
f 853/785/874 415/786/875 264/787/876
f 82/788/877 54/89/878 583/789/879
f 82/790/880 46/791/881 54/792/882
f 177/793/883 418/794/884 835/795/885
f 90/157/886 422/796/887 423/797/888
f 984/798/889 143/799/890 1153/800/891
f 424/801/892 533/802/893 809/803/894
f 417/804/895 620/805/896 842/806/897
f 76/807/898 420/808/899 425/809/900
f 425/810/901 420/811/902 784/812/903
f 426/813/904 589/542/905 125/814/906
f 387/815/907 758/816/908 960/817/909
f 180/818/910 759/819/911 758/820/912
f 1209/821/913 44/450/914 727/822/915
f 430/823/916 1235/824/917 1114/825/918
f 273/826/919 324/827/920 181/828/921
f 233/829/922 324/827/923 18/830/924
f 1108/491/925 253/831/926 81/832/927
f 924/833/928 432/834/929 799/168/930
f 924/833/931 923/835/932 432/834/933
f 337/836/934 528/837/935 375/838/936
f 1127/839/937 440/840/938 375/841/939
f 1127/842/940 562/583/941 440/843/942
f 910/844/943 441/845/944 897/846/945
f 910/844/946 664/847/947 1192/848/948
f 391/849/949 974/561/950 442/560/951
f 394/746/952 446/412/953 447/850/954
f 446/412/955 394/746/956 979/851/957
f 685/852/958 454/853/959 686/854/960
f 453/855/961 821/856/962 685/857/963
f 964/100/964 443/858/965 62/101/966
f 746/859/967 81/860/968 103/861/969
f 450/862/970 246/863/971 886/864/972
f 246/863/973 450/862/974 245/865/975
f 1156/866/976 452/867/977 451/868/978
f 655/869/979 821/870/980 453/871/981
f 1201/872/982 932/873/983 1150/874/984
f 612/875/985 1191/876/986 931/629/987
f 143/799/988 457/877/989 1153/800/990
f 386/878/991 458/879/992 210/246/993
f 834/880/994 272/881/995 460/882/996
f 459/883/997 834/884/998 460/885/999
f 459/886/1000 460/887/1001 76/888/1002
f 696/711/1003 100/710/1004 1040/889/1005
f 100/171/1006 99/170/1007 1040/890/1008
f 1069/891/1009 1021/892/1010 463/893/1011
f 10/894/1012 166/260/1013 49/262/1014
f 1094/895/1015 211/896/1016 466/897/1017
f 457/898/1018 467/899/1019 978/900/1020
f 788/901/1021 468/902/1022 112/903/1023
f 27/904/1024 321/905/1025 320/906/1026
f 1049/907/1027 90/157/1028 423/797/1029
f 333/908/1030 469/909/1031 88/910/1032
f 734/911/1033 1198/912/1034 471/913/1035
f 505/914/1036 475/915/1037 857/916/1038
f 476/917/1039 477/918/1040 1062/919/1041
f 476/917/1042 861/920/1043 134/921/1044
f 734/922/1045 471/923/1046 1173/924/1047
f 734/925/1048 662/441/1049 459/440/1050
f 1144/356/1051 258/558/1052 179/357/1053
f 791/926/1054 364/927/1055 1037/928/1056
f 892/929/1057 495/930/1058 683/931/1059
f 1173/932/1060 478/933/1061 661/934/1062
f 471/923/1063 478/935/1064 1173/924/1065
f 132/333/1066 482/936/1067 1214/311/1068
f 170/937/1069 1214/938/1070 992/939/1071
f 994/461/1072 1224/654/1073 815/462/1074
f 1090/940/1075 723/941/1076 978/942/1077
f 362/943/1078 735/944/1079 484/945/1080
f 267/384/1081 77/133/1082 717/946/1083
f 490/947/1084 486/548/1085 578/547/1086
f 445/328/1087 1193/385/1088 716/329/1089
f 716/948/1090 491/949/1091 1057/950/1092
f 485/546/1093 486/548/1094 494/951/1095
f 812/952/1096 665/953/1097 495/719/1098
f 436/954/1099 635/955/1100 499/956/1101
f 983/957/1102 475/915/1103 505/914/1104
f 284/525/1105 83/524/1106 1195/958/1107
f 1142/959/1108 1010/960/1109 507/961/1110
f 354/962/1111 511/963/1112 431/964/1113
f 512/965/1114 1201/966/1115 1150/967/1116
f 256/144/1117 985/968/1118 890/145/1119
f 874/969/1120 1065/297/1121 515/296/1122
f 874/970/1123 516/971/1124 1065/972/1125
f 700/973/1126 1206/974/1127 138/273/1128
f 517/975/1129 518/519/1130 1045/976/1131
f 518/519/1132 517/975/1133 1130/977/1134
f 1061/483/1135 315/606/1136 648/978/1137
f 315/606/1138 1061/483/1139 688/485/1140
f 1132/143/1141 176/979/1142 1011/141/1143
f 523/980/1144 392/981/1145 173/982/1146
f 54/89/1147 288/88/1148 583/789/1149
f 477/983/1150 292/984/1151 1188/985/1152
f 477/983/1153 999/986/1154 1062/987/1155
f 1093/988/1156 1108/989/1157 1082/990/1158
f 1082/991/1159 1108/491/1160 81/832/1161
f 533/992/1162 424/993/1163 632/994/1164
f 632/994/1165 1110/995/1166 1014/996/1167
f 231/997/1168 232/998/1169 838/999/1170
f 535/1000/1171 1094/1001/1172 175/1002/1173
f 535/1000/1174 536/1003/1175 1094/1001/1176
f 537/1004/1177 77/1005/1178 177/1006/1179
f 418/134/1180 1030/236/1181 419/1007/1182
f 539/1008/1183 835/1009/1184 540/1010/1185
f 1040/1011/1186 99/1012/1187 1109/1013/1188
f 723/1014/1189 1090/940/1190 1068/1015/1191
f 1151/1016/1192 690/1017/1193 547/1018/1194
f 99/1019/1195 1164/1020/1196 547/1021/1197
f 512/1022/1198 825/1023/1199 169/1024/1200
f 14/1025/1201 539/1026/1202 701/1027/1203
f 813/1028/1204 140/1029/1205 631/1030/1206
f 548/1031/1207 401/1032/1208 189/1033/1209
f 549/1034/1210 397/752/1211 550/1035/1212
f 552/1036/1213 629/1037/1214 290/1038/1215
f 750/1039/1216 432/1040/1217 96/1041/1218
f 183/1042/1219 714/1043/1220 647/1044/1221
f 275/1045/1222 554/1046/1223 958/1047/1224
f 485/546/1225 143/799/1226 578/547/1227
f 557/747/1228 679/1048/1229 671/1049/1230
f 1141/1050/1231 783/1051/1232 558/1052/1233
f 566/537/1234 1095/536/1235 294/1053/1236
f 334/641/1237 1014/643/1238 930/1054/1239
f 1181/1055/1240 798/1056/1241 205/1057/1242
f 181/1058/1243 568/1059/1244 182/1060/1245
f 1093/1061/1246 272/1062/1247 895/1063/1248
f 569/1064/1249 206/1065/1250 207/1066/1251
f 914/1067/1252 569/1068/1253 568/1069/1254
f 354/1070/1255 355/1071/1256 1171/1072/1257
f 30/1073/1258 733/1074/1259 1028/1075/1260
f 1028/1076/1261 733/1077/1262 142/68/1263
f 571/1078/1264 1129/1079/1265 570/1080/1266
f 650/1081/1267 781/517/1268 571/1078/1269
f 1129/1079/1270 571/1078/1271 1130/977/1272
f 517/1082/1273 1129/1083/1274 1130/1084/1275
f 836/1085/1276 81/860/1277 746/859/1278
f 831/1086/1279 536/1087/1280 535/1088/1281
f 290/1038/1282 832/1089/1283 552/1036/1284
f 318/1090/1285 1222/1091/1286 164/1092/1287
f 568/1093/1288 569/1094/1289 207/1095/1290
f 831/1096/1291 438/1097/1292 174/1098/1293
f 840/1099/1294 577/1100/1295 501/1101/1296
f 984/798/1297 490/947/1298 578/547/1299
f 984/798/1300 578/547/1301 143/799/1302
f 579/1102/1303 1105/1103/1304 848/1104/1305
f 370/318/1306 579/1105/1307 371/702/1308
f 572/1106/1309 288/1107/1310 1223/1108/1311
f 464/1109/1312 972/732/1313 550/1035/1314
f 59/1110/1315 320/1111/1316 860/1112/1317
f 400/1113/1318 386/1114/1319 830/1115/1320
f 250/1116/1321 584/1117/1322 165/1118/1323
f 588/1119/1324 585/1120/1325 1034/1121/1326
f 34/1122/1327 1051/1123/1328 229/1124/1329
f 479/1125/1330 588/1126/1331 1034/1127/1332
f 1121/1128/1333 378/194/1334 588/1129/1335
f 427/1130/1336 589/1131/1337 426/1132/1338
f 64/1133/1339 592/1134/1340 417/804/1341
f 335/1135/1342 334/1136/1343 1138/639/1344
f 1137/1137/1345 7/1138/1346 335/642/1347
f 729/1139/1348 305/579/1349 1211/1140/1350
f 596/1141/1351 1175/1142/1352 597/1143/1353
f 1103/1144/1354 336/1145/1355 327/1146/1356
f 904/648/1357 1019/1147/1358 1182/1148/1359
f 600/1149/1360 993/1150/1361 268/1151/1362
f 601/1152/1363 942/1153/1364 943/1154/1365
f 602/1155/1366 601/1156/1367 943/1157/1368
f 1234/1158/1369 34/1122/1370 229/1124/1371
f 1084/1159/1372 128/1160/1373 605/1161/1374
f 946/1162/1375 606/1163/1376 1182/1164/1377
f 1225/759/1378 395/1165/1379 970/757/1380
f 615/1166/1381 1097/1167/1382 295/1168/1383
f 243/1169/1384 59/1110/1385 1091/1170/1386
f 37/16/1387 161/295/1388 14/17/1389
f 161/1171/1390 539/1026/1391 14/1025/1392
f 124/598/1393 609/1172/1394 610/596/1395
f 358/1173/1396 529/1174/1397 16/1175/1398
f 71/1176/1399 857/1177/1400 612/1178/1401
f 856/1179/1402 939/1180/1403 612/875/1404
f 194/358/1405 197/360/1406 1007/1181/1407
f 616/1182/1408 1097/1183/1409 615/1184/1410
f 200/1185/1411 239/1186/1412 55/1187/1413
f 449/1188/1414 135/1189/1415 617/1190/1416
f 778/1191/1417 339/1192/1418 1013/1193/1419
f 618/1194/1420 339/1195/1421 778/1196/1422
f 1049/907/1423 980/1197/1424 90/157/1425
f 317/1198/1426 318/1199/1427 164/1200/1428
f 631/1201/1429 140/1202/1430 215/1203/1431
f 605/1204/1432 631/1205/1433 215/1206/1434
f 633/1207/1435 1059/1208/1436 657/1209/1437
f 500/1210/1438 499/1211/1439 635/1212/1440
f 193/1213/1441 636/1214/1442 1165/624/1443
f 637/1215/1444 1156/866/1445 451/868/1446
f 916/163/1447 637/162/1448 68/1216/1449
f 378/1217/1450 1005/1218/1451 1131/1219/1452
f 1009/1220/1453 293/1221/1454 286/1222/1455
f 629/1037/1456 551/1223/1457 290/1038/1458
f 551/1223/1459 679/1048/1460 557/747/1461
f 281/1224/1462 490/947/1463 1153/800/1464
f 433/1225/1465 641/1226/1466 363/1227/1467
f 363/1228/1468 434/1229/1469 433/1230/1470
f 635/1231/1471 216/1232/1472 500/1233/1473
f 718/1234/1474 216/1232/1475 635/1231/1476
f 421/93/1477 642/95/1478 737/1235/1479
f 955/1236/1480 1005/1237/1481 379/1238/1482
f 656/1239/1483 647/1240/1484 918/1241/1485
f 793/1242/1486 637/1243/1487 645/161/1488
f 480/1244/1489 646/1245/1490 637/162/1491
f 715/37/1492 87/36/1493 311/594/1494
f 361/1246/1495 484/472/1496 649/1247/1497
f 1048/1248/1498 650/1249/1499 1047/1250/1500
f 210/1251/1501 1221/1252/1502 439/597/1503
f 313/1253/1504 439/1254/1505 1221/1255/1506
f 300/1256/1507 651/1257/1508 886/1258/1509
f 300/1256/1510 1146/1259/1511 651/1257/1512
f 654/1260/1513 181/1261/1514 233/1262/1515
f 223/404/1516 633/1263/1517 224/405/1518
f 633/1207/1519 747/1264/1520 1059/1208/1521
f 652/1265/1522 75/1266/1523 981/1267/1524
f 75/1268/1525 1044/1269/1526 413/1270/1527
f 1035/1271/1528 181/1272/1529 654/1273/1530
f 381/1274/1531 1180/1275/1532 179/1276/1533
f 381/487/1534 855/1277/1535 308/1278/1536
f 119/1279/1537 657/1280/1538 634/1281/1539
f 658/1282/1540 510/1283/1541 73/1284/1542
f 894/1285/1543 52/1286/1544 829/1287/1545
f 1133/1288/1546 660/1289/1547 1113/1290/1548
f 734/1291/1549 1173/932/1550 662/1292/1551
f 663/745/1552 664/847/1553 979/851/1554
f 146/118/1555 184/1293/1556 905/119/1557
f 667/1294/1558 1139/185/1559 526/184/1560
f 204/1295/1561 881/1296/1562 668/1297/1563
f 474/1298/1564 942/1153/1565 601/1152/1566
f 807/1299/1567 942/1300/1568 474/159/1569
f 411/1301/1570 669/1302/1571 1189/1303/1572
f 1192/848/1573 664/847/1574 671/1049/1575
f 1092/1304/1576 952/1305/1577 213/1306/1578
f 540/1010/1579 598/1307/1580 1231/1308/1581
f 1042/1309/1582 236/1310/1583 676/1311/1584
f 678/1312/1585 644/1313/1586 845/1314/1587
f 1192/848/1588 671/1049/1589 679/1048/1590
f 680/1315/1591 7/8/1592 681/7/1593
f 37/1316/1594 682/1317/1595 1177/1318/1596
f 234/1319/1597 1232/1320/1598 373/1321/1599
f 547/1322/1600 1164/1323/1601 1151/1324/1602
f 633/1207/1603 657/1209/1604 745/1325/1605
f 515/1326/1606 163/1327/1607 186/1328/1608
f 982/1329/1609 1164/1330/1610 405/1331/1611
f 306/1332/1612 687/1333/1613 115/216/1614
f 115/216/1615 687/1333/1616 699/217/1617
f 1210/1334/1618 369/1335/1619 372/703/1620
f 152/1336/1621 17/1337/1622 691/1338/1623
f 790/1339/1624 1101/1340/1625 325/1341/1626
f 529/1342/1627 528/1343/1628 527/1344/1629
f 407/758/1630 406/765/1631 408/1345/1632
f 965/1346/1633 1004/1347/1634 1001/1348/1635
f 695/1349/1636 1058/1350/1637 1034/1121/1638
f 993/463/1639 815/462/1640 696/711/1641
f 993/463/1642 696/711/1643 1040/889/1644
f 592/1134/1645 620/805/1646 417/804/1647
f 265/679/1648 700/1351/1649 79/680/1650
f 384/1352/1651 180/818/1652 758/820/1653
f 505/1353/1654 702/99/1655 983/1354/1656
f 260/473/1657 868/1355/1658 53/474/1659
f 1229/1356/1660 1228/1357/1661 706/1358/1662
f 458/879/1663 926/1359/1664 210/246/1665
f 399/1360/1666 515/1361/1667 186/1362/1668
f 202/364/1669 711/1363/1670 811/365/1671
f 113/19/1672 20/1364/1673 712/676/1674
f 103/1365/1675 150/1366/1676 448/1367/1677
f 648/978/1678 315/606/1679 715/605/1680
f 648/978/1681 715/605/1682 311/1368/1683
f 105/1369/1684 801/1370/1685 570/1080/1686
f 105/1369/1687 1047/1371/1688 801/1370/1689
f 871/1372/1690 1219/1373/1691 213/1374/1692
f 60/1375/1693 1154/1376/1694 61/1377/1695
f 707/1378/1696 796/1379/1697 913/1380/1698
f 222/323/1699 428/1381/1700 721/1382/1701
f 293/1383/1702 722/1384/1703 913/1385/1704
f 598/1386/1705 336/1387/1706 191/348/1707
f 1231/1308/1708 598/1307/1709 191/1388/1710
f 722/1389/1711 356/234/1712 753/233/1713
f 724/1390/1714 1143/1391/1715 716/1392/1716
f 721/1382/1717 428/1381/1718 1143/1391/1719
f 725/1393/1720 1238/1394/1721 698/225/1722
f 1101/1395/1723 687/1333/1724 306/1332/1725
f 1101/1340/1726 306/1396/1727 883/1397/1728
f 736/686/1729 763/1398/1730 1008/1399/1731
f 220/1400/1732 89/1401/1733 221/1402/1734
f 289/1403/1735 729/1139/1736 1002/1404/1737
f 341/382/1738 491/949/1739 717/480/1740
f 816/1405/1741 347/1406/1742 1069/1407/1743
f 1238/1394/1744 725/1393/1745 360/1408/1746
f 32/1409/1747 238/1410/1748 250/1411/1749
f 56/97/1750 238/1410/1751 32/1409/1752
f 443/1412/1753 299/1413/1754 62/1414/1755
f 673/1415/1756 525/1416/1757 672/1417/1758
f 735/1418/1759 378/194/1760 1121/1128/1761
f 40/1419/1762 784/1420/1763 737/1421/1764
f 144/1422/1765 1155/1423/1766 738/1424/1767
f 1052/1425/1768 706/1426/1769 130/1427/1770
f 316/1428/1771 875/1429/1772 276/1430/1773
f 738/1431/1774 248/1432/1775 457/898/1776
f 1074/1433/1777 1187/1434/1778 824/1435/1779
f 853/1436/1780 473/1437/1781 224/1438/1782
f 511/1439/1783 354/1440/1784 800/1441/1785
f 744/1442/1786 429/1443/1787 445/1444/1788
f 429/1443/1789 744/1442/1790 428/1445/1791
f 1171/1446/1792 898/1447/1793 84/1448/1794
f 24/1449/1795 301/1450/1796 660/1289/1797
f 1114/1451/1798 45/1452/1799 93/1453/1800
f 471/923/1801 1189/1454/1802 669/1455/1803
f 747/1456/1804 223/1457/1805 850/1458/1806
f 223/1459/1807 747/1460/1808 633/1461/1809
f 748/1462/1810 756/1463/1811 749/1464/1812
f 521/1465/1813 203/1466/1814 1226/1467/1815
f 641/1468/1816 1196/1469/1817 751/1470/1818
f 381/1274/1819 742/1471/1820 1180/1472/1821
f 271/1473/1822 755/1474/1823 754/1475/1824
f 755/1474/1825 60/1476/1826 756/1477/1827
f 43/53/1828 42/52/1829 1203/1478/1830
f 748/1479/1831 1227/1480/1832 756/1481/1833
f 1052/1482/1834 760/1483/1835 706/1484/1836
f 86/673/1837 353/675/1838 176/1485/1839
f 109/1486/1840 762/1487/1841 586/388/1842
f 763/1488/1843 196/1489/1844 762/150/1845
f 765/1490/1846 1169/1491/1847 21/1492/1848
f 765/1490/1849 21/1492/1850 35/1493/1851
f 767/1494/1852 735/944/1853 362/943/1854
f 496/1495/1855 767/1496/1856 362/692/1857
f 389/1497/1858 937/387/1859 769/1498/1860
f 586/388/1861 937/387/1862 109/1486/1863
f 770/1499/1864 771/1500/1865 712/1501/1866
f 775/1502/1867 1060/1503/1868 1194/1504/1869
f 84/1505/1870 366/1506/1871 21/1507/1872
f 389/1497/1873 776/1508/1874 109/1486/1875
f 487/1509/1876 298/1510/1877 125/1511/1878
f 1000/1512/1879 965/1346/1880 1001/1348/1881
f 777/1513/1882 407/1514/1883 408/1515/1884
f 1004/1347/1885 777/1516/1886 1001/1348/1887
f 44/450/1888 563/1517/1889 727/822/1890
f 1013/1518/1891 85/1519/1892 247/1520/1893
f 776/1521/1894 402/1522/1895 403/1523/1896
f 780/1524/1897 33/607/1898 315/606/1899
f 67/1525/1900 650/1249/1901 1048/1248/1902
f 205/1526/1903 779/1527/1904 782/1528/1905
f 36/38/1906 142/68/1907 919/39/1908
f 1172/1529/1909 784/1530/1910 40/1531/1911
f 650/1081/1912 571/1078/1913 801/1370/1914
f 786/717/1915 1018/716/1916 363/1532/1917
f 785/1533/1918 462/1534/1919 791/1535/1920
f 587/1536/1921 810/1537/1922 1208/1538/1923
f 11/564/1924 792/1539/1925 481/1540/1926
f 819/1541/1927 300/453/1928 739/452/1929
f 176/1542/1930 85/1543/1931 86/1544/1932
f 625/1545/1933 1206/1546/1934 264/1547/1935
f 312/238/1936 436/954/1937 285/406/1938
f 520/1548/1939 560/1549/1940 559/1550/1941
f 472/1551/1942 603/1552/1943 711/1553/1944
f 798/1056/1945 787/1554/1946 205/1057/1947
f 711/1363/1948 202/364/1949 911/1555/1950
f 162/1556/1951 522/1557/1952 164/1558/1953
f 505/1353/1954 72/1559/1955 1107/1560/1956
f 1171/1072/1957 84/1561/1958 800/1562/1959
f 152/176/1960 1215/178/1961 17/1563/1962
f 1055/1564/1963 154/1565/1964 1184/1566/1965
f 805/1567/1966 806/1568/1967 910/1569/1968
f 942/1300/1969 807/1299/1970 808/1570/1971
f 828/1571/1972 809/1572/1973 426/1132/1974
f 810/1573/1975 591/1574/1976 1208/1575/1977
f 208/1576/1978 926/1577/1979 811/365/1980
f 168/109/1981 813/1578/1982 94/110/1983
f 107/1579/1984 1157/1580/1985 48/1581/1986
f 816/1582/1987 665/1583/1988 346/1584/1989
f 123/1585/1990 1099/1586/1991 912/258/1992
f 912/638/1993 701/637/1994 123/1587/1995
f 629/1037/1996 552/1036/1997 404/1588/1998
f 922/71/1999 820/40/2000 48/69/2001
f 695/1589/2002 1012/1590/2003 878/1591/2004
f 1075/1592/2005 1074/1433/2006 824/1435/2007
f 655/343/2008 957/1593/2009 821/1594/2010
f 821/1594/2011 957/1593/2012 685/852/2013
f 9/1595/2014 165/1596/2015 822/1597/2016
f 822/1598/2017 584/1599/2018 9/1600/2019
f 14/1601/2020 882/1602/2021 823/1603/2022
f 209/1604/2023 926/1605/2024 208/1606/2025
f 1136/1607/2026 627/1608/2027 296/1609/2028
f 1128/1610/2029 895/1063/2030 272/1062/2031
f 661/1611/2032 1128/309/2033 662/308/2034
f 676/1311/2035 365/698/2036 1042/1309/2037
f 676/1311/2038 590/1612/2039 38/41/2040
f 827/1613/2041 1136/1607/2042 296/1609/2043
f 253/831/2044 478/490/2045 254/1614/2046
f 340/1615/2047 778/1616/2048 247/1617/2049
f 485/546/2050 743/1618/2051 143/799/2052
f 833/1619/2053 658/1620/2054 83/524/2055
f 831/1096/2056 552/1036/2057 832/1089/2058
f 990/169/2059 467/899/2060 248/1432/2061
f 542/1621/2062 129/1622/2063 192/1623/2064
f 1005/1624/2065 955/1625/2066 80/1626/2067
f 955/1627/2068 1054/1628/2069 421/1629/2070
f 598/1386/2071 835/1630/2072 419/1631/2073
f 1018/1632/2074 1083/1633/2075 434/1634/2076
f 141/1635/2077 838/1636/2078 270/1637/2079
f 772/543/2080 589/542/2081 594/1638/2082
f 304/577/2083 594/1638/2084 589/542/2085
f 1135/1639/2086 345/1640/2087 1022/1641/2088
f 464/1642/2089 1135/1639/2090 1022/1641/2091
f 836/1643/2092 385/1644/2093 837/1645/2094
f 837/1646/2095 385/1647/2096 132/1648/2097
f 1142/1649/2098 507/173/2099 101/175/2100
f 133/1650/2101 900/1651/2102 858/1652/2103
f 186/1653/2104 269/1654/2105 255/1655/2106
f 288/1107/2107 841/1656/2108 851/1657/2109
f 619/1658/2110 842/806/2111 574/1659/2112
f 508/1660/2113 156/292/2114 1148/291/2115
f 775/1502/2116 604/1661/2117 1060/1503/2118
f 337/836/2119 375/838/2120 440/1662/2121
f 848/1663/2122 464/1109/2123 371/702/2124
f 1135/1639/2125 464/1664/2126 848/1104/2127
f 1060/1665/2128 604/1666/2129 1237/1667/2130
f 604/1666/2131 24/1449/2132 660/1289/2133
f 730/1668/2134 672/1669/2135 877/1670/2136
f 570/1671/2137 526/1672/2138 105/1673/2139
f 464/1109/2140 550/1035/2141 371/702/2142
f 377/1674/2143 1218/1675/2144 373/1676/2145
f 178/1677/2146 381/487/2147 55/486/2148
f 292/1678/2149 344/1679/2150 854/1680/2151
f 91/92/2152 154/91/2153 480/1244/2154
f 231/1681/2155 544/1682/2156 581/1683/2157
f 248/1432/2158 1155/1684/2159 97/167/2160
f 179/1276/2161 855/1685/2162 381/1274/2163
f 30/1073/2164 1028/1075/2165 9/1686/2166
f 612/875/2167 857/1687/2168 856/1179/2169
f 1021/892/2170 345/1640/2171 858/1652/2172
f 133/1650/2173 345/1640/2174 225/410/2175
f 858/1652/2176 345/1640/2177 133/1650/2178
f 1101/1340/2179 883/1688/2180 325/1341/2181
f 941/1689/2182 483/1690/2183 110/1691/2184
f 1069/1407/2185 347/1406/2186 725/1393/2187
f 867/1692/2188 1177/1318/2189 596/1693/2190
f 867/67/2191 383/724/2192 107/726/2193
f 970/1694/2194 53/474/2195 556/1695/2196
f 869/1696/2197 294/556/2198 1009/555/2199
f 23/1697/2200 1234/1698/2201 39/1699/2202
f 870/1700/2203 1219/1373/2204 871/1372/2205
f 897/846/2206 441/845/2207 968/1701/2208
f 98/1702/2209 283/526/2210 159/528/2211
f 874/1703/2212 875/1429/2213 316/1428/2214
f 876/1704/2215 635/1705/2216 436/1706/2217
f 877/1707/2218 862/1708/2219 730/1709/2220
f 878/1591/2221 1012/1590/2222 880/1710/2223
f 1082/1711/2224 81/1712/2225 1078/1713/2226
f 878/1714/2227 880/1715/2228 873/1716/2229
f 873/1717/2230 1058/1718/2231 878/1591/2232
f 882/1719/2233 187/1720/2234 414/1721/2235
f 1183/1722/2236 439/1254/2237 313/1253/2238
f 313/1723/2239 118/1724/2240 1183/1722/2241
f 639/58/2242 72/121/2243 765/59/2244
f 1240/1725/2245 884/1726/2246 65/107/2247
f 957/1593/2248 655/343/2249 565/671/2250
f 331/1727/2251 60/1476/2252 755/1474/2253
f 183/1728/2254 788/1729/2255 714/1730/2256
f 1020/1731/2257 614/1732/2258 923/1733/2259
f 766/1734/2260 1189/1735/2261 273/1736/2262
f 551/1223/2263 557/747/2264 290/1038/2265
f 567/1737/2266 922/1738/2267 823/1739/2268
f 510/1283/2269 1080/269/2270 333/908/2271
f 888/1740/2272 946/1741/2273 1182/1742/2274
f 10/1743/2275 49/1744/2276 465/1745/2277
f 83/1746/2278 889/1747/2279 833/1748/2280
f 213/1749/2281 952/1750/2282 212/1751/2283
f 967/1752/2284 736/1753/2285 1088/1754/2286
f 1103/1144/2287 327/1146/2288 1050/386/2289
f 892/1755/2290 764/1756/2291 1081/1757/2292
f 893/1758/2293 445/1444/2294 87/1759/2295
f 621/1760/2296 836/1761/2297 746/1762/2298
f 39/1763/2299 989/1764/2300 1091/1765/2301
f 900/1651/2302 133/1650/2303 897/846/2304
f 15/1766/2305 712/1501/2306 771/1500/2307
f 903/750/2308 909/1767/2309 541/1768/2310
f 1110/1769/2311 828/1770/2312 392/981/2313
f 448/1771/2314 150/1772/2315 905/1773/2316
f 896/1774/2317 1091/50/2318 63/102/2319
f 9/1775/2320 6/1776/2321 165/1118/2322
f 365/698/2323 1239/43/2324 1232/1777/2325
f 1232/1777/2326 1239/43/2327 908/1778/2328
f 485/546/2329 1031/1779/2330 743/1618/2331
f 806/1568/2332 805/1567/2333 1178/1780/2334
f 294/1781/2335 869/1782/2336 1032/1783/2337
f 773/1784/2338 806/1568/2339 1178/1780/2340
f 773/1784/2341 1081/1757/2342 803/1785/2343
f 445/328/2344 893/1786/2345 1193/385/2346
f 1006/1787/2347 337/1788/2348 440/1789/2349
f 724/381/2350 1057/950/2351 341/382/2352
f 1067/1790/2353 916/1791/2354 915/1792/2355
f 161/1793/2356 835/1794/2357 539/1795/2358
f 164/1796/2359 752/1797/2360 79/1798/2361
f 591/1799/2362 917/1800/2363 1102/1801/2364
f 591/1802/2365 462/1534/2366 917/1803/2367
f 257/1804/2368 368/1805/2369 367/1806/2370
f 64/106/2371 1240/1725/2372 65/107/2373
f 487/1509/2374 281/1224/2375 723/941/2376
f 661/1611/2377 895/1807/2378 1128/309/2379
f 48/69/2380 820/40/2381 919/39/2382
f 1105/1103/2383 579/1102/2384 447/850/2385
f 744/1442/2386 1143/1808/2387 428/1445/2388
f 1051/1123/2389 34/1122/2390 22/61/2391
f 820/40/2392 922/71/2393 1181/1809/2394
f 276/608/2395 278/610/2396 928/1810/2397
f 1058/1811/2398 148/1812/2399 307/1813/2400
f 1155/1423/2401 1211/1140/2402 923/1814/2403
f 924/833/2404 1155/1684/2405 923/835/2406
f 703/1815/2407 644/1313/2408 1220/1816/2409
f 926/1577/2410 458/366/2411 811/365/2412
f 1225/759/2413 1162/1817/2414 395/1165/2415
f 845/1314/2416 193/1818/2417 841/1819/2418
f 193/1213/2419 580/1820/2420 841/1821/2421
f 927/1822/2422 1089/1823/2423 932/1824/2424
f 929/1825/2425 24/28/2426 925/30/2427
f 254/476/2428 262/478/2429 150/1826/2430
f 308/1278/2431 307/1827/2432 381/487/2433
f 591/1828/2434 483/1829/2435 1208/1830/2436
f 1232/1831/2437 908/1832/2438 933/1833/2439
f 1201/1834/2440 170/937/2441 456/1835/2442
f 1055/1836/2443 379/1837/2444 155/1838/2445
f 936/1839/2446 376/1840/2447 908/1832/2448
f 908/1832/2449 376/1840/2450 933/1833/2451
f 595/1841/2452 723/1842/2453 1068/135/2454
f 1176/1843/2455 314/1844/2456 692/1845/2457
f 192/1846/2458 541/1847/2459 542/1848/2460
f 192/1849/2461 847/1850/2462 541/1851/2463
f 1027/1852/2464 1015/1853/2465 1226/1854/2466
f 397/752/2467 492/751/2468 1210/1334/2469
f 938/1855/2470 1121/210/2471 479/1856/2472
f 521/1857/2473 343/1858/2474 292/1678/2475
f 939/1859/2476 856/398/2477 212/397/2478
f 776/1860/2479 389/739/2480 940/738/2481
f 541/1861/2482 909/1862/2483 1033/1863/2484
f 287/731/2485 638/733/2486 396/753/2487
f 396/753/2488 397/752/2489 549/1034/2490
f 945/1864/2491 883/1865/2492 632/1866/2493
f 1191/876/2494 944/627/2495 931/629/2496
f 909/497/2497 837/1867/2498 524/313/2499
f 1118/1868/2500 786/1869/2501 881/1870/2502
f 643/1871/2503 1199/1872/2504 129/1873/2505
f 403/1874/2506 947/1875/2507 776/1876/2508
f 403/1877/2509 927/1878/2510 947/1879/2511
f 383/1880/2512 867/1692/2513 596/1693/2514
f 122/1881/2515 1190/1882/2516 1224/1883/2517
f 132/1884/2518 385/1885/2519 949/214/2520
f 151/1886/2521 691/1887/2522 950/1888/2523
f 1143/1391/2524 954/1889/2525 721/1382/2526
f 954/1889/2527 1143/1391/2528 724/1390/2529
f 950/1888/2530 719/1890/2531 151/1886/2532
f 915/1891/2533 916/1791/2534 68/1892/2535
f 877/1707/2536 915/1893/2537 68/1894/2538
f 956/1895/2539 185/670/2540 454/853/2541
f 64/106/2542 793/105/2543 592/1896/2544
f 187/1897/2545 523/1898/2546 173/1899/2547
f 988/1900/2548 997/1901/2549 958/1047/2550
f 1026/211/2551 308/1902/2552 855/208/2553
f 101/1903/2554 357/1904/2555 961/294/2556
f 318/1905/2557 785/1906/2558 1222/1907/2559
f 814/1908/2560 962/1909/2561 117/1910/2562
f 761/1911/2563 963/1912/2564 643/1913/2565
f 210/246/2566 814/248/2567 386/878/2568
f 442/560/2569 443/1914/2570 391/849/2571
f 407/758/2572 965/1346/2573 1225/759/2574
f 473/1915/2575 853/1916/2576 752/1917/2577
f 1159/1918/2578 1034/1121/2579 585/1120/2580
f 206/1919/2581 969/1920/2582 207/1921/2583
f 971/1922/2584 388/1923/2585 972/1924/2586
f 388/1925/2587 866/224/2588 678/226/2589
f 466/897/2590 677/1926/2591 417/804/2592
f 564/1927/2593 553/1928/2594 624/1929/2595
f 626/1930/2596 296/1931/2597 147/1932/2598
f 369/1335/2599 768/1933/2600 775/1502/2601
f 369/1335/2602 775/1502/2603 1194/1504/2604
f 196/1489/2605 586/1934/2606 762/150/2607
f 555/1935/2608 866/1936/2609 971/1922/2610
f 274/1937/2611 887/1938/2612 886/1939/2613
f 628/152/2614 627/1940/2615 1136/1941/2616
f 628/152/2617 1008/1942/2618 762/150/2619
f 979/851/2620 664/847/2621 225/410/2622
f 917/1943/2623 318/1944/2624 1116/1945/2625
f 580/1820/2626 1111/1946/2627 852/1947/2628
f 934/1948/2629 852/1947/2630 1111/1946/2631
f 333/908/2632 980/1949/2633 469/909/2634
f 1185/377/2635 283/376/2636 581/501/2637
f 1195/1950/2638 333/1951/2639 88/1952/2640
f 74/477/2641 254/476/2642 981/1267/2643
f 981/1267/2644 75/1266/2645 74/477/2646
f 1164/1330/2647 982/1329/2648 1151/1953/2649
f 1151/304/2650 982/1954/2651 874/302/2652
f 61/1377/2653 983/1955/2654 702/1956/2655
f 533/992/2656 304/1957/2657 427/1958/2658
f 4/1959/2659 986/1960/2660 47/1961/2661
f 47/1961/2662 1163/83/2663 4/1959/2664
f 1091/1765/2665 989/1764/2666 243/57/2667
f 423/797/2668 422/796/2669 348/659/2670
f 71/1962/2671 612/1963/2672 1169/1964/2673
f 765/1965/2674 71/1966/2675 1169/1967/2676
f 991/1968/2677 372/703/2678 1100/393/2679
f 1063/24/2680 19/23/2681 145/1969/2682
f 986/1970/2683 145/1969/2684 47/1971/2685
f 190/1972/2686 401/1032/2687 548/1031/2688
f 995/1973/2689 1127/1974/2690 156/1975/2691
f 996/373/2692 275/1976/2693 997/374/2694
f 487/1509/2695 485/546/2696 494/951/2697
f 998/1977/2698 745/1978/2699 119/1279/2700
f 243/57/2701 989/1764/2702 1076/2/2703
f 66/1979/2704 1075/1980/2705 1076/1981/2706
f 765/1982/2707 2/47/2708 50/78/2709
f 444/1983/2710 907/1984/2711 1003/1985/2712
f 352/1986/2713 389/1987/2714 865/1988/2715
f 1004/1347/2716 965/1346/2717 407/758/2718
f 1004/1347/2719 407/758/2720 777/1516/2721
f 1157/1580/2722 1175/1989/2723 48/1581/2724
f 890/186/2725 1088/1990/2726 368/187/2727
f 96/1041/2728 432/1040/2729 249/1991/2730
f 311/594/2731 236/593/2732 235/1992/2733
f 338/1993/2734 618/1994/2735 130/1995/2736
f 618/1194/2737 338/1996/2738 339/1195/2739
f 797/1997/2740 531/1998/2741 233/1999/2742
f 850/2000/2743 1079/2001/2744 1087/2002/2745
f 437/2003/2746 557/747/2747 394/746/2748
f 1077/2004/2749 574/1659/2750 92/2005/2751
f 663/745/2752 557/747/2753 671/1049/2754
f 664/847/2755 663/745/2756 671/1049/2757
f 279/2006/2758 953/2007/2759 951/2008/2760
f 999/79/2761 158/81/2762 376/2009/2763
f 869/2010/2764 1009/2011/2765 286/2012/2766
f 798/1056/2767 567/2013/2768 787/1554/2769
f 798/1056/2770 922/2014/2771 567/2013/2772
f 140/2015/2773 139/2016/2774 159/2017/2775
f 538/2018/2776 159/2017/2777 139/2016/2778
f 1195/2019/2779 1010/2020/2780 284/525/2781
f 1011/2021/2782 522/2022/2783 1159/2023/2784
f 1012/2024/2785 873/2025/2786 880/1715/2787
f 864/202/2788 111/201/2789 1016/2026/2790
f 757/2027/2791 70/2028/2792 328/2029/2793
f 737/1235/2794 642/95/2795 116/619/2796
f 329/2030/2797 1017/2031/2798 503/2032/2799
f 374/2033/2800 375/841/2801 529/2034/2802
f 529/2035/2803 375/838/2804 528/837/2805
f 243/2036/2806 242/2037/2807 320/2038/2808
f 685/2039/2809 1084/2040/2810 45/2041/2811
f 1084/1159/2812 605/1161/2813 45/2042/2814
f 893/1758/2815 87/1759/2816 780/2043/2817
f 962/534/2818 610/533/2819 416/2044/2820
f 962/2045/2821 416/399/2822 623/2046/2823
f 1069/891/2824 555/1935/2825 1021/892/2826
f 1022/1641/2827 555/1935/2828 971/1922/2829
f 1005/2047/2830 80/2048/2831 1131/2049/2832
f 812/952/2833 495/719/2834 704/2050/2835
f 812/2051/2836 704/2052/2837 1023/2053/2838
f 1021/892/2839 555/1935/2840 1022/1641/2841
f 345/1640/2842 1021/892/2843 1022/1641/2844
f 486/548/2845 490/947/2846 494/951/2847
f 1025/2054/2848 868/2055/2849 704/2056/2850
f 46/791/2851 925/30/2852 54/792/2853
f 235/592/2854 1061/483/2855 648/978/2856
f 13/2057/2857 1027/2058/2858 727/2059/2859
f 1028/1075/2860 6/2060/2861 9/1686/2862
f 1215/2061/2863 1029/2062/2864 804/2063/2865
f 1029/2064/2866 713/2065/2867 804/2066/2868
f 484/207/2869 1026/211/2870 855/208/2871
f 121/2067/2872 493/2068/2873 95/2069/2874
f 901/2070/2875 900/1651/2876 897/846/2877
f 968/1701/2878 901/2070/2879 897/846/2880
f 899/2071/2881 901/2070/2882 968/1701/2883
f 1042/2072/2884 674/2073/2885 675/2074/2886
f 854/369/2887 200/368/2888 754/2075/2889
f 1223/2076/2890 851/2077/2891 195/2078/2892
f 1062/919/2893 861/920/2894 476/917/2895
f 412/2079/2896 317/2080/2897 240/2081/2898
f 192/2082/2899 129/2083/2900 41/2084/2901
f 1072/482/2902 327/1146/2903 1030/236/2904
f 77/133/2905 1072/482/2906 1030/236/2907
f 602/1155/2908 943/1157/2909 573/2085/2910
f 502/2086/2911 180/2087/2912 384/2088/2913
f 589/542/2914 1031/541/2915 125/814/2916
f 136/270/2917 1080/269/2918 476/917/2919
f 688/2089/2920 689/346/2921 780/2090/2922
f 1064/2091/2923 524/255/2924 131/254/2925
f 10/2092/2926 30/1073/2927 9/1686/2928
f 261/2093/2929 155/2094/2930 767/2095/2931
f 897/846/2932 664/847/2933 910/844/2934
f 568/2096/2935 181/2097/2936 1035/2098/2937
f 868/1355/2938 260/473/2939 704/2099/2940
f 260/473/2941 261/475/2942 767/2100/2943
f 1033/2101/2944 542/2102/2945 541/2103/2946
f 60/1476/2947 749/2104/2948 756/1477/2949
f 96/2105/2950 787/1554/2951 567/2013/2952
f 1038/111/2953 905/2106/2954 726/2107/2955
f 1038/111/2956 726/2108/2957 1039/2109/2958
f 811/2110/2959 603/1552/2960 208/2111/2961
f 603/1552/2962 811/2110/2963 711/1553/2964
f 818/2112/2965 808/2113/2966 530/2114/2967
f 808/2113/2968 807/2115/2969 530/2114/2970
f 547/2116/2971 168/2117/2972 1109/2118/2973
f 359/2119/2974 736/1753/2975 967/1752/2976
f 263/2120/2977 513/2121/2978 1016/2122/2979
f 514/2123/2980 234/1319/2981 373/1321/2982
f 112/513/2983 714/2124/2984 788/2125/2985
f 168/512/2986 714/2124/2987 112/513/2988
f 758/2126/2989 1045/976/2990 518/519/2991
f 674/2073/2992 234/2127/2993 653/2128/2994
f 650/1081/2995 67/518/2996 781/517/2997
f 1152/740/2998 370/318/2999 991/1968/3000
f 321/279/3001 27/2129/3002 58/280/3003
f 1/46/3004 2/47/3005 765/2130/3006
f 35/44/3007 1/46/3008 765/2130/3009
f 146/2131/3010 262/2132/3011 268/2133/3012
f 246/2134/3013 300/1256/3014 886/1258/3015
f 1055/2135/3016 955/2136/3017 379/2137/3018
f 208/2138/3019 313/2139/3020 209/2140/3021
f 747/1460/3022 987/2141/3023 1059/2142/3024
f 372/703/3025 1194/1504/3026 1098/2143/3027
f 1063/24/3028 145/1969/3029 986/1970/3030
f 151/2144/3031 152/2145/3032 691/2146/3033
f 392/981/3034 828/1770/3035 1070/137/3036
f 1068/135/3037 1070/137/3038 828/1770/3039
f 272/2147/3040 198/2148/3041 460/2149/3042
f 734/1291/3043 459/2150/3044 76/2151/3045
f 97/167/3046 924/833/3047 799/168/3048
f 369/1335/3049 1194/1504/3050 372/703/3051
f 649/1247/3052 484/472/3053 259/471/3054
f 19/23/3055 27/2152/3056 613/2153/3057
f 928/2154/3058 1147/2155/3059 516/2156/3060
f 278/2157/3061 1071/2158/3062 928/2159/3063
f 703/2160/3064 1220/2161/3065 649/1247/3066
f 1220/2161/3067 1207/2162/3068 649/1247/3069
f 175/1002/3070 808/2113/3071 535/1000/3072
f 1182/2163/3073 1019/2164/3074 29/2165/3075
f 480/2166/3076 474/159/3077 645/161/3078
f 807/1299/3079 474/159/3080 480/2166/3081
f 1070/137/3082 78/136/3083 393/2167/3084
f 393/2168/3085 392/981/3086 1070/137/3087
f 672/1669/3088 570/1671/3089 1129/2169/3090
f 299/2170/3091 443/1914/3092 442/560/3093
f 52/84/3094 303/86/3095 302/2171/3096
f 1196/2172/3097 45/2173/3098 751/2174/3099
f 431/2175/3100 751/2176/3101 45/2177/3102
f 478/456/3103 471/2178/3104 669/2179/3105
f 659/2180/3106 285/406/3107 500/2181/3108
f 619/1658/3109 1077/2004/3110 601/2182/3111
f 227/114/3112 1048/116/3113 328/2183/3114
f 1087/2002/3115 1079/2001/3116 473/2184/3117
f 1080/269/3118 137/271/3119 1046/2185/3120
f 951/2186/3121 953/2187/3122 1191/876/3123
f 1160/2188/3124 1008/1942/3125 297/2189/3126
f 1081/2190/3127 495/930/3128 892/929/3129
f 495/2191/3130 1081/1757/3131 201/2192/3132
f 338/651/3133 263/2193/3134 863/652/3135
f 1080/269/3136 1046/2185/3137 980/1949/3138
f 997/2194/3139 1083/2195/3140 1018/2196/3141
f 188/2197/3142 546/2198/3143 1029/2199/3144
f 13/2200/3145 498/2201/3146 342/2202/3147
f 397/752/3148 372/703/3149 371/702/3150
f 517/1082/3151 1067/2203/3152 1129/1083/3153
f 1110/2204/3154 424/801/3155 809/803/3156
f 1110/2205/3157 809/1572/3158 828/1571/3159
f 1089/2206/3160 927/1878/3161 266/2207/3162
f 546/2198/3163 770/2208/3164 1029/2199/3165
f 949/2209/3166 117/2210/3167 819/2211/3168
f 122/1881/3169 1167/2212/3170 1190/1882/3171
f 929/1825/3172 925/30/3173 46/791/3174
f 1027/2213/3175 1209/2214/3176 727/2215/3177
f 465/2216/3178 597/1143/3179 31/2217/3180
f 654/2218/3181 233/2219/3182 286/2220/3183
f 1094/1001/3184 466/2221/3185 844/2222/3186
f 402/2223/3187 776/2224/3188 352/2225/3189
f 396/2226/3190 768/87/3191 492/2227/3192
f 1218/2228/3193 748/566/3194 299/568/3195
f 329/2030/3196 70/2229/3197 1097/2230/3198
f 627/197/3199 992/2231/3200 296/2232/3201
f 343/1858/3202 344/1679/3203 292/1678/3204
f 344/2233/3205 343/2234/3206 342/2235/3207
f 422/796/3208 90/157/3209 721/1382/3210
f 646/2236/3211 480/2166/3212 645/161/3213
f 25/2237/3214 961/294/3215 37/16/3216
f 1227/2238/3217 748/1462/3218 1218/2239/3219
f 1218/2240/3220 377/2241/3221 1227/2242/3222
f 755/1474/3223 148/2243/3224 331/1727/3225
f 590/361/3226 220/2244/3227 861/2245/3228
f 1094/1001/3229 844/2222/3230 175/1002/3231
f 844/2222/3232 942/2246/3233 175/1002/3234
f 453/2247/3235 685/2248/3236 1196/2249/3237
f 1032/1783/3238 869/1782/3239 693/2250/3240
f 563/1517/3241 251/299/3242 5/277/3243
f 286/2251/3244 693/2250/3245 869/1782/3246
f 1222/2252/3247 167/2253/3248 752/2254/3249
f 963/2255/3250 1202/2256/3251 1199/85/3252
f 617/1190/3253 135/1189/3254 274/2257/3255
f 573/2258/3256 842/806/3257 602/2259/3258
f 619/1658/3259 602/2259/3260 842/806/3261
f 205/1526/3262 782/1528/3263 1104/2260/3264
f 1105/1103/3265 447/850/3266 848/1104/3267
f 905/1773/3268 1038/2261/3269 149/2262/3270
f 387/2263/3271 1045/2264/3272 758/2265/3273
f 62/101/3274 749/2266/3275 702/99/3276
f 1221/2267/3277 1197/2268/3278 319/2269/3279
f 380/585/3280 995/584/3281 157/2270/3282
f 816/1582/3283 346/1584/3284 347/2271/3285
f 896/1774/3286 23/48/3287 1091/50/3288
f 580/1820/3289 1112/626/3290 1111/1946/3291
f 664/847/3292 133/1650/3293 225/410/3294
f 897/846/3295 133/1650/3296 664/847/3297
f 349/660/3298 740/657/3299 1056/154/3300
f 1114/825/3301 1235/824/3302 1168/2272/3303
f 588/316/3304 1132/315/3305 585/2273/3306
f 405/2274/3307 157/2275/3308 508/2276/3309
f 722/2277/3310 293/2278/3311 1009/2279/3312
f 356/2280/3313 722/2281/3314 1009/2282/3315
f 155/1838/3316 378/2283/3317 735/2284/3318
f 709/2285/3319 1115/2286/3320 1092/2287/3321
f 1092/1304/3322 1115/2288/3323 952/1305/3324
f 739/2289/3325 245/2290/3326 147/2291/3327
f 431/20/3328 712/676/3329 354/2292/3330
f 32/1409/3331 1119/2293/3332 241/2294/3333
f 588/1126/3334 479/1125/3335 1121/2295/3336
f 1134/2296/3337 142/2297/3338 1104/2298/3339
f 782/1528/3340 1122/2299/3341 1104/2260/3342
f 270/1637/3343 1123/2300/3344 269/2301/3345
f 593/2302/3346 1123/2300/3347 1073/2303/3348
f 670/2304/3349 1124/2305/3350 1125/2306/3351
f 269/2301/3352 1123/2300/3353 593/2302/3354
f 1117/2307/3355 1125/2308/3356 1126/2309/3357
f 326/625/3358 906/2310/3359 1112/626/3360
f 1104/2298/3361 1122/2311/3362 1134/2296/3363
f 1134/2312/3364 1122/2299/3365 782/1528/3366
f 1206/2313/3367 668/2314/3368 138/2315/3369
f 1127/839/3370 375/841/3371 374/2033/3372
f 111/201/3373 863/2316/3374 1016/2026/3375
f 263/2317/3376 1016/2026/3377 863/2316/3378
f 667/2318/3379 774/2319/3380 1139/2320/3381
f 1133/1288/3382 1139/2320/3383 774/2319/3384
f 1135/1639/3385 848/1104/3386 226/411/3387
f 226/411/3388 848/1104/3389 447/850/3390
f 615/1184/3391 390/2321/3392 616/1182/3393
f 390/2322/3394 615/1166/3395 974/2323/3396
f 783/2324/3397 230/421/3398 967/420/3399
f 1237/1667/3400 1133/1288/3401 774/2319/3402
f 1162/2325/3403 408/2326/3404 607/774/3405
f 634/2327/3406 988/2328/3407 554/2329/3408
f 817/2330/3409 554/2331/3410 564/2332/3411
f 170/937/3412 1201/1834/3413 512/1022/3414
f 1086/2333/3415 1141/2334/3416 850/2000/3417
f 729/1139/3418 594/1638/3419 305/579/3420
f 772/543/3421 594/1638/3422 729/1139/3423
f 745/1978/3424 657/1280/3425 119/1279/3426
f 636/2335/3427 259/471/3428 1165/623/3429
f 1107/1560/3430 794/2336/3431 702/99/3432
f 755/1474/3433 756/1477/3434 754/1475/3435
f 698/2337/3436 697/2338/3437 1220/1816/3438
f 1220/1816/3439 644/1313/3440 698/2337/3441
f 1144/2339/3442 1106/2340/3443 326/2341/3444
f 202/364/3445 710/2342/3446 911/1555/3447
f 640/2343/3448 765/2344/3449 18/2345/3450
f 415/2346/3451 224/2347/3452 998/2348/3453
f 95/2349/3454 741/2350/3455 50/2351/3456
f 334/636/3457 912/638/3458 1145/640/3459
f 651/2352/3460 1146/2353/3461 826/2354/3462
f 1226/409/3463 1209/408/3464 1027/2355/3465
f 1223/1108/3466 288/1107/3467 851/1657/3468
f 823/2356/3469 922/2357/3470 14/1025/3471
f 1071/2358/3472 516/2359/3473 1147/2360/3474
f 928/2159/3475 1071/2158/3476 1147/2361/3477
f 105/183/3478 1139/185/3479 1140/2362/3480
f 873/2363/3481 1154/284/3482 331/286/3483
f 954/1889/3484 724/1390/3485 349/660/3486
f 1037/697/3487 230/421/3488 783/2364/3489
f 1161/713/3490 279/2365/3491 280/714/3492
f 790/2366/3493 325/2367/3494 692/2368/3495
f 325/2369/3496 935/2370/3497 692/621/3498
f 1152/740/3499 1149/2371/3500 885/319/3501
f 871/2372/3502 1154/2373/3503 870/2374/3504
f 1154/1376/3505 871/2375/3506 61/1377/3507
f 738/1431/3508 1155/1684/3509 248/1432/3510
f 743/2376/3511 289/1403/3512 144/1422/3513
f 143/2377/3514 743/2376/3515 144/1422/3516
f 616/1182/3517 390/2321/3518 608/2378/3519
f 1159/1918/3520 162/2379/3521 695/1349/3522
f 1175/1142/3523 37/2380/3524 732/2381/3525
f 1177/1318/3526 732/2382/3527 37/1316/3528
f 987/2383/3529 256/2384/3530 1059/2385/3531
f 1088/2386/3532 736/2387/3533 1160/2388/3534
f 875/761/3535 1185/377/3536 276/503/3537
f 172/2389/3538 501/2390/3539 503/2032/3540
f 681/7/3541 8/9/3542 1113/778/3543
f 224/2391/3544 415/2392/3545 853/785/3546
f 913/2393/3547 722/2394/3548 707/2395/3549
f 374/2396/3550 529/2397/3551 946/2398/3552
f 973/2399/3553 409/2400/3554 393/2401/3555
f 577/1100/3556 840/1099/3557 576/2402/3558
f 230/421/3559 364/696/3560 359/419/3561
f 826/688/3562 218/2403/3563 720/2404/3564
f 529/2405/3565 606/2406/3566 946/2407/3567
f 231/2408/3568 581/2409/3569 98/1702/3570
f 5/277/3571 6/276/3572 879/2410/3573
f 859/2411/3574 189/2412/3575 684/2413/3576
f 456/2414/3577 170/937/3578 992/939/3579
f 334/2415/3580 930/2416/3581 701/1027/3582
f 770/2417/3583 1163/2418/3584 771/2419/3585
f 1165/624/3586 580/1820/3587 193/1213/3588
f 580/1820/3589 1165/624/3590 1112/626/3591
f 19/2420/3592 430/2421/3593 58/2422/3594
f 672/1417/3595 489/2423/3596 673/1415/3597
f 21/1492/3598 470/2424/3599 792/1539/3600
f 71/120/3601 765/59/3602 72/121/3603
f 266/2425/3604 111/2426/3605 1089/2427/3606
f 1038/111/3607 846/2428/3608 450/267/3609
f 1038/111/3610 1039/2109/3611 846/2428/3612
f 327/1146/3613 1072/482/3614 1050/386/3615
f 827/1613/3616 296/1609/3617 626/2429/3618
f 891/2430/3619 64/2431/3620 452/2432/3621
f 64/1133/3622 417/804/3623 452/2433/3624
f 658/1282/3625 332/550/3626 510/1283/3627
f 368/1805/3628 297/2434/3629 245/2435/3630
f 66/545/3631 57/544/3632 1074/2436/3633
f 201/2437/3634 670/2438/3635 1117/2307/3636
f 66/545/3637 1074/2436/3638 1075/2439/3639
f 861/2440/3640 220/1400/3641 221/1402/3642
f 1226/1467/3643 343/2441/3644 521/1465/3645
f 1101/1395/3646 790/2442/3647 687/1333/3648
f 611/2443/3649 1176/1843/3650 1212/2444/3651
f 497/2445/3652 1096/2446/3653 498/2447/3654
f 661/934/3655 662/1292/3656 1173/932/3657
f 853/2448/3658 79/2449/3659 752/2450/3660
f 545/2451/3661 539/1008/3662 540/1010/3663
f 725/2452/3664 555/1935/3665 1069/891/3666
f 675/2453/3667 674/2454/3668 282/2455/3669
f 706/2456/3670 338/1993/3671 130/1995/3672
f 701/1027/3673 930/2416/3674 187/1720/3675
f 438/1097/3676 579/1102/3677 174/1098/3678
f 98/1702/3679 534/2457/3680 231/2408/3681
f 356/557/3682 294/556/3683 1095/2458/3684
f 1047/1371/3685 650/1081/3686 801/1370/3687
f 1043/198/3688 932/2459/3689 456/199/3690
f 551/2460/3691 630/2461/3692 406/2462/3693
f 414/2463/3694 750/2464/3695 96/2465/3696
f 762/150/3697 1008/1942/3698 763/1488/3699
f 605/1204/3700 215/1206/3701 93/2466/3702
f 891/2467/3703 452/2468/3704 65/2469/3705
f 1179/2470/3706 326/2341/3707 1106/2340/3708
f 902/2471/3709 110/2472/3710 865/2473/3711
f 1175/1142/3712 732/2381/3713 597/1143/3714
f 1141/2474/3715 558/2475/3716 1088/2476/3717
f 902/2477/3718 941/1689/3719 110/1691/3720
f 346/2478/3721 665/953/3722 496/2479/3723
f 1053/2480/3724 546/2481/3725 188/2482/3726
f 888/2483/3727 1182/2484/3728 29/2485/3729
f 1219/2486/3730 870/2374/3731 873/2025/3732
f 205/1526/3733 1104/2260/3734 36/2487/3735
f 205/1057/3736 36/2488/3737 1181/1055/3738
f 312/2489/3739 439/1254/3740 1183/1722/3741
f 118/1724/3742 312/2489/3743 1183/1722/3744
f 228/2490/3745 229/414/3746 904/2491/3747
f 1021/892/3748 858/1652/3749 683/931/3750
f 463/893/3751 1021/892/3752 683/931/3753
f 945/2492/3754 680/2493/3755 883/2494/3756
f 611/2495/3757 920/523/3758 284/525/3759
f 291/2496/3760 792/1539/3761 11/564/3762
f 293/2497/3763 913/2498/3764 1035/2499/3765
f 640/2500/3766 1184/90/3767 959/611/3768
f 35/1493/3769 792/1539/3770 291/2496/3771
f 788/432/3772 1039/431/3773 726/2501/3774
f 184/2502/3775 788/432/3776 726/2501/3777
f 679/2503/3778 1126/2309/3779 1124/2504/3780
f 1125/2306/3781 1124/2505/3782 1126/2506/3783
f 782/2507/3784 779/2508/3785 142/2509/3786
f 282/2510/3787 757/2511/3788 190/1972/3789
f 810/2512/3790 587/2513/3791 462/2514/3792
f 810/2512/3793 462/2514/3794 591/2515/3795
f 846/2516/3796 257/2517/3797 367/2518/3798
f 685/852/3799 956/1895/3800 454/853/3801
f 405/1331/3802 1185/2519/3803 982/1329/3804
f 28/2520/3805 20/2521/3806 1019/2522/3807
f 168/109/3808 547/2523/3809 813/1578/3810
f 367/1806/3811 368/1805/3812 245/2435/3813
f 915/1893/3814 877/1707/3815 1067/2524/3816
f 94/110/3817 631/2525/3818 128/1160/3819
f 252/2526/3820 32/2527/3821 250/2528/3822
f 10/1743/3823 465/1745/3824 30/2529/3825
f 261/475/3826 404/2530/3827 807/2531/3828
f 69/112/3829 886/266/3830 887/2532/3831
f 512/1022/3832 169/1024/3833 170/937/3834
f 53/474/3835 404/2530/3836 261/475/3837
f 53/474/3838 395/2533/3839 404/2530/3840
f 1116/613/3841 317/612/3842 412/2534/3843
f 118/734/3844 720/2535/3845 218/735/3846
f 556/2536/3847 201/2437/3848 1117/2307/3849
f 892/929/3850 858/1652/3851 900/1651/3852
f 976/663/3853 204/662/3854 553/2537/3855
f 959/2538/3856 121/2539/3857 120/2540/3858
f 32/1409/3859 241/2294/3860 56/97/3861
f 1085/54/3862 1236/56/3863 15/2541/3864
f 712/2542/3865 15/2543/3866 354/2544/3867
f 839/458/3868 593/2545/3869 1073/459/3870
f 1120/2546/3871 244/2547/3872 26/2548/3873
f 282/2455/3874 689/2549/3875 675/2453/3876
f 479/1125/3877 1034/1127/3878 1058/2550/3879
f 79/2551/3880 700/2552/3881 162/2379/3882
f 145/1969/3883 19/23/3884 613/2153/3885
f 145/1969/3886 613/2153/3887 47/1971/3888
f 513/2553/3889 864/2554/3890 1016/2555/3891
f 864/2554/3892 513/2553/3893 705/2556/3894
f 129/2557/3895 894/2558/3896 41/2559/3897
f 759/2560/3898 1170/2561/3899 960/2562/3900
f 960/817/3901 758/816/3902 759/2563/3903
f 717/480/3904 491/949/3905 1193/481/3906
f 1193/481/3907 491/949/3908 716/948/3909
f 1054/94/3910 1184/618/3911 642/95/3912
f 275/1976/3913 996/373/3914 976/2564/3915
f 554/2565/3916 275/1976/3917 976/2564/3918
f 702/99/3919 505/1353/3920 1107/1560/3921
f 398/259/3922 912/258/3923 1099/1586/3924
f 1066/2566/3925 935/2567/3926 46/791/3927
f 935/2567/3928 929/1825/3929 46/791/3930
f 1012/272/3931 700/973/3932 138/273/3933
f 47/1961/3934 455/3/3935 1163/83/3936
f 676/1311/3937 38/41/3938 365/698/3939
f 1006/2568/3940 815/462/3941 566/537/3942
f 8/9/3943 684/2413/3944 1113/778/3945
f 1040/2569/3946 1109/2570/3947 112/2571/3948
f 1043/2572/3949 927/2573/3950 932/2574/3951
f 965/1346/3952 1000/1512/3953 1225/759/3954
f 1197/2575/3955 209/2576/3956 622/2577/3957
f 392/981/3958 523/980/3959 1110/1769/3960
f 173/2578/3961 410/2579/3962 414/2580/3963
f 81/2581/3964 253/2582/3965 103/1365/3966
f 672/1669/3967 526/1672/3968 570/1671/3969
f 731/2583/3970 862/2584/3971 417/2585/3972
f 297/2189/3973 1136/1941/3974 626/2586/3975
f 626/2586/3976 1136/1941/3977 827/2587/3978
f 961/294/3979 177/793/3980 161/295/3981
f 622/2588/3982 1200/2589/3983 1197/2590/3984
f 92/160/3985 793/1242/3986 645/161/3987
f 1200/2589/3988 319/2591/3989 1197/2590/3990
f 65/107/3991 452/867/3992 1156/866/3993
f 768/2592/3994 925/2593/3995 604/2594/3996
f 356/234/3997 1095/2595/3998 1190/2596/3999
f 197/360/4000 179/2597/4001 1007/1181/4002
f 423/797/4003 102/153/4004 507/2598/4005
f 413/2599/4006 600/1149/4007 268/1151/4008
f 1164/2600/4009 157/2601/4010 405/2602/4011
f 571/1078/4012 781/517/4013 1130/977/4014
f 581/2409/4015 283/526/4016 98/1702/4017
f 203/2603/4018 658/1620/4019 833/1619/4020
f 461/2604/4021 791/1535/4022 462/1534/4023
f 461/2604/4024 364/2605/4025 791/1535/4026
f 1067/2524/4027 877/1707/4028 1129/2606/4029
f 1135/1639/4030 225/410/4031 345/1640/4032
f 157/172/4033 1164/2607/4034 99/170/4035
f 660/1289/4036 301/1450/4037 681/2608/4038
f 565/671/4039 185/670/4040 956/1895/4041
f 573/2258/4042 466/897/4043 842/806/4044
f 429/1443/4045 87/1759/4046 445/1444/4047
f 603/1552/4048 313/2609/4049 208/2111/4050
f 769/1498/4051 937/387/4052 310/389/4053
f 627/197/4054 456/199/4055 992/2610/4056
f 63/102/4057 66/545/4058 896/1774/4059
f 502/2611/4060 350/2612/4061 719/2613/4062
f 417/804/4063 677/1926/4064 731/2614/4065
f 285/406/4066 499/956/4067 500/2181/4068
f 856/398/4069 857/2615/4070 475/396/4071
f 302/417/4072 340/2616/4073 247/2617/4074
f 419/1631/4075 336/1387/4076 598/1386/4077
f 789/2618/4078 221/1402/4079 89/1401/4080
f 764/2619/4081 899/2071/4082 872/2620/4083
f 697/2338/4084 1207/2621/4085 1220/1816/4086
f 1195/1950/4087 88/1952/4088 507/961/4089
f 1207/2162/4090 697/2622/4091 649/1247/4092
f 1007/2623/4093 1119/2624/4094 1209/2625/4095
f 842/806/4096 620/805/4097 574/1659/4098
f 247/2626/4099 176/979/4100 1132/143/4101
f 247/2617/4102 1132/418/4103 302/417/4104
f 697/2622/4105 361/1246/4106 649/1247/4107
f 552/2627/4108 535/1000/4109 818/2112/4110
f 808/2113/4111 818/2112/4112 535/1000/4113
f 478/490/4114 253/831/4115 1108/491/4116
f 516/2628/4117 1071/2629/4118 278/2630/4119
f 335/1135/4120 1138/639/4121 1137/2631/4122
f 481/2632/4123 470/2633/4124 506/2634/4125
f 506/2635/4126 470/2636/4127 366/2637/4128
f 1140/2638/4129 1047/1371/4130 105/1369/4131
f 959/2639/4132 91/2640/4133 916/2641/4134
f 617/2642/4135 575/2643/4136 621/2644/4137
f 710/2645/4138 575/2646/4139 617/2647/4140
f 276/503/4141 1185/377/4142 581/501/4143
f 202/364/4144 458/366/4145 386/2648/4146
f 228/138/4147 950/140/4148 691/2649/4149
f 1202/2650/4150 618/2651/4151 303/2652/4152
f 125/814/4153 1031/541/4154 485/2653/4155
f 502/2611/4156 719/2613/4157 180/2654/4158
f 1033/2655/4159 1036/2656/4160 542/2657/4161
f 692/621/4162 1212/620/4163 1176/2658/4164
f 412/2659/4165 240/2660/4166 353/2661/4167
f 1072/482/4168 267/384/4169 1050/386/4170
f 583/2662/4171 572/2663/4172 889/1747/4173
f 1196/2664/4174 108/2665/4175 45/2666/4176
f 1117/2307/4177 1126/2309/4178 679/2503/4179
f 203/2603/4180 521/2667/4181 332/2668/4182
f 1160/2669/4183 297/2434/4184 368/1805/4185
f 1080/269/4186 980/1949/4187 333/908/4188
f 1214/311/4189 482/936/4190 992/2670/4191
f 132/1884/4192 992/2671/4193 482/2672/4194
f 111/2673/4195 339/1192/4196 863/2674/4197
f 1205/2675/4198 953/2676/4199 1161/2677/4200
f 1216/2678/4201 794/2679/4202 639/58/4203
f 1131/2680/4204 52/2681/4205 302/2682/4206
f 1120/2546/4207 795/1/4208 455/3/4209
f 244/2547/4210 1120/2546/4211 455/3/4212
f 680/2683/4213 681/2684/4214 301/2685/4215
f 1162/2686/4216 694/2687/4217 408/1515/4218
f 893/1786/4219 1103/1144/4220 1050/386/4221
f 893/1786/4222 780/2688/4223 1103/1144/4224
f 220/1400/4225 1217/2689/4226 89/1401/4227
f 919/39/4228 107/726/4229 48/69/4230
f 919/39/4231 867/67/4232 107/726/4233
f 378/2283/4234 379/1837/4235 1005/2690/4236
f 674/2073/4237 365/2691/4238 234/2127/4239
f 346/2692/4240 360/1408/4241 347/1406/4242
f 156/1975/4243 508/2693/4244 995/1973/4245
f 1046/2694/4246 789/2695/4247 980/2696/4248
f 596/1693/4249 1177/1318/4250 682/1317/4251
f 971/1922/4252 866/1936/4253 388/1923/4254
f 376/1840/4255 377/2697/4256 933/1833/4257
f 680/2698/4258 1158/2699/4259 7/1138/4260
f 1158/2699/4261 335/642/4262 7/1138/4263
f 175/1002/4264 942/2246/4265 808/2113/4266
f 316/1428/4267 928/2700/4268 516/2701/4269
f 617/2702/4270 274/2703/4271 472/2704/4272
f 552/1036/4273 818/2705/4274 404/1588/4275
f 1198/2706/4276 1172/2707/4277 40/2708/4278
f 538/2709/4279 382/2710/4280 839/458/4281
f 421/2711/4282 737/2712/4283 784/2713/4284
f 584/2714/4285 238/1410/4286 239/2715/4287
f 65/107/4288 1156/866/4289 793/105/4290
f 31/2716/4291 732/2717/4292 733/1074/4293
f 27/904/4294 26/2718/4295 244/444/4296
f 973/2399/4297 543/2719/4298 409/2400/4299
f 703/2160/4300 649/1247/4301 636/2335/4302
f 52/2720/4303 894/2558/4304 1199/2721/4305
f 1226/1467/4306 1015/2722/4307 343/2441/4308
f 719/2723/4309 1170/2724/4310 180/818/4311
f 63/102/4312 1091/50/4313 59/103/4314
f 351/2725/4315 846/2428/4316 647/1240/4317
f 846/2726/4318 1039/2727/4319 647/2728/4320
f 1170/2729/4321 493/2068/4322 121/2067/4323
f 76/2730/4324 460/2731/4325 420/2732/4326
f 1163/2733/4327 986/2734/4328 771/2735/4329
f 639/58/4330 794/2679/4331 1107/2736/4332
f 1047/1250/4333 189/2737/4334 401/1032/4335
f 413/2738/4336 561/2739/4337 560/2740/4338
f 1222/2252/4339 752/2254/4340 164/2741/4341
f 692/621/4342 935/2370/4343 1066/622/4344
f 959/2742/4345 916/2743/4346 960/2744/4347
f 816/1582/4348 463/893/4349 683/931/4350
f 1154/2373/4351 873/2025/4352 870/2374/4353
f 896/2745/4354 34/2746/4355 23/2747/4356
f 594/1638/4357 304/577/4358 305/579/4359
f 382/2748/4360 186/1653/4361 255/1655/4362
f 809/1572/4363 427/1130/4364 426/1132/4365
f 88/2749/4366 1049/907/4367 423/797/4368
f 1120/2546/4369 26/2548/4370 242/443/4371
f 565/671/4372 655/343/4373 1083/345/4374
f 1102/2750/4375 917/1943/4376 1116/1945/4377
f 314/1844/4378 1010/531/4379 1142/2751/4380
f 1018/2752/4381 996/373/4382 1024/372/4383
f 1050/386/4384 1193/385/4385 893/1786/4386
f 573/2085/4387 942/2753/4388 844/2754/4389
f 164/1558/4390 522/1557/4391 240/2755/4392
f 1011/2756/4393 240/2757/4394 522/2758/4395
f 367/2759/4396 450/267/4397 846/2428/4398
f 747/1460/4399 850/2760/4400 985/2761/4401
f 1171/2762/4402 800/1441/4403 354/1440/4404
f 198/2763/4405 849/2764/4406 41/2765/4407
f 198/2763/4408 41/2765/4409 894/2766/4410
f 172/2389/4411 1017/2031/4412 1097/2767/4413
f 825/2768/4414 1064/2091/4415 131/254/4416
f 400/1113/4417 575/2646/4418 710/2645/4419
f 556/1695/4420 53/474/4421 868/1355/4422
f 996/373/4423 1118/2769/4424 976/2564/4425
f 960/2770/4426 121/2539/4427 959/2538/4428
f 87/36/4429 429/2771/4430 728/595/4431
f 142/2509/4432 1134/2772/4433 782/2507/4434
f 43/53/4435 1203/1478/4436 106/189/4437
f 400/1113/4438 830/1115/4439 385/2773/4440
f 1086/2333/4441 783/2774/4442 1141/2334/4443
f 931/2775/4444 1161/2776/4445 363/2777/4446
f 187/1897/4447 1110/2204/4448 523/1898/4449
f 1188/985/4450 999/986/4451 477/983/4452
f 161/295/4453 177/793/4454 835/795/4455
f 1181/1809/4456 36/38/4457 820/40/4458
f 1227/2242/4459 377/2241/4460 376/2778/4461
f 285/406/4462 436/954/4463 499/956/4464
f 431/2779/4465 45/2780/4466 1114/2781/4467
f 1179/2782/4468 1106/2783/4469 906/2310/4470
f 420/2784/4471 829/2785/4472 421/2786/4473
f 163/2787/4474 269/1654/4475 186/1653/4476
f 11/564/4477 576/2788/4478 966/565/4479
f 1188/2789/4480 292/1678/4481 158/2790/4482
f 1143/1391/4483 744/2791/4484 716/1392/4485
f 686/250/4486 128/1160/4487 1084/1159/4488
f 686/250/4489 94/110/4490 128/1160/4491
f 906/2792/4492 326/2341/4493 1179/2470/4494
f 409/2400/4495 799/168/4496 410/2793/4497
f 799/168/4498 409/2400/4499 543/2719/4500
f 322/2794/4501 944/627/4502 1191/876/4503
f 953/2795/4504 322/2796/4505 1191/2797/4506
f 721/1382/4507 954/1889/4508 422/796/4509
f 767/1494/4510 155/2798/4511 735/944/4512
f 955/2799/4513 1055/1564/4514 1054/2800/4515
f 577/2801/4516 502/2802/4517 501/2803/4518
f 970/2804/4519 679/1048/4520 406/2805/4521
f 355/2806/4522 1053/2480/4523 188/2482/4524
f 355/2807/4525 188/2197/4526 1171/2808/4527
f 698/2337/4528 644/1313/4529 678/1312/4530
f 675/2453/4531 689/2549/4532 688/485/4533
f 1042/484/4534 675/2453/4535 688/485/4536
f 44/2809/4537 32/2527/4538 252/2526/4539
f 1195/958/4540 83/524/4541 73/2810/4542
f 877/2811/4543 68/2812/4544 451/2813/4545
f 59/103/4546 860/2814/4547 582/104/4548
f 477/918/4549 476/917/4550 977/549/4551
f 783/2324/4552 967/420/4553 558/2815/4554
f 921/2816/4555 531/2817/4556 529/2818/4557
f 529/2819/4558 527/2820/4559 921/2821/4560
f 237/2822/4561 761/2823/4562 643/2824/4563
f 1002/1404/4564 1211/1140/4565 1155/1423/4566
f 58/280/4567 27/2129/4568 19/2825/4569
f 908/1832/4570 1239/2826/4571 936/1839/4572
f 877/1707/4573 451/2827/4574 862/1708/4575
f 862/2584/4576 451/2828/4577 417/2585/4578
f 325/1341/4579 883/1688/4580 301/2829/4581
f 764/2830/4582 892/929/4583 900/1651/4584
f 900/1651/4585 899/2831/4586 764/2830/4587
f 281/1224/4588 978/942/4589 723/941/4590
f 216/400/4591 416/399/4592 610/2832/4593
f 610/2833/4594 659/2834/4595 216/2835/4596
f 297/2836/4597 626/1930/4598 147/1932/4599
f 488/2837/4600 667/1294/4601 526/184/4602
f 239/2838/4603 200/2839/4604 497/2840/4605
f 902/2841/4606 769/2842/4607 941/2843/4608
f 351/2725/4609 647/1240/4610 656/1239/4611
f 824/2844/4612 1187/293/4613 946/2845/4614
f 20/2846/4615 1233/2847/4616 713/2848/4617
f 968/1701/4618 872/2620/4619 899/2071/4620
f 326/2849/4621 1165/623/4622 258/470/4623
f 1189/2850/4624 1198/2851/4625 273/2852/4626
f 1112/626/4627 906/2310/4628 444/2853/4629
f 1204/2854/4630 509/2855/4631 779/2508/4632
f 562/583/4633 380/585/4634 696/711/4635
f 182/2856/4636 766/2857/4637 181/2858/4638
f 156/2859/4639 1127/2860/4640 374/2861/4641
f 794/2336/4642 964/100/4643 702/99/4644
f 753/506/4645 122/2862/4646 994/507/4647
f 805/1567/4648 1081/1757/4649 1178/1780/4650
f 770/2863/4651 546/2864/4652 986/2865/4653
f 1227/2242/4654 376/2778/4655 158/2866/4656
f 11/564/4657 391/563/4658 1216/2867/4659
f 237/2868/4660 643/2869/4661 1036/2870/4662
f 760/2871/4663 1228/1357/4664 1229/1356/4665
f 319/2872/4666 1200/2873/4667 622/2874/4668
f 235/2875/4669 236/1310/4670 1042/1309/4671
f 604/2594/4672 775/2876/4673 768/2592/4674
f 162/2379/4675 700/2552/4676 695/1349/4677
f 1012/2877/4678 695/1349/4679 700/2552/4680
f 963/2878/4681 761/2879/4682 1052/2880/4683
f 1182/2881/4684 741/2882/4685 904/2883/4686
f 599/2884/4687 1067/2885/4688 1230/2886/4689
f 1230/2887/4690 517/2888/4691 1045/2889/4692
f 1067/2890/4693 517/2888/4694 1230/2887/4695
f 464/1642/4696 971/1922/4697 972/1924/4698
f 179/2891/4699 1119/2624/4700 1007/2623/4701
f 611/2443/4702 82/2892/4703 920/2893/4704
f 117/2894/4705 623/2895/4706 1146/2896/4707
f 885/2897/4708 831/1086/4709 174/2898/4710
f 104/2899/4711 1047/1371/4712 1140/2638/4713
f 255/2900/4714 269/2301/4715 593/2302/4716
f 395/2901/4717 1162/2325/4718 607/774/4719
f 802/2902/4720 803/2903/4721 872/2620/4722
f 803/2904/4723 764/2905/4724 872/2906/4725
f 684/2413/4726 104/779/4727 1113/778/4728
f 883/2907/4729 533/992/4730 632/994/4731
f 1081/1757/4732 764/1756/4733 803/1785/4734
f 1161/2776/4735 931/2775/4736 1205/2908/4737
f 609/239/4738 285/406/4739 659/2180/4740
f 610/2909/4741 609/2910/4742 659/2911/4743
f 504/2912/4744 501/2913/4745 384/2088/4746
f 798/1056/4747 1181/1055/4748 922/2014/4749
f 323/2914/4750 1205/2908/4751 931/2775/4752
f 1055/1564/4753 155/2915/4754 154/1565/4755
f 1162/2686/4756 1000/2916/4757 694/2687/4758
f 1113/1290/4759 660/1289/4760 681/2608/4761
f 348/659/4762 422/796/4763 349/660/4764
f 136/270/4765 476/917/4766 134/921/4767
f 512/1022/4768 760/2917/4769 825/1023/4770
f 243/1169/4771 320/1111/4772 59/1110/4773
f 638/2918/4774 845/2919/4775 841/2920/4776
f 760/2871/4777 1229/1356/4778 706/1358/4779
f 534/2921/4780 232/2922/4781 231/2923/4782
f 1032/2924/4783 566/2925/4784 294/2926/4785
f 666/2927/4786 566/2925/4787 1032/2924/4788
f 690/2928/4789 399/2929/4790 140/2930/4791
f 813/2931/4792 690/2928/4793 140/2930/4794
f 496/1495/4795 812/2051/4796 1023/2053/4797
f 496/1495/4798 1023/2053/4799 767/1496/4800
f 80/2932/4801 955/2933/4802 829/2934/4803
f 211/896/4804 536/2935/4805 885/2936/4806
f 536/2935/4807 211/896/4808 1094/895/4809
f 1046/2694/4810 137/2937/4811 789/2695/4812
f 712/676/4813 713/2938/4814 770/2939/4815
f 484/945/4816 735/944/4817 1026/2940/4818
f 977/2941/4819 521/2942/4820 292/984/4821
f 1222/2943/4822 791/926/4823 1037/928/4824
f 303/2652/4825 778/2944/4826 340/2945/4827
f 303/2652/4828 618/2651/4829 778/2944/4830
f 50/78/4831 35/44/4832 95/2946/4833
f 95/2946/4834 35/44/4835 121/2947/4836
f 515/1361/4837 399/1360/4838 1151/2948/4839
f 999/2949/4840 590/2950/4841 861/2951/4842
f 184/2952/4843 468/2953/4844 788/2954/4845
f 690/1017/4846 1151/1016/4847 399/2955/4848
f 668/2956/4849 881/2957/4850 709/2958/4851
f 128/2959/4852 631/1205/4853 605/1204/4854
f 1029/2062/4855 1215/2061/4856 975/2960/4857
f 992/2961/4858 147/2962/4859 296/2963/4860
f 218/2964/4861 217/2965/4862 718/1234/4863
f 937/387/4864 389/1497/4865 109/1486/4866
f 1204/2854/4867 205/2966/4868 787/2967/4869
f 1204/2968/4870 787/193/4871 1203/192/4872
f 207/2969/4873 969/2970/4874 766/2971/4875
f 428/1445/4876 222/2972/4877 429/1443/4878
f 65/2469/4879 884/2973/4880 891/2467/4881
f 303/86/4882 1199/85/4883 1202/2256/4884
f 1140/2974/4885 1139/2975/4886 104/2976/4887
f 1133/2977/4888 104/2976/4889 1139/2975/4890
f 990/169/4891 799/168/4892 543/2719/4893
f 586/388/4894 219/2978/4895 310/389/4896
f 760/2871/4897 512/965/4898 1228/1357/4899
f 118/2979/4900 876/1704/4901 436/1706/4902
f 634/2327/4903 554/2329/4904 817/2980/4905
f 111/2981/4906 266/2982/4907 1013/2983/4908
f 179/357/4909 1180/2984/4910 1119/2985/4911
f 657/2986/4912 1059/2987/4913 634/2327/4914
f 519/2988/4915 435/2989/4916 49/2990/4917
f 629/772/4918 607/774/4919 630/2461/4920
f 551/2460/4921 629/772/4922 630/2461/4923
f 653/2991/4924 514/2992/4925 295/2993/4926
f 325/1341/4927 301/2829/4928 929/2994/4929
f 1162/2686/4930 1225/2995/4931 1000/2916/4932
f 914/2996/4933 568/2997/4934 1035/2998/4935
f 1174/2999/4936 586/3000/4937 196/3001/4938
f 239/3002/4939 166/3003/4940 584/3004/4941
f 714/339/4942 454/3005/4943 185/337/4944
f 223/3006/4945 473/3007/4946 1079/3008/4947
f 1053/2480/4948 355/2806/4949 28/3009/4950
f 1051/3010/4951 1053/3011/4952 28/3012/4953
f 219/3013/4954 586/3000/4955 1174/2999/4956
f 219/2978/4957 1174/3014/4958 461/3015/4959
f 813/3016/4960 631/3017/4961 94/3018/4962
f 498/2201/4963 13/2200/4964 12/3019/4965
f 674/2073/4966 1042/2072/4967 365/2691/4968
f 29/3020/4969 1168/3021/4970 114/3022/4971
f 1168/3023/4972 29/3024/4973 113/3025/4974
f 111/2673/4975 1013/1193/4976 339/1192/4977
f 172/2389/4978 503/2032/4979 1017/2031/4980
f 832/1089/4981 437/2003/4982 438/1097/4983
f 556/3026/4984 868/3027/4985 201/3028/4986
f 1025/2054/4987 201/3028/4988 868/2055/4989
f 435/3029/4990 519/3030/4991 509/3031/4992
f 948/728/4993 596/1141/4994 597/1143/4995
f 386/1114/4996 814/3032/4997 830/1115/4998
f 411/3033/4999 969/3034/5000 206/3035/5001
f 643/3036/5002 963/3037/5003 1199/3038/5004
f 1077/2004/5005 619/1658/5006 574/1659/5007
f 256/3039/5008 656/3040/5009 1083/2195/5010
f 389/3041/5011 769/2842/5012 902/2841/5013
f 410/3042/5014 432/1040/5015 750/1039/5016
f 736/3043/5017 1008/3044/5018 1160/3045/5019
f 717/946/5020 77/133/5021 341/3046/5022
f 430/3047/5023 126/3048/5024 58/3049/5025
f 907/1984/5026 444/1983/5027 906/3050/5028
f 1213/3051/5029 899/3052/5030 900/3053/5031
f 577/3054/5032 151/1886/5033 350/3055/5034
f 56/97/5035 239/2715/5036 238/1410/5037
f 732/2717/5038 1177/3056/5039 733/1074/5040
f 233/3057/5041 531/3058/5042 532/3059/5043
f 372/703/5044 1098/2143/5045 1100/393/5046
f 82/3060/5047 83/1746/5048 920/3061/5049
f 83/1746/5050 82/3060/5051 889/1747/5052
f 118/734/5053 603/3062/5054 720/2535/5055
f 680/2493/5056 301/3063/5057 883/2494/5058
f 828/3064/5059 125/1511/5060 595/3065/5061
f 946/3066/5062 888/3067/5063 824/3068/5064
f 1098/3069/5065 1237/1667/5066 774/2319/5067
f 604/1666/5068 660/1289/5069 1237/1667/5070
f 85/3070/5071 176/3071/5072 247/3072/5073
f 176/3073/5074 353/3074/5075 240/3075/5076
f 600/3076/5077 560/3077/5078 520/3078/5079
f 914/3079/5080 1035/3080/5081 913/3081/5082
f 357/1904/5083 177/793/5084 961/294/5085
f 329/2030/5086 1097/2230/5087 1017/2031/5088
f 1184/618/5089 640/3082/5090 116/619/5091
f 548/3083/5092 191/348/5093 190/347/5094
f 559/3084/5095 206/3085/5096 569/3086/5097
f 1001/3087/5098 694/2687/5099 1000/2916/5100
f 777/1513/5101 694/2687/5102 1001/3087/5103
f 1212/2444/5104 1066/3088/5105 611/2443/5106
f 773/1784/5107 1178/1780/5108 1081/1757/5109
f 939/1180/5110 1191/876/5111 612/875/5112
f 939/1180/5113 951/2186/5114 1191/876/5115
f 361/3089/5116 697/3090/5117 360/1408/5118
f 706/3091/5119 1228/3092/5120 513/3093/5121
f 153/3094/5122 366/3095/5123 898/177/5124
f 729/1139/5125 1211/1140/5126 1002/1404/5127
f 653/2991/5128 234/3096/5129 514/2992/5130
f 617/3097/5131 621/3098/5132 746/3099/5133
f 1020/586/5134 923/3100/5135 1211/587/5136
f 822/3101/5137 165/3102/5138 584/3103/5139
f 139/2016/5140 140/2015/5141 399/3104/5142
f 1064/2091/5143 825/2768/5144 760/3105/5145
f 182/3106/5146 568/3107/5147 207/3108/5148
f 440/843/5149 562/583/5150 815/462/5151
f 815/462/5152 562/583/5153 696/711/5154
f 470/2424/5155 481/1540/5156 792/1539/5157
f 551/2460/5158 406/2462/5159 679/3109/5160
f 789/158/5161 90/157/5162 980/1197/5163
f 644/3110/5164 703/2160/5165 636/2335/5166
f 1048/116/5167 757/3111/5168 328/2183/5169
f 1175/3112/5170 1142/1649/5171 25/3113/5172
f 1142/1649/5173 101/175/5174 25/3113/5175
f 574/1659/5176 620/805/5177 92/2005/5178
f 816/1582/5179 683/931/5180 665/1583/5181
f 665/1583/5182 683/931/5183 495/930/5184
f 342/3114/5185 1015/3115/5186 13/3116/5187
f 13/3117/5188 1015/3118/5189 1027/3119/5190
f 266/3120/5191 403/3121/5192 330/3122/5193
f 805/1567/5194 670/3123/5195 201/2192/5196
f 566/2925/5197 666/2927/5198 1006/1787/5199
f 625/3124/5200 998/3125/5201 119/3126/5202
f 595/1841/5203 1068/135/5204 828/1770/5205
f 159/3127/5206 215/1203/5207 140/1202/5208
f 553/3128/5209 204/3129/5210 624/3130/5211
f 195/3131/5212 934/3132/5213 194/358/5214
f 195/3133/5215 852/1947/5216 934/1948/5217
f 851/2077/5218 852/3134/5219 195/2078/5220
f 1133/1288/5221 1237/1667/5222 660/1289/5223
f 666/2927/5224 337/1788/5225 1006/1787/5226
f 805/3135/5227 910/844/5228 1192/848/5229
f 239/2715/5230 56/97/5231 55/96/5232
f 305/579/5233 115/578/5234 1211/1140/5235
f 398/259/5236 189/2412/5237 859/2411/5238
f 79/3136/5239 162/3137/5240 164/3138/5241
f 927/2573/5242 1043/2572/5243 947/755/5244
f 39/1699/5245 1234/1698/5246 1233/3139/5247
f 697/3090/5248 1238/1394/5249 360/1408/5250
f 7/8/5251 1137/3140/5252 8/9/5253
f 1217/3141/5254 429/2771/5255 222/3142/5256
f 704/2099/5257 260/473/5258 1023/3143/5259
f 465/3144/5260 49/3145/5261 435/3146/5262
f 577/1100/5263 506/3147/5264 151/3148/5265
f 977/2941/5266 292/984/5267 477/983/5268
f 597/1143/5269 465/2216/5270 948/728/5271
f 1163/3149/5272 1063/24/5273 986/1970/5274
f 712/676/5275 20/1364/5276 713/2938/5277
f 877/3150/5278 672/3151/5279 1129/3152/5280
f 761/3153/5281 1041/3154/5282 1052/3155/5283
f 1029/2199/5284 770/2208/5285 713/3156/5286
f 328/2183/5287 329/3157/5288 227/114/5289
f 307/3158/5290 479/3159/5291 1058/3160/5292
f 69/112/5293 1038/111/5294 450/267/5295
f 403/3161/5296 402/3162/5297 330/3163/5298
f 738/1424/5299 143/2377/5300 144/1422/5301
f 259/471/5302 636/2335/5303 649/1247/5304
f 611/2443/5305 314/1844/5306 1176/1843/5307
f 371/702/5308 550/1035/5309 397/752/5310
f 804/2063/5311 17/3164/5312 1215/2061/5313
f 533/992/5314 427/1958/5315 809/3165/5316
f 1210/1334/5317 768/1933/5318 369/1335/5319
f 546/2864/5320 771/3166/5321 986/2865/5322
f 1028/3167/5323 779/3168/5324 879/3169/5325
f 1028/3167/5326 142/3170/5327 779/3168/5328
f 365/698/5329 1232/1777/5330 234/3171/5331
f 1089/3172/5332 864/3173/5333 705/3174/5334
f 319/2269/5335 313/3175/5336 1221/2267/5337
f 431/3176/5338 511/3177/5339 751/3178/5340
f 378/2283/5341 155/1838/5342 379/1837/5343
f 544/424/5344 838/423/5345 160/601/5346
f 298/1510/5347 487/1509/5348 723/941/5349
f 934/3132/5350 1003/359/5351 194/358/5352
f 63/102/5353 582/104/5354 66/545/5355
f 35/44/5356 291/3179/5357 121/2947/5358
f 1026/211/5359 1121/210/5360 938/1855/5361
f 462/1534/5362 785/1533/5363 917/1803/5364
f 608/3180/5365 390/3181/5366 966/3182/5367
f 83/524/5368 658/1620/5369 73/2810/5370
f 273/3183/5371 737/220/5372 324/219/5373
f 561/3184/5374 411/3033/5375 206/3035/5376
f 1153/800/5377 978/942/5378 281/1224/5379
f 886/1939/5380 651/3185/5381 274/1937/5382
f 932/3186/5383 705/3174/5384 1150/3187/5385
f 706/2456/5386 513/3188/5387 338/1993/5388
f 312/2489/5389 124/3189/5390 439/1254/5391
f 949/214/5392 385/1885/5393 830/212/5394
f 4/3190/5395 1163/2418/5396 770/2417/5397
f 843/3191/5398 612/3192/5399 751/3193/5400
f 728/595/5401 676/3194/5402 236/593/5403
f 1194/1504/5404 1060/1503/5405 1098/2143/5406
f 96/2105/5407 249/3195/5408 787/1554/5409
f 380/585/5410 157/2270/5411 100/710/5412
f 709/3196/5413 280/3197/5414 1115/3198/5415
f 227/3199/5416 329/2030/5417 503/2032/5418
f 471/3200/5419 1198/3201/5420 1189/3202/5421
f 15/2543/5422 1236/3203/5423 354/2544/5424
f 834/3204/5425 1128/1610/5426 272/1062/5427
f 4/3190/5428 770/2417/5429 986/3205/5430
f 147/3206/5431 819/3207/5432 739/3208/5433
f 772/543/5434 729/1139/5435 289/1403/5436
f 42/3209/5437 509/520/5438 1203/522/5439
f 1014/3210/5440 1110/2204/5441 930/3211/5442
f 1110/2204/5443 187/1897/5444 930/3211/5445
f 288/88/5446 638/2918/5447 841/2920/5448
f 677/3212/5449 1149/2371/5450 489/395/5451
f 509/2855/5452 879/3213/5453 779/2508/5454
f 493/3214/5455 719/3215/5456 950/3216/5457
f 325/2369/5458 929/3217/5459 935/2370/5460
f 438/1097/5461 437/2003/5462 447/850/5463
f 1077/2004/5464 92/2005/5465 474/3218/5466
f 1174/3219/5467 359/2119/5468 364/3220/5469
f 277/600/5470 544/424/5471 160/601/5472
f 587/2513/5473 461/3221/5474 462/2514/5475
f 123/3222/5476 545/2451/5477 540/1010/5478
f 554/1046/5479 988/1900/5480 958/1047/5481
f 732/2381/5482 31/2217/5483 597/1143/5484
f 894/3223/5485 829/3224/5486 198/3225/5487
f 513/2121/5488 263/2120/5489 338/3226/5490
f 780/2090/5491 689/346/5492 1103/644/5493
f 1043/198/5494 627/197/5495 628/3227/5496
f 282/2455/5497 674/2454/5498 757/3228/5499
f 1064/3229/5500 761/3230/5501 237/3231/5502
f 286/2251/5503 532/3232/5504 693/2250/5505
f 373/1676/5506 1218/1675/5507 299/3233/5508
f 398/259/5509 859/2411/5510 199/257/5511
f 791/926/5512 1222/2943/5513 785/3234/5514
f 1127/842/5515 995/584/5516 562/583/5517
f 550/1035/5518 972/732/5519 287/731/5520
f 511/3235/5521 800/3236/5522 843/3237/5523
f 171/3238/5524 840/3239/5525 172/3240/5526
f 101/1903/5527 961/294/5528 25/2237/5529
f 725/2452/5530 866/1936/5531 555/1935/5532
f 1158/2699/5533 1014/643/5534 335/642/5535
f 30/3241/5536 465/2216/5537 31/2217/5538
f 670/2304/5539 1125/2306/5540 1117/3242/5541
f 997/2194/5542 256/3039/5543 1083/2195/5544
f 351/3243/5545 257/2517/5546 846/2516/5547
f 758/2126/5548 518/519/5549 384/730/5550
f 422/796/5551 954/1889/5552 349/660/5553
f 64/2431/5554 891/2430/5555 1240/3244/5556
f 382/3245/5557 139/3246/5558 186/1362/5559
f 533/992/5560 883/2907/5561 306/3247/5562
f 987/3248/5563 985/3249/5564 256/144/5565
f 1170/2724/5566 759/819/5567 180/818/5568
f 538/2709/5569 98/3250/5570 159/3251/5571
f 240/2757/5572 317/3252/5573 164/3253/5574
f 295/1168/5575 974/2323/5576 615/1166/5577
f 599/2884/5578 1230/2886/5579 1045/3254/5580
f 639/3255/5581 959/3256/5582 120/3257/5583
f 605/3258/5584 93/3259/5585 45/3260/5586
f 526/3261/5587 672/3262/5588 525/3263/5589
f 640/3264/5590 18/3265/5591 324/3266/5592
f 1239/43/5593 999/42/5594 936/3267/5595
f 518/519/5596 1130/977/5597 781/517/5598
f 634/3268/5599 1059/2385/5600 988/1900/5601
f 656/3269/5602 565/671/5603 1083/345/5604
f 565/671/5605 656/3269/5606 918/672/5607
f 266/2207/5608 927/1878/5609 403/1877/5610
f 363/1227/5611 751/3270/5612 931/3271/5613
f 353/3272/5614 110/3273/5615 483/3274/5616
f 1076/1981/5617 989/3275/5618 66/1979/5619
f 896/1774/5620 66/545/5621 989/3276/5622
f 867/67/5623 142/68/5624 1177/3277/5625
f 1177/3277/5626 142/68/5627 733/1077/5628
f 940/3278/5629 352/3279/5630 776/3280/5631
f 241/2294/5632 742/3281/5633 56/97/5634
f 532/3282/5635 286/3283/5636 233/3284/5637
f 1102/3285/5638 483/3286/5639 591/3287/5640
f 188/2197/5641 1029/2199/5642 975/3288/5643
f 1087/3289/5644 473/3290/5645 752/3291/5646
f 368/3292/5647 1088/1754/5648 1160/3293/5649
f 639/3255/5650 640/3294/5651 959/3256/5652
f 663/745/5653 979/851/5654 394/746/5655
f 559/3295/5656 796/3296/5657 520/3297/5658
f 683/931/5659 858/1652/5660 892/929/5661
f 322/3298/5662 323/2914/5663 944/3299/5664
f 902/3300/5665 865/3301/5666 389/3302/5667
f 661/3303/5668 478/3304/5669 895/492/5670
f 563/3305/5671 519/3306/5672 727/3307/5673
f 966/565/5674 576/2788/5675 171/3308/5676
f 525/3263/5677 488/3309/5678 526/3261/5679
f 837/3310/5680 81/3311/5681 836/3312/5682
f 685/3313/5683 686/250/5684 1084/1159/5685
f 93/3314/5686 430/823/5687 1114/825/5688
f 701/1027/5689 187/1720/5690 882/1719/5691
f 127/3315/5692 93/3259/5693 215/3316/5694
f 319/2872/5695 622/2874/5696 209/3317/5697
f 148/3318/5698 1058/1718/5699 331/3319/5700
f 120/3320/5701 291/2496/5702 11/564/5703
f 1210/1334/5704 492/751/5705 768/1933/5706
f 80/3321/5707 829/3322/5708 52/3323/5709
f 199/257/5710 1145/3324/5711 912/258/5712
f 354/3325/5713 1236/3326/5714 1166/3327/5715
f 685/3328/5716 108/3329/5717 1196/3330/5718
f 843/3331/5719 1169/3332/5720 612/3333/5721
f 699/3334/5722 107/3335/5723 1020/3336/5724
f 757/3337/5725 674/3338/5726 653/3339/5727
f 71/3340/5728 505/3341/5729 857/3342/5730
f 50/2351/5731 741/2350/5732 18/3343/5733
f 509/3031/5734 42/3344/5735 435/3029/5736
f 1064/3345/5737 1041/3346/5738 761/3347/5739
f 350/3055/5740 151/1886/5741 719/1890/5742
f 901/3348/5743 1213/3051/5744 900/3053/5745
f 708/3349/5746 796/3350/5747 559/1550/5748
f 559/1550/5749 914/3351/5750 708/3349/5751
f 119/3352/5752 634/3353/5753 817/3354/5754
f 620/805/5755 793/3355/5756 92/2005/5757
f 620/805/5758 592/1134/5759 793/3355/5760
f 28/3012/5761 355/3356/5762 1166/3357/5763
f 828/3064/5764 426/3358/5765 125/1511/5766
f 485/546/5767 487/1509/5768 125/1511/5769
f 922/71/5770 682/70/5771 37/3359/5772
f 1196/3360/5773 433/3361/5774 453/3362/5775
f 453/3363/5776 433/3364/5777 655/3365/5778
f 41/3366/5779 847/3367/5780 192/3368/5781
f 730/3369/5782 862/2584/5783 731/2583/5784
f 70/2229/5785 653/3370/5786 295/3371/5787
f 1174/685/5788 196/3372/5789 736/686/5790
f 784/2713/5791 420/3373/5792 421/2711/5793
f 746/3374/5794 448/1771/5795 449/3375/5796
f 805/3376/5797 1192/3377/5798 670/2304/5799
f 60/3378/5800 61/1377/5801 749/3379/5802
f 193/1818/5803 845/1314/5804 636/3380/5805
f 456/3381/5806 932/3382/5807 1201/3383/5808
f 189/2737/5809 104/3384/5810 684/3385/5811
f 467/899/5812 457/898/5813 248/1432/5814
f 824/3386/5815 888/3387/5816 114/3388/5817
f 253/2582/5818 254/3389/5819 103/1365/5820
f 793/105/5821 1156/866/5822 637/1215/5823
f 396/3390/5824 638/2918/5825 288/88/5826
f 1155/1684/5827 924/833/5828 97/167/5829
f 288/88/5830 768/87/5831 396/2226/5832
f 832/1089/5833 438/1097/5834 831/1096/5835
f 266/3391/5836 330/3392/5837 85/3393/5838
f 1210/1334/5839 372/703/5840 397/752/5841
f 738/1431/5842 457/898/5843 143/3394/5844
f 120/3320/5845 11/564/5846 1216/2867/5847
f 127/527/5848 215/3395/5849 159/528/5850
f 412/2659/5851 214/3396/5852 1116/3397/5853
f 749/3379/5854 61/1377/5855 702/1956/5856
f 531/3398/5857 797/3399/5858 16/3400/5859
f 837/1867/5860 909/497/5861 1078/496/5862
f 1235/3401/5863 430/2421/5864 19/2420/5865
f 731/2583/5866 489/2423/5867 730/3369/5868
f 1168/2272/5869 431/3402/5870 1114/825/5871
f 57/544/5872 51/3403/5873 1074/2436/5874
f 874/970/5875 316/3404/5876 516/971/5877
f 413/3405/5878 560/3077/5879 600/3076/5880
f 669/2179/5881 411/3406/5882 652/457/5883
f 652/457/5884 411/3406/5885 1044/3407/5886
f 1013/3408/5887 266/3391/5888 85/3393/5889
f 203/1466/5890 309/3409/5891 1226/1467/5892
f 17/3410/5893 229/3411/5894 691/3412/5895
f 488/3413/5896 673/1415/5897 489/2423/5898
f 488/3413/5899 525/1416/5900 673/1415/5901
f 174/317/5902 579/1105/5903 370/318/5904
f 467/899/5905 990/169/5906 543/2719/5907
f 799/168/5908 432/834/5909 410/2793/5910
f 382/2710/5911 538/2709/5912 139/3414/5913
f 766/3415/5914 182/3416/5915 207/3417/5916
f 879/3213/5917 509/2855/5918 519/3418/5919
f 12/3419/5920 1186/3420/5921 498/3421/5922
f 478/3422/5923 981/1267/5924 254/476/5925
f 78/136/5926 1068/135/5927 973/3423/5928
f 414/2580/5929 410/2579/5930 750/3424/5931
f 1190/1882/5932 566/3425/5933 1224/1883/5934
f 61/1377/5935 871/2375/5936 983/1955/5937
f 239/3002/5938 497/2445/5939 166/3003/5940
f 851/3426/5941 841/1821/5942 580/1820/5943
f 1159/3427/5944 585/3428/5945 1011/2021/5946
f 260/473/5947 767/2100/5948 1023/3143/5949
f 873/1717/5950 331/3319/5951 1058/1718/5952
f 205/2966/5953 1204/2854/5954 779/2508/5955
f 265/3429/5956 1206/3430/5957 700/3431/5958
f 1226/409/5959 309/3432/5960 194/3433/5961
f 953/2676/5962 323/3434/5963 322/3435/5964
f 953/2676/5965 1205/2675/5966 323/3434/5967
f 229/3436/5968 17/3437/5969 804/3438/5970
f 5/277/5971 251/299/5972 165/301/5973
f 130/1995/5974 618/1994/5975 1202/3439/5976
f 57/278/5977 860/3440/5978 321/279/5979
f 983/957/5980 871/3441/5981 212/3442/5982
f 119/3443/5983 817/3444/5984 564/3445/5985
f 212/3442/5986 475/915/5987 983/957/5988
f 840/1099/5989 501/3446/5990 172/3447/5991
f 1167/677/5992 356/234/5993 1190/2596/5994
f 934/3132/5995 444/1983/5996 1003/359/5997
f 874/1703/5998 982/3448/5999 875/1429/6000
f 625/3449/6001 624/3450/6002 668/3451/6003
f 756/3452/6004 1227/3453/6005 754/3454/6006
f 837/3310/6007 1078/3455/6008 81/3311/6009
f 1079/3008/6010 850/1458/6011 223/1457/6012
f 210/3456/6013 926/1605/6014 209/1604/6015
f 802/2902/6016 441/845/6017 773/3457/6018
f 1062/3458/6019 999/2949/6020 861/2951/6021
f 189/3459/6022 1099/3460/6023 1231/1308/6024
f 957/1593/6025 565/671/6026 956/1895/6027
f 82/3060/6028 583/2662/6029 889/1747/6030
f 1041/3154/6031 1064/3461/6032 760/3462/6033
f 95/2069/6034 493/2068/6035 904/3463/6036
f 904/3463/6037 493/2068/6038 228/3464/6039
f 178/98/6040 56/97/6041 742/3281/6042
f 994/507/6043 122/2862/6044 1224/3465/6045
f 198/3466/6046 903/3467/6047 849/3468/6048
f 414/2580/6049 187/3469/6050 173/2578/6051
f 275/1045/6052 958/1047/6053 997/1901/6054
f 694/2687/6055 777/1513/6056 408/1515/6057
f 1169/3470/6058 843/3237/6059 21/1507/6060
f 996/373/6061 1018/2752/6062 1118/2769/6063
f 1066/2566/6064 46/791/6065 82/790/6066
f 314/1844/6067 611/529/6068 1010/531/6069
f 549/1034/6070 287/731/6071 396/753/6072
f 496/1495/6073 362/692/6074 346/691/6075
f 563/1517/6076 5/277/6077 879/2410/6078
f 805/1567/6079 201/2192/6080 1081/1757/6081
f 402/3471/6082 352/3472/6083 865/3473/6084
f 1234/3474/6085 713/2065/6086 1233/3475/6087
f 849/3476/6088 903/3477/6089 847/3478/6090
f 1018/3479/6091 434/1229/6092 363/1228/6093
f 460/3480/6094 829/3481/6095 420/3482/6096
f 985/2761/6097 987/2141/6098 747/1460/6099
f 465/51/6100 435/3483/6101 42/52/6102
f 1086/3484/6103 1087/3485/6104 167/3486/6105
f 167/3487/6106 1087/3488/6107 752/3489/6108
f 964/3490/6109 391/849/6110 443/1914/6111
f 132/1884/6112 949/214/6113 992/2671/6114
f 787/1554/6115 249/3195/6116 106/3491/6117
f 402/3492/6118 865/3493/6119 86/3494/6120
f 441/845/6121 910/844/6122 773/3457/6123
f 154/91/6124 807/3495/6125 480/1244/6126
f 942/2753/6127 573/2085/6128 943/1157/6129
f 136/270/6130 134/921/6131 137/271/6132
f 638/2918/6133 972/3496/6134 678/3497/6135
f 614/3498/6136 107/190/6137 249/3499/6138
f 925/2593/6139 768/2592/6140 54/3500/6141
f 189/2412/6142 398/259/6143 1099/1586/6144
f 611/2443/6145 1066/3088/6146 82/2892/6147
f 1093/3501/6148 198/3502/6149 272/3503/6150
f 382/2748/6151 255/1655/6152 593/3504/6153
f 546/2481/6154 1085/54/6155 15/2541/6156
f 974/3505/6157 966/3182/6158 390/3181/6159
f 126/3506/6160 430/3507/6161 93/3508/6162
f 608/3509/6163 966/3510/6164 172/3240/6165
f 73/1284/6166 510/1283/6167 333/908/6168
f 997/2194/6169 1018/2196/6170 1024/3511/6171
f 1153/800/6172 490/947/6173 984/798/6174
f 850/2000/6175 1087/2002/6176 1086/2333/6177
f 701/637/6178 545/3512/6179 123/1587/6180
f 1110/995/6181 632/994/6182 424/993/6183
f 970/1694/6184 395/2533/6185 53/474/6186
f 118/3513/6187 313/2139/6188 603/3514/6189
f 510/1283/6190 332/550/6191 977/549/6192
f 1158/3515/6193 680/2493/6194 945/2492/6195
f 579/1102/6196 438/1097/6197 447/850/6198
f 313/2139/6199 319/3516/6200 209/2140/6201
f 73/2810/6202 333/3517/6203 1195/958/6204
f 1208/3518/6205 769/3519/6206 310/3520/6207
f 320/906/6208 321/905/6209 860/3521/6210
f 1146/3522/6211 623/2046/6212 217/401/6213
f 245/3523/6214 297/2836/6215 147/1932/6216
f 978/3524/6217 1153/800/6218 457/877/6219
f 498/3421/6220 1186/3420/6221 166/3525/6222
f 391/849/6223 964/3490/6224 794/3526/6225
f 1222/3527/6226 783/3528/6227 1086/3529/6228
f 1048/1248/6229 190/1972/6230 757/2511/6231
f 601/1152/6232 1077/3530/6233 474/1298/6234
f 1064/3531/6235 237/2868/6236 1036/2870/6237
f 372/703/6238 991/1968/6239 370/318/6240
f 1057/950/6241 491/949/6242 341/382/6243
f 160/3532/6244 141/3533/6245 270/3534/6246
f 242/2037/6247 26/3535/6248 320/3536/6249
f 252/451/6250 250/300/6251 251/299/6252
f 1144/2339/6253 907/3537/6254 1106/2340/6255
f 637/3538/6256 451/3539/6257 68/1892/6258
f 21/1492/6259 366/3540/6260 470/2424/6261
f 172/3240/6262 966/3510/6263 171/3238/6264
f 1100/393/6265 1098/2143/6266 667/3541/6267
f 98/3542/6268 839/3543/6269 534/3544/6270
f 98/3250/6271 538/2709/6272 839/458/6273
f 415/3545/6274 998/3125/6275 625/3124/6276
f 572/3546/6277 583/789/6278 288/88/6279
f 366/2637/6280 153/3547/6281 506/2635/6282
f 666/645/6283 1032/3548/6284 693/646/6285
f 595/3065/6286 125/1511/6287 298/1510/6288
f 1097/1183/6289 616/1182/6290 608/3549/6291
f 90/157/6292 222/323/6293 721/1382/6294
f 308/1902/6295 1026/211/6296 938/1855/6297
f 745/3550/6298 998/3551/6299 224/3552/6300
f 37/3553/6301 1175/3554/6302 25/3555/6303
f 885/319/6304 1149/2371/6305 211/3556/6306
f 503/3557/6307 501/2803/6308 504/3558/6309
f 134/3559/6310 221/1402/6311 789/2618/6312
f 203/3560/6313 833/1748/6314 572/2663/6315
f 336/1145/6316 419/1007/6317 1030/236/6318
f 181/3561/6319 766/3562/6320 273/3563/6321
f 977/549/6322 476/917/6323 510/1283/6324
f 524/313/6325 837/1867/6326 132/333/6327
f 9/3564/6328 584/3565/6329 166/3566/6330
f 972/3567/6331 388/1925/6332 678/226/6333
f 76/3568/6334 1172/3569/6335 1198/3570/6336
f 563/3571/6337 879/3213/6338 519/3418/6339
f 34/2746/6340 896/2745/6341 1233/3572/6342
f 39/3573/6343 1233/3574/6344 896/3575/6345
f 1232/1320/6346 933/3576/6347 373/1321/6348
f 1090/940/6349 543/3577/6350 973/3578/6351
f 606/3579/6352 529/3580/6353 358/3581/6354
f 1148/574/6355 1185/573/6356 508/3582/6357
f 815/462/6358 1006/2568/6359 440/843/6360
f 219/3583/6361 461/3584/6362 587/3585/6363
f 219/3586/6364 587/3587/6365 310/3588/6366
f 281/1224/6367 487/1509/6368 494/951/6369
f 393/2167/6370 78/136/6371 973/3423/6372
f 713/2065/6373 1234/3474/6374 229/3589/6375
f 1011/3590/6376 176/3591/6377 240/3592/6378
f 677/1926/6379 466/897/6380 211/3593/6381
f 455/3594/6382 1076/3595/6383 1168/3596/6384
f 576/179/6385 481/2632/6386 577/3597/6387
f 577/3597/6388 481/2632/6389 506/2634/6390
f 826/3598/6391 1146/3599/6392 218/2964/6393
f 725/1393/6394 347/1406/6395 360/1408/6396
f 289/1403/6397 1002/1404/6398 144/1422/6399
f 144/1422/6400 1002/1404/6401 1155/1423/6402
f 256/2384/6403 997/1901/6404 988/1900/6405
f 1056/154/6406 177/3600/6407 357/155/6408
f 547/3601/6409 690/2928/6410 813/2931/6411
f 654/3602/6412 293/3603/6413 1035/3604/6414
f 51/3605/6415 1148/291/6416 1187/293/6417
f 35/1493/6418 21/1492/6419 792/1539/6420
f 202/3606/6421 400/1113/6422 710/2645/6423
f 614/3607/6424 1020/3336/6425 107/3335/6426
f 911/3608/6427 617/2702/6428 472/2704/6429
f 685/3609/6430 45/3610/6431 108/3611/6432
f 658/1620/6433 203/2603/6434 332/2668/6435
f 1047/1250/6436 104/3384/6437 189/2737/6438
f 1208/3612/6439 483/3613/6440 941/3614/6441
f 233/829/6442 181/828/6443 324/827/6444
f 1088/1754/6445 558/3615/6446 967/1752/6447
f 384/2088/6448 67/3616/6449 227/3617/6450
f 1064/2091/6451 1033/1863/6452 524/255/6453
f 481/1540/6454 576/2788/6455 11/564/6456
f 1074/1433/6457 51/3618/6458 1187/1434/6459
f 802/2902/6460 872/2620/6461 441/845/6462
f 1008/1942/6463 628/152/6464 1136/1941/6465
f 910/3619/6466 806/1568/6467 773/1784/6468
f 1033/3620/6469 909/497/6470 524/313/6471
f 573/2258/6472 844/3621/6473 466/897/6474
f 599/3622/6475 1045/2264/6476 387/2263/6477
f 387/3623/6478 960/3624/6479 599/3625/6480
f 824/3626/6481 1076/3627/6482 1075/3628/6483
f 921/3629/6484 693/3630/6485 532/3631/6486
f 630/2461/6487 607/774/6488 408/2326/6489
f 704/2050/6490 495/719/6491 1025/718/6492
f 218/3632/6493 718/3633/6494 635/3634/6495
f 218/3632/6496 635/3634/6497 876/3635/6498
f 1131/2049/6499 80/2048/6500 52/3636/6501
f 1097/2230/6502 70/2229/6503 295/3371/6504
f 575/3637/6505 400/1113/6506 385/3638/6507
f 575/3639/6508 385/3640/6509 836/3641/6510
f 463/893/6511 816/1582/6512 1069/891/6513
f 1099/3460/6514 540/1010/6515 1231/1308/6516
f 1107/2736/6517 72/121/6518 639/58/6519
f 383/727/6520 596/1141/6521 948/728/6522
f 507/961/6523 1010/960/6524 1195/1950/6525
f 1103/644/6526 191/348/6527 336/1387/6528
f 147/3642/6529 949/3643/6530 819/3644/6531
f 279/3645/6532 1161/2677/6533 953/2676/6534
f 548/3646/6535 189/3459/6536 1231/1308/6537
f 493/3214/6538 1170/3647/6539 719/3215/6540
f 677/3212/6541 211/3556/6542 1149/2371/6543
f 687/3648/6544 692/3649/6545 699/3650/6546
f 692/3651/6547 1157/3652/6548 699/3653/6549
f 216/1232/6550 718/1234/6551 217/2965/6552
f 427/3654/6553 304/577/6554 589/542/6555
f 1030/236/6556 327/1146/6557 336/1145/6558
f 519/3030/6559 1186/3655/6560 12/3656/6561
f 519/3030/6562 49/3657/6563 1186/3655/6564
f 300/3658/6565 117/3659/6566 1146/3660/6567
f 945/2492/6568 632/3661/6569 1158/3515/6570
f 70/2028/6571 329/3662/6572 328/2029/6573
f 220/3663/6574 676/3194/6575 728/595/6576
f 497/2445/6577 498/2447/6578 166/3003/6579
f 20/3664/6580 34/1122/6581 1233/3665/6582
f 860/3440/6583 57/278/6584 582/3666/6585
f 295/3667/6586 514/3668/6587 299/3669/6588
f 19/2420/6589 1168/3670/6590 1235/3401/6591
f 701/1027/6592 882/1719/6593 14/1025/6594
f 101/1903/6595 102/3671/6596 357/1904/6597
f 1112/626/6598 444/2853/6599 1111/1946/6600
f 1228/3672/6601 705/3673/6602 513/3674/6603
f 16/3675/6604 529/3676/6605 531/3677/6606
f 633/3678/6607 745/3679/6608 224/3680/6609
f 1065/297/6610 160/3532/6611 163/298/6612
f 575/3681/6613 836/3682/6614 621/3683/6615
f 373/3684/6616 299/3669/6617 514/3668/6618
f 292/1678/6619 1227/3685/6620 158/2790/6621
f 1227/3685/6622 292/1678/6623 854/1680/6624
f 1223/1108/6625 195/3686/6626 572/1106/6627
f 412/3687/6628 353/3688/6629 214/3689/6630
f 667/3541/6631 488/394/6632 1100/393/6633
f 843/3237/6634 84/1505/6635 21/1507/6636
f 1037/3690/6637 783/3528/6638 1222/3527/6639
f 496/2479/6640 665/953/6641 812/952/6642
f 1138/3691/6643 8/9/6644 1137/3140/6645
f 1159/1918/6646 695/1349/6647 1034/1121/6648
f 957/1593/6649 956/1895/6650 685/852/6651
f 210/3456/6652 1197/2268/6653 1221/2267/6654
f 8/9/6655 1138/3691/6656 199/257/6657
f 850/3692/6658 1141/3693/6659 985/3694/6660
f 358/265/6661 16/3695/6662 741/263/6663
f 248/1432/6664 97/167/6665 990/169/6666
f 1117/2307/6667 679/2503/6668 556/2536/6669
f 273/3696/6670 40/1419/6671 737/1421/6672
f 135/268/6673 69/112/6674 887/2532/6675
f 373/3697/6676 933/1833/6677 377/2697/6678
f 436/3698/6679 312/2489/6680 118/1724/6681
f 297/2189/6682 1008/1942/6683 1136/1941/6684
f 563/1517/6685 44/450/6686 251/299/6687
f 472/689/6688 826/688/6689 720/2404/6690
f 32/1409/6691 44/3699/6692 1119/2293/6693
f 199/257/6694 859/2411/6695 684/2413/6696
f 8/9/6697 199/257/6698 684/2413/6699
f 226/411/6700 447/850/6701 446/412/6702
f 865/3700/6703 110/674/6704 86/673/6705
f 861/2440/6706 221/1402/6707 134/3559/6708
f 149/2262/6709 448/1771/6710 905/1773/6711
f 216/3701/6712 659/3702/6713 500/3703/6714
f 724/3704/6715 716/3705/6716 1057/3706/6717
f 638/2918/6718 678/3497/6719 845/2919/6720
f 227/3617/6721 504/2912/6722 384/2088/6723
f 545/3512/6724 701/637/6725 539/3707/6726
f 613/446/6727 27/904/6728 244/444/6729
f 490/947/6730 281/1224/6731 494/951/6732
f 938/581/6733 479/1125/6734 307/582/6735
f 489/395/6736 731/3708/6737 677/3212/6738
f 460/3709/6739 198/3710/6740 829/3711/6741
f 1059/2385/6742 256/2384/6743 988/1900/6744
f 34/1122/6745 20/3664/6746 22/61/6747
f 1175/1989/6748 682/3712/6749 48/1581/6750
f 121/2539/6751 291/3713/6752 120/2540/6753
f 449/3714/6754 149/113/6755 135/268/6756
f 149/2262/6757 449/3375/6758 448/1771/6759
f 137/271/6760 134/921/6761 789/3715/6762
f 245/3716/6763 739/3717/6764 246/3718/6765
f 723/941/6766 595/3065/6767 298/1510/6768
f 906/2310/6769 1106/2783/6770 907/3719/6771
f 929/1825/6772 301/2685/6773 24/28/6774
f 225/410/6775 1135/1639/6776 226/411/6777
f 519/3030/6778 12/3656/6779 727/3720/6780
f 247/3721/6781 778/3722/6782 1013/3723/6783
f 736/686/6784 196/3372/6785 763/1398/6786
f 295/3667/6787 299/3669/6788 442/3724/6789
f 1012/2024/6790 1219/2486/6791 873/2025/6792
f 126/3048/6793 1148/291/6794 58/3049/6795
f 51/3605/6796 58/3049/6797 1148/291/6798
f 881/3725/6799 786/3726/6800 709/3727/6801
f 160/3532/6802 270/3534/6803 163/298/6804
f 757/3337/6805 653/3339/6806 70/3728/6807
f 1216/3729/6808 639/3730/6809 120/3731/6810
f 722/3732/6811 753/3733/6812 796/3296/6813
f 905/3734/6814 184/2502/6815 726/2501/6816
f 599/3735/6817 916/1791/6818 1067/1790/6819
f 960/3736/6820 916/1791/6821 599/3735/6822
f 992/2961/6823 949/3737/6824 147/2962/6825
f 13/2057/6826 727/2059/6827 12/3738/6828
f 139/2016/6829 399/3104/6830 186/3739/6831
f 707/3740/6832 722/3741/6833 796/3742/6834
f 411/3743/6835 1189/3744/6836 969/3745/6837
f 238/1410/6838 584/3746/6839 250/1411/6840
f 278/2630/6841 277/600/6842 516/2628/6843
f 423/797/6844 348/659/6845 102/153/6846
f 1056/154/6847 102/153/6848 348/659/6849
f 33/35/6850 780/3747/6851 87/36/6852
f 934/1948/6853 1111/1946/6854 444/2853/6855
f 542/3748/6856 1036/3749/6857 643/3750/6858
f 361/3089/6859 360/1408/6860 346/2692/6861
f 229/414/6862 28/413/6863 904/2491/6864
f 708/3349/6865 913/3751/6866 796/3350/6867
f 890/3752/6868 985/3753/6869 1088/3754/6870
f 1141/3693/6871 1088/3755/6872 985/3694/6873
f 304/577/6874 306/576/6875 305/579/6876
f 889/1747/6877 572/2663/6878 833/1748/6879
f 200/368/6880 55/3756/6881 271/3757/6882
f 200/368/6883 271/3757/6884 754/2075/6885
f 1219/1373/6886 1092/3758/6887 213/1374/6888
f 154/91/6889 261/3759/6890 807/3495/6891
f 311/1368/6892 235/592/6893 648/978/6894
f 1168/3596/6895 1063/3760/6896 455/3594/6897
f 617/2702/6898 911/3608/6899 710/3761/6900
f 498/2201/6901 1096/3762/6902 342/2202/6903
f 1052/1482/6904 130/3763/6905 963/3764/6906
f 107/3335/6907 699/3334/6908 1157/3765/6909
f 871/1372/6910 213/1374/6911 212/3766/6912
f 469/3767/6913 980/1197/6914 1049/907/6915
f 314/3768/6916 1142/1649/6917 1175/3112/6918
f 448/1771/6919 746/3374/6920 103/3769/6921
f 550/1035/6922 287/731/6923 549/1034/6924
f 96/2465/6925 823/3770/6926 414/2463/6927
f 823/3770/6928 96/2465/6929 567/3771/6930
f 647/3772/6931 185/3773/6932 918/3774/6933
f 307/124/6934 148/370/6935 271/125/6936
f 1228/3775/6937 1150/3776/6938 705/3777/6939
f 1031/541/6940 772/543/6941 743/2376/6942
f 854/3778/6943 754/3454/6944 1227/3453/6945
f 384/2088/6946 501/2913/6947 502/2086/6948
f 114/3779/6949 1076/3780/6950 824/3781/6951
f 114/3782/6952 1168/3783/6953 1076/3627/6954
f 991/1968/6955 1100/393/6956 489/395/6957
f 1085/54/6958 546/2481/6959 1053/2480/6960
f 274/3784/6961 135/3785/6962 887/3786/6963
f 1119/2293/6964 742/3281/6965 241/2294/6966
f 1041/3154/6967 760/3462/6968 1052/3155/6969
f 452/2433/6970 417/804/6971 451/3787/6972
f 691/3412/6973 229/3411/6974 228/3788/6975
f 608/3549/6976 172/3789/6977 1097/1183/6978
f 341/658/6979 77/3790/6980 537/3791/6981
f 960/3792/6982 1170/3793/6983 121/3794/6984
f 1093/3795/6985 1078/3796/6986 903/3797/6987
f 203/3798/6988 572/1106/6989 309/3799/6990
f 79/3800/6991 853/785/6992 264/787/6993
f 1065/599/6994 516/2628/6995 277/600/6996
f 91/92/6997 480/1244/6998 637/162/6999
f 1053/3011/7000 1051/3010/7001 22/3801/7002
f 461/3802/7003 1174/3803/7004 364/696/7005
f 9/3804/7006 166/3805/7007 10/3806/7008
f 571/1078/7009 570/1080/7010 801/1370/7011
f 636/3807/7012 845/1314/7013 644/1313/7014
f 666/3808/7015 527/3809/7016 528/3810/7017
f 337/1788/7018 666/2927/7019 528/3811/7020
f 652/1265/7021 1044/3812/7022 75/1266/7023
f 679/1048/7024 970/2804/7025 556/3813/7026
f 823/1603/7027 882/1602/7028 414/3814/7029
f 47/1961/7030 244/2547/7031 455/3/7032
f 687/3815/7033 790/3816/7034 692/3817/7035
f 646/2236/7036 645/161/7037 637/1243/7038
f 1184/1566/7039 1054/2800/7040 1055/1564/7041
f 404/3818/7042 530/3819/7043 807/3820/7044
f 472/1551/7045 711/1553/7046 911/3821/7047
f 913/3822/7048 708/3823/7049 914/3824/7050
f 999/3825/7051 376/3826/7052 936/3827/7053
f 152/176/7054 153/3094/7055 898/177/7056
f 432/3828/7057 923/3100/7058 249/3829/7059
f 170/937/7060 169/1024/7061 1214/938/7062
f 730/3369/7063 489/2423/7064 672/1417/7065
f 227/3617/7066 503/3830/7067 504/2912/7068
f 468/902/7069 1040/3831/7070 112/903/7071
f 602/1155/7072 619/3832/7073 601/1156/7074
f 1099/3460/7075 123/3222/7076 540/1010/7077
f 507/2598/7078 88/2749/7079 423/797/7080
f 766/3833/7081 969/3834/7082 1189/3835/7083
f 163/2787/7084 270/3836/7085 269/1654/7086
f 991/1968/7087 1149/2371/7088 1152/740/7089
f 446/412/7090 979/851/7091 225/410/7092
f 866/224/7093 725/1393/7094 698/225/7095
f 898/177/7096 975/3837/7097 1215/178/7098
f 999/3838/7099 38/41/7100 590/1612/7101
f 624/3839/7102 119/3840/7103 564/3841/7104
f 535/3842/7105 552/1036/7106 831/1096/7107
f 1090/3843/7108 978/900/7109 467/899/7110
f 467/899/7111 543/2719/7112 1090/3843/7113
f 512/965/7114 1150/967/7115 1228/1357/7116
f 362/3844/7117 484/472/7118 361/1246/7119
f 109/756/7120 947/755/7121 762/3845/7122
f 210/1251/7123 439/597/7124 610/596/7125
f 561/3846/7126 559/3084/7127 560/3847/7128
f 559/3084/7129 561/3846/7130 206/3085/7131
f 720/3848/7132 603/1552/7133 472/1551/7134
f 1003/3849/7135 1144/356/7136 197/355/7137
f 693/3850/7138 921/3851/7139 527/3852/7140
f 30/1073/7141 31/2716/7142 733/1074/7143
f 612/3853/7144 931/3854/7145 751/3855/7146
f 1003/1985/7147 907/1984/7148 1144/3856/7149
f 84/1505/7150 843/3237/7151 800/3236/7152
f 786/717/7153 363/1532/7154 280/3857/7155
f 564/2332/7156 554/2331/7157 553/3858/7158
f 233/3859/7159 16/3860/7160 797/3861/7161
f 417/804/7162 842/806/7163 466/897/7164
f 429/2771/7165 1217/3141/7166 728/595/7167
f 394/746/7168 447/850/7169 437/2003/7170
f 23/3862/7171 34/3863/7172 1234/3864/7173
f 27/904/7174 320/906/7175 26/2718/7176
f 212/3865/7177 952/3866/7178 939/3867/7179
f 209/2576/7180 1197/2575/7181 210/3868/7182
f 510/1283/7183 476/917/7184 1080/269/7185
f 342/2235/7186 1096/3869/7187 344/2233/7188
f 796/3296/7189 753/3733/7190 520/3297/7191
f 932/3186/7192 1089/3172/7193 705/3174/7194
f 976/2564/7195 553/3870/7196 554/2565/7197
f 188/2197/7198 975/3288/7199 1171/2808/7200
f 896/3871/7201 989/3872/7202 39/3573/7203
f 947/755/7204 1043/2572/7205 762/3845/7206
f 1015/3873/7207 342/3874/7208 343/3875/7209
f 130/3876/7210 1202/3877/7211 963/3878/7212
f 146/3879/7213 268/3880/7214 184/3881/7215
f 117/1910/7216 830/3882/7217 814/1908/7218
f 714/3883/7219 94/3884/7220 454/3885/7221
f 276/1430/7222 928/2700/7223 316/1428/7224
f 1123/3886/7225 232/3887/7226 1073/3888/7227
f 559/3084/7228 569/3086/7229 914/3889/7230
f 795/1/7231 1120/2546/7232 242/443/7233
f 18/3343/7234 741/2350/7235 16/3890/7236
f 617/3891/7237 746/3892/7238 449/3893/7239
f 728/595/7240 1217/3141/7241 220/3663/7242
f 1208/3518/7243 941/3894/7244 769/3519/7245
f 1078/3796/7246 1093/3795/7247 1082/3895/7248
f 742/1471/7249 381/1274/7250 178/3896/7251
f 400/1113/7252 202/3606/7253 386/1114/7254
f 899/2071/7255 1213/3897/7256 901/2070/7257
f 119/3898/7258 624/3450/7259 625/3449/7260
f 450/3899/7261 367/2518/7262 245/3900/7263
f 1124/2305/7264 670/2304/7265 1192/3377/7266
f 579/1105/7267 848/1663/7268 371/702/7269
f 1157/1580/7270 314/3901/7271 1175/1989/7272
f 952/3902/7273 279/3903/7274 951/3904/7275
f 623/2046/7276 416/399/7277 217/401/7278
f 624/3905/7279 204/3906/7280 668/2314/7281
f 142/2297/7282 36/3907/7283 1104/2298/7284
f 1115/3908/7285 279/3909/7286 952/3910/7287
f 1048/1248/7288 401/1032/7289 190/1972/7290
f 1145/3324/7291 199/257/7292 1138/3691/7293
f 282/2455/7294 190/3911/7295 689/2549/7296
f 88/910/7297 469/909/7298 1049/3912/7299
f 160/601/7300 838/423/7301 141/3913/7302
f 557/747/7303 437/2003/7304 290/1038/7305
f 656/3914/7306 257/3915/7307 351/3916/7308
f 1028/3167/7309 879/3169/7310 6/3917/7311
f 1198/3918/7312 40/3919/7313 273/3920/7314
f 194/3433/7315 1007/407/7316 1226/409/7317
f 765/2344/7318 50/3921/7319 18/2345/7320
f 232/3887/7321 534/3922/7322 1073/3888/7323
f 771/1500/7324 546/3923/7325 15/1766/7326
f 1119/2293/7327 1180/3924/7328 742/3281/7329
f 409/3925/7330 173/744/7331 393/743/7332
f 409/3925/7333 410/3926/7334 173/744/7335
f 804/3927/7336 713/2065/7337 229/3589/7338
f 290/1038/7339 437/2003/7340 832/1089/7341
f 374/707/7342 946/3928/7343 1187/708/7344
f 802/3929/7345 773/3930/7346 803/3931/7347
f 355/3932/7348 354/3325/7349 1166/3327/7350
f 62/101/7351 748/3933/7352 749/2266/7353
f 682/3934/7354 1175/1142/7355 596/1141/7356
f 537/1004/7357 177/1006/7358 1056/3935/7359
f 1098/2143/7360 774/3936/7361 667/3541/7362
f 408/2326/7363 406/2462/7364 630/2461/7365
f 1048/1248/7366 1047/1250/7367 401/1032/7368
f 991/1968/7369 489/395/7370 1149/2371/7371
f 478/456/7372 669/2179/7373 652/457/7374
f 194/358/7375 309/3937/7376 195/3131/7377
f 1014/996/7378 1158/3938/7379 632/994/7380
f 315/606/7381 688/485/7382 780/1524/7383
f 794/2679/7384 1216/2678/7385 391/3939/7386
f 531/3940/7387 921/3941/7388 532/3942/7389
f 249/3499/7390 107/190/7391 106/189/7392
f 303/3943/7393 340/3944/7394 302/3945/7395
f 20/3946/7396 28/25/7397 22/27/7398
f 1144/356/7399 326/3947/7400 258/558/7401
f 993/463/7402 1040/889/7403 468/203/7404
f 917/3948/7405 785/1906/7406 318/1905/7407
f 668/3949/7408 1206/3430/7409 625/3950/7410
f 968/1701/7411 441/845/7412 872/2620/7413
f 695/1589/7414 878/1591/7415 1058/1718/7416
f 522/3951/7417 162/3952/7418 1159/3953/7419
f 607/774/7420 404/773/7421 395/2901/7422
f 169/256/7423 825/2768/7424 131/254/7425
f 784/812/7426 1172/3954/7427 425/810/7428
f 1237/1667/7429 1098/3069/7430 1060/1665/7431
f 1036/3955/7432 1033/1863/7433 1064/2091/7434
f 254/3389/7435 150/1366/7436 103/1365/7437
f 1192/3956/7438 679/2503/7439 1124/2504/7440
f 1222/3527/7441 1086/3529/7442 167/3957/7443
f 418/134/7444 419/1007/7445 835/3958/7446
f 1090/940/7447 973/3578/7448 1068/1015/7449
f 218/2964/7450 1146/3599/7451 217/2965/7452
f 697/3090/7453 698/225/7454 1238/1394/7455
f 200/3959/7456 1096/2446/7457 497/2445/7458
f 885/2897/7459 536/1087/7460 831/1086/7461
f 1240/3244/7462 891/2430/7463 884/3960/7464
f 341/658/7465 537/3791/7466 1056/154/7467
f 995/584/7468 508/3961/7469 157/2270/7470
f 971/1922/7471 464/1642/7472 1022/1641/7473
f 1109/3962/7474 99/1019/7475 547/1021/7476
f 598/1386/7477 540/3963/7478 835/1630/7479
f 195/3686/7480 309/3799/7481 572/1106/7482
f 839/458/7483 382/2710/7484 593/2545/7485
f 530/2114/7486 404/3964/7487 818/2112/7488
f 743/2376/7489 772/543/7490 289/1403/7491
f 1118/3965/7492 881/3966/7493 204/3967/7494
f 852/1947/7495 851/3426/7496 580/1820/7497
